<?xml version="1.0"?>
<?xml-stylesheet type="text/xsl" href="billres.xsl"?>
<!DOCTYPE resolution PUBLIC "-//US Congress//DTDs/res.dtd//EN" "res.dtd">
<resolution resolution-stage="Introduced-in-House" dms-id="H9CB72C31AAA048BEA5CAA3E79E1ACEE2" public-private="public" resolution-type="house-joint" star-print="no-star-print" key="H"><metadata xmlns:dc="http://purl.org/dc/elements/1.1/">
<dublinCore>
<dc:title>118 HJ 171 IH: Providing for congressional disapproval under chapter 8 of title 5, United States Code, of the proposed rule submitted by the Office of Refugee Resettlement of the Administration for Children and Families of the Department of Health and Human Services relating to the Unaccompanied Children Program Foundational Rule.</dc:title>
<dc:publisher>U.S. House of Representatives</dc:publisher>
<dc:date>2024-06-27</dc:date>
<dc:format>text/xml</dc:format>
<dc:language>EN</dc:language>
<dc:rights>Pursuant to Title 17 Section 105 of the United States Code, this file is not subject to copyright protection and is in the public domain.</dc:rights>
</dublinCore>
</metadata>
<form>
<distribution-code display="yes">IA</distribution-code><congress display="yes">118th CONGRESS</congress><session display="yes">2d Session</session><legis-num display="yes">H. J. RES. 171</legis-num><current-chamber>IN THE HOUSE OF REPRESENTATIVES</current-chamber><action display="yes"><action-date date="20240627">June 27, 2024</action-date><action-desc><sponsor name-id="M001177">Mr. McClintock</sponsor> (for himself, <cosponsor name-id="T000478">Ms. Tenney</cosponsor>, <cosponsor name-id="E000235">Mr. Ezell</cosponsor>, <cosponsor name-id="B001314">Mr. Bean of Florida</cosponsor>, <cosponsor name-id="O000086">Mr. Owens</cosponsor>, <cosponsor name-id="H001086">Mrs. Harshbarger</cosponsor>, <cosponsor name-id="T000165">Mr. Tiffany</cosponsor>, <cosponsor name-id="S001214">Mr. Steube</cosponsor>, <cosponsor name-id="M001212">Mr. Moore of Alabama</cosponsor>, <cosponsor name-id="A000377">Mr. Armstrong</cosponsor>, and <cosponsor name-id="F000471">Mr. Fitzgerald</cosponsor>) submitted the following joint resolution; which was referred to the <committee-name committee-id="HJU00">Committee on the Judiciary</committee-name></action-desc></action><legis-type>JOINT RESOLUTION</legis-type><official-title display="yes">Providing for congressional disapproval under <external-xref legal-doc="usc-chapter" parsable-cite="usc-chapter/5/8">chapter 8</external-xref> of title 5, United States Code, of the proposed rule submitted by the Office of Refugee Resettlement of the Administration for Children and Families of the Department of Health and Human Services relating to the Unaccompanied Children Program Foundational Rule.</official-title></form><resolution-body style="traditional" id="HC20B1FF15CA14C39AF6C35310D1C72F9"><section display-inline="yes-display-inline" section-type="undesignated-section" id="H209702F37921449E8CC37A36550389D7"><enum/><text>That Congress disapproves the final rule submitted by the Office of Refugee Resettlement of the Administration for Children and Families of the Department of Health and Human Services relating to <quote>Unaccompanied Children Program Foundational Rule</quote> (89 Fed. Reg. 34384 (April 30, 2024)), seeking to replace regulations relating to the key aspects of the placement, care, and services provided to unaccompanied alien children, and such proposed rule shall have no force or effect. </text></section></resolution-body></resolution> 

