<?xml version="1.0"?>
<?xml-stylesheet type="text/xsl" href="billres.xsl"?>
<!DOCTYPE resolution PUBLIC "-//US Congress//DTDs/res.dtd//EN" "res.dtd">
<resolution resolution-stage="Received-in-Senate" dms-id="HA52680F391334622A93F7B13CE1B15D3" public-private="public" resolution-type="house-joint" star-print="no-star-print" key="G" stage-count="1"><metadata xmlns:dc="http://purl.org/dc/elements/1.1/">
<dublinCore>
<dc:title>118 HJ 98 : Providing for congressional disapproval under chapter 8 of title 5, United States Code, of the rule submitted by the National Labor Relations Board relating to “Standard for Determining Joint Employer Status”.</dc:title>
<dc:publisher>U.S. House of Representatives</dc:publisher>
<dc:date>2024-01-16</dc:date>
<dc:format>text/xml</dc:format>
<dc:language>EN</dc:language>
<dc:rights>Pursuant to Title 17 Section 105 of the United States Code, this file is not subject to copyright protection and is in the public domain.</dc:rights>
</dublinCore>
</metadata>
<form>
<distribution-code display="yes">IIA</distribution-code><congress display="yes">118th CONGRESS</congress><session display="yes">2d Session</session><legis-num display="yes">H. J. RES. 98</legis-num><current-chamber>IN THE SENATE OF THE UNITED STATES</current-chamber><action><action-date date="20240116">January 16, 2024</action-date><action-desc>Received</action-desc></action><legis-type>JOINT RESOLUTION</legis-type><official-title display="yes">Providing for congressional disapproval under <external-xref legal-doc="usc-chapter" parsable-cite="usc-chapter/5/8">chapter 8</external-xref> of title 5, United States Code, of the rule submitted by the National Labor Relations Board relating to <quote>Standard for Determining Joint Employer Status</quote>.</official-title></form><resolution-body style="traditional" id="H7A443470951E474599D0729E4A43B1C7"><section display-inline="yes-display-inline" section-type="undesignated-section" id="HEEC9DA15978F42568B15D6AD7FD0CB98"><enum/><text>That Congress disapproves the rule submitted by the<pagebreak></pagebreak> National Labor Relations Board relating to <quote>Standard for Determining Joint Employer Status</quote> (88 Fed. Reg. 73946 (October 27, 2023)), and such rule shall have no force or effect.</text></section></resolution-body><attestation><attestation-group><attestation-date date="20240112" chamber="House">Passed the House of Representatives January 12, 2024.</attestation-date><attestor display="yes">Kevin F. McCumber,</attestor><role>Clerk.</role></attestation-group></attestation></resolution> 

