<?xml version="1.0"?>
<?xml-stylesheet type="text/xsl" href="billres.xsl"?>
<!DOCTYPE resolution PUBLIC "-//US Congress//DTDs/res.dtd//EN" "res.dtd">
<resolution resolution-stage="Introduced-in-House" dms-id="H03AE034F59FA4200AB756A5B5CA71BE9" public-private="public" resolution-type="house-concurrent" star-print="no-star-print" key="H"><metadata xmlns:dc="http://purl.org/dc/elements/1.1/">
<dublinCore>
<dc:title>118 HCON 121 IH: Expressing the sense of Congress that July 22 should be designated as a day of recognition to recognize the unsung heroes of America in wartime.</dc:title>
<dc:publisher>U.S. House of Representatives</dc:publisher>
<dc:date>2024-07-22</dc:date>
<dc:format>text/xml</dc:format>
<dc:language>EN</dc:language>
<dc:rights>Pursuant to Title 17 Section 105 of the United States Code, this file is not subject to copyright protection and is in the public domain.</dc:rights>
</dublinCore>
</metadata>
<form>
<distribution-code display="yes">IV</distribution-code><congress display="yes">118th CONGRESS</congress><session display="yes">2d Session</session><legis-num display="yes">H. CON. RES. 121</legis-num><current-chamber>IN THE HOUSE OF REPRESENTATIVES</current-chamber><action display="yes"><action-date date="20240722">July 22, 2024</action-date><action-desc><sponsor name-id="V000133">Mr. Van Drew</sponsor> submitted the following concurrent resolution; which was referred to the <committee-name committee-id="HGO00">Committee on Oversight and Accountability</committee-name></action-desc></action><legis-type>CONCURRENT RESOLUTION</legis-type><official-title display="yes">Expressing the sense of Congress that July 22 should be designated as a day of recognition to recognize the unsung heroes of America in wartime.</official-title></form><preamble><whereas><text>Whereas a great number of Americans have been overlooked for too many years who have contributed to the efforts in wartime by remaining home to work in factories and mills producing sails, uniforms, ammunition, and other essential materials;</text></whereas><whereas><text>Whereas America has done a great job in honoring our war heroes, but has largely neglected to commemorate those behind the scenes; and</text></whereas><whereas><text>Whereas we should take this day to remember all of those who supported our troops throughout American history off the battlefield supporting the efforts to defend our freedom and democracy: Now, therefore, be it</text></whereas></preamble><resolution-body style="OLC" id="HE61AC9F31D5346A5944C23688B5D5B8F"><section id="H072484BDB3DF460B98F02046CAA4FE29" display-inline="yes-display-inline" section-type="undesignated-section"><text display-inline="yes-display-inline">That it is the sense of Congress that the President should designate a day of recognition to recognize the unsung heroes of America in wartime. </text></section></resolution-body></resolution> 

