<?xml version="1.0"?>
<?xml-stylesheet type="text/xsl" href="billres.xsl"?>
<!DOCTYPE resolution PUBLIC "-//US Congress//DTDs/res.dtd//EN" "res.dtd">
<resolution resolution-stage="Introduced-in-House" dms-id="HAA7787DAD6B54E4B8241C44FE31ACF31" public-private="public" resolution-type="house-concurrent" star-print="no-star-print" key="H"><metadata xmlns:dc="http://purl.org/dc/elements/1.1/">
<dublinCore>
<dc:title>118 HCON 42 IH: Honoring Mary Eliza Mahoney, America’s first professionally trained Black nurse.</dc:title>
<dc:publisher>U.S. House of Representatives</dc:publisher>
<dc:date>2023-05-11</dc:date>
<dc:format>text/xml</dc:format>
<dc:language>EN</dc:language>
<dc:rights>Pursuant to Title 17 Section 105 of the United States Code, this file is not subject to copyright protection and is in the public domain.</dc:rights>
</dublinCore>
</metadata>
<form>
<distribution-code display="yes">IV</distribution-code><congress display="yes">118th CONGRESS</congress><session display="yes">1st Session</session><legis-num display="yes">H. CON. RES. 42</legis-num><current-chamber>IN THE HOUSE OF REPRESENTATIVES</current-chamber><action display="yes"><action-date date="20230511">May 11, 2023</action-date><action-desc><sponsor name-id="B001224">Ms. Bush</sponsor> (for herself, <cosponsor name-id="U000040">Ms. Underwood</cosponsor>, <cosponsor name-id="W000822">Mrs. Watson Coleman</cosponsor>, <cosponsor name-id="L000551">Ms. Lee of California</cosponsor>, <cosponsor name-id="W000788">Ms. Williams of Georgia</cosponsor>, <cosponsor name-id="G000551">Mr. Grijalva</cosponsor>, <cosponsor name-id="M001227">Mrs. McClellan</cosponsor>, <cosponsor name-id="B001313">Ms. Brown</cosponsor>, <cosponsor name-id="B001223">Mr. Bowman</cosponsor>, <cosponsor name-id="S001185">Ms. Sewell</cosponsor>, <cosponsor name-id="B001303">Ms. Blunt Rochester</cosponsor>, and <cosponsor name-id="S001200">Mr. Soto</cosponsor>) submitted the following concurrent resolution; which was referred to the <committee-name committee-id="HIF00">Committee on Energy and Commerce</committee-name></action-desc></action><legis-type>CONCURRENT RESOLUTION</legis-type><official-title display="yes">Honoring Mary Eliza Mahoney, America’s first professionally trained Black nurse.</official-title></form><preamble><whereas><text>Whereas Mary Eliza Mahoney was born May 7, 1845, in Dorchester, Massachusetts, to Charles Mahoney and Mary Jane Seward Mahoney-freed, formerly enslaved persons who had moved to Boston from North Carolina;</text></whereas><whereas><text>Whereas Mary Eliza Mahoney, at the age of 33, was accepted as a student nurse at the hospital-based program of nursing at the New England Hospital for Women and Children;</text></whereas><whereas><text>Whereas Mary Eliza Mahoney was 1 of 4 students, of a class of 42, who completed nursing at the New England Hospital for Women and Children in 1879;</text></whereas><whereas><text>Whereas Mary Eliza Mahoney devoted her time and efforts unselfishly to the National Association of Colored Graduate Nurses and was installed as the Official Chaplin;</text></whereas><whereas><text>Whereas Mary Eliza Mahoney’s motto was, <quote>Work more and better the coming year than the previous year.</quote>;</text></whereas><whereas><text>Whereas Mary Eliza Mahoney delivered the first annual keynote speech of the National Association of Colored Graduate Nurses and established the Mary Eliza Award, which today continues as the Mary Eliza Mahoney Award bestowed biennially by the American Nurses Association;</text></whereas><whereas><text>Whereas Mary Eliza Mahoney supported the suffrage movement and was the first Black professionally trained nurse to receive retirement benefits from a fund left by a Boston physician to care for 60 nurses, who received 25 dollars every 3 months as long as they lived;</text></whereas><whereas><text>Whereas Mary Eliza Mahoney served as the director of the Howard Orphanage Asylum for Black children in Kings Park, Long Island, in New York City from 1911 until 1912;</text></whereas><whereas><text>Whereas Mary Eliza Mahoney died on January 4, 1926, at the age of 80, after 3 years of battling breast cancer;</text></whereas><whereas><text>Whereas Mary Eliza Mahoney’s gravesite is in Woodlawn Cemetery, Everett, Massachusetts, and the headstone on her grave states, <quote>The First Professional Negro Nurse in the U.S.A.</quote>;</text></whereas><whereas><text>Whereas Mary Eliza Mahoney was inducted into the American Nurses Association Hall of Fame in 1976;</text></whereas><whereas><text>Whereas Mary Eliza Mahoney advanced the nursing profession by fostering high standards of nursing practice and confronting issues affecting professional nurses, such as the shortage of nurses;</text></whereas><whereas commented="no"><text>Whereas the COVID–19 pandemic worsened working conditions for nurses, and Forbes estimated in 2022 that 47 percent of health care workers left or are considering leaving the profession;</text></whereas><whereas><text>Whereas, today only 6.3 percent of the registered nurse workforce identify as Black out of the 4,300,000 registered nurses in the country, despite research proving Black nurses are critical for providing Black communities better health care; and</text></whereas><whereas><text>Whereas nursing is a critical investment to the delivery of high-quality, cost-effective patient care, and the Nation should invest in and value nursing care: Now, therefore, be it</text></whereas></preamble><resolution-body style="traditional" id="HAC4869C59F7C44D99D1F514C91D8D307"><section id="H8864F813404A44EFBA8F3309622642CF" section-type="undesignated-section" display-inline="yes-display-inline"><enum/><text display-inline="yes-display-inline">That Congress—</text><paragraph id="H465035BCCCC045F699FED0CB09A3104F"><enum>(1)</enum><text>honors Mary Eliza Mahoney, the first Black nurse, for an outstanding nursing career, dedication to the United States nursing profession, and exemplary contributions to local and national professional nursing organizations;</text></paragraph><paragraph id="H879AAD07B4CC4773BC1BF52234F13A1E"><enum>(2)</enum><text>recognizes Mary Eliza Mahoney as the first professionally trained Black nurse, and honors other Black nurses who practice nursing with distinction;</text></paragraph><paragraph id="HF907EAA74EB94F3B8DC1E19EBF6DF453"><enum>(3)</enum><text>honors and supports the goals and activities of National Nurses Week;</text></paragraph><paragraph id="HDF4BDE38D63B4FB8ADE9DEE89E00E778"><enum>(4)</enum><text>promotes further understanding and public awareness of the history of American nurses, particularly Black nurses, who practiced nursing with compassion and devotion and transmitted new scientific knowledge using science-based nursing practice; and</text></paragraph><paragraph id="H09C1C42ACCB0416F98C8C219F6D2E1CC"><enum>(5)</enum><text display-inline="yes-display-inline">advocates for Black, Latina, and other women of color to enter nursing and supports strategies to retain and bring back nurses who are considering leaving or have left the nursing profession.</text></paragraph></section></resolution-body></resolution> 

