<?xml version="1.0"?>
<?xml-stylesheet type="text/xsl" href="billres.xsl"?>
<!DOCTYPE resolution PUBLIC "-//US Congress//DTDs/res.dtd//EN" "res.dtd">
<resolution resolution-stage="Introduced-in-House" dms-id="HB2D880FC66A94795A71DAE54132B7C60" public-private="public" resolution-type="house-concurrent" star-print="no-star-print" key="H"><metadata xmlns:dc="http://purl.org/dc/elements/1.1/">
<dublinCore>
<dc:title>118 HCON 76 IH: Recognizing the difficult challenges Black veterans faced when returning home after serving in the Armed Forces, their heroic military sacrifices, and their patriotism in fighting for equal rights and for the dignity of a people and a Nation.</dc:title>
<dc:publisher>U.S. House of Representatives</dc:publisher>
<dc:date>2023-11-09</dc:date>
<dc:format>text/xml</dc:format>
<dc:language>EN</dc:language>
<dc:rights>Pursuant to Title 17 Section 105 of the United States Code, this file is not subject to copyright protection and is in the public domain.</dc:rights>
</dublinCore>
</metadata>
<form>
<distribution-code display="yes">IV</distribution-code><congress display="yes">118th CONGRESS</congress><session display="yes">1st Session</session><legis-num display="yes">H. CON. RES. 76</legis-num><current-chamber>IN THE HOUSE OF REPRESENTATIVES</current-chamber><action display="yes"><action-date date="20231109">November 9, 2023</action-date><action-desc><sponsor name-id="B001281">Mrs. Beatty</sponsor> (for herself, <cosponsor name-id="A000370">Ms. Adams</cosponsor>, <cosponsor name-id="L000551">Ms. Lee of California</cosponsor>, <cosponsor name-id="T000193">Mr. Thompson of Mississippi</cosponsor>, <cosponsor name-id="B001303">Ms. Blunt Rochester</cosponsor>, <cosponsor name-id="C001066">Ms. Castor of Florida</cosponsor>, <cosponsor name-id="C001127">Mrs. Cherfilus-McCormick</cosponsor>, <cosponsor name-id="C001067">Ms. Clarke of New York</cosponsor>, <cosponsor name-id="C001061">Mr. Cleaver</cosponsor>, <cosponsor name-id="C000537">Mr. Clyburn</cosponsor>, <cosponsor name-id="C001068">Mr. Cohen</cosponsor>, <cosponsor name-id="C001059">Mr. Costa</cosponsor>, <cosponsor name-id="C001130">Ms. Crockett</cosponsor>, <cosponsor name-id="D000096">Mr. Davis of Illinois</cosponsor>, <cosponsor name-id="D000617">Ms. DelBene</cosponsor>, <cosponsor name-id="E000297">Mr. Espaillat</cosponsor>, <cosponsor name-id="E000296">Mr. Evans</cosponsor>, <cosponsor name-id="W000808">Ms. Wilson of Florida</cosponsor>, <cosponsor name-id="H001081">Mrs. Hayes</cosponsor>, <cosponsor name-id="H001038">Mr. Higgins of New York</cosponsor>, <cosponsor name-id="N000147">Ms. Norton</cosponsor>, <cosponsor name-id="H001066">Mr. Horsford</cosponsor>, <cosponsor name-id="J000032">Ms. Jackson Lee</cosponsor>, <cosponsor name-id="J000288">Mr. Johnson of Georgia</cosponsor>, <cosponsor name-id="J000309">Mr. Jackson of Illinois</cosponsor>, <cosponsor name-id="K000385">Ms. Kelly of Illinois</cosponsor>, <cosponsor name-id="K000381">Mr. Kilmer</cosponsor>, <cosponsor name-id="L000562">Mr. Lynch</cosponsor>, <cosponsor name-id="M001208">Mrs. McBath</cosponsor>, <cosponsor name-id="M001227">Ms. McClellan</cosponsor>, <cosponsor name-id="M001220">Mr. McGarvey</cosponsor>, <cosponsor name-id="M001137">Mr. Meeks</cosponsor>, <cosponsor name-id="M001160">Ms. Moore of Wisconsin</cosponsor>, <cosponsor name-id="P000604">Mr. Payne</cosponsor>, <cosponsor name-id="P000617">Ms. Pressley</cosponsor>, <cosponsor name-id="S001185">Ms. Sewell</cosponsor>, <cosponsor name-id="B001313">Ms. Brown</cosponsor>, <cosponsor name-id="S001200">Mr. Soto</cosponsor>, <cosponsor name-id="L000602">Ms. Lee of Pennsylvania</cosponsor>, <cosponsor name-id="S001223">Mrs. Sykes</cosponsor>, <cosponsor name-id="T000486">Mr. Torres of New York</cosponsor>, <cosponsor name-id="C001125">Mr. Carter of Louisiana</cosponsor>, <cosponsor name-id="V000131">Mr. Veasey</cosponsor>, <cosponsor name-id="W000822">Mrs. Watson Coleman</cosponsor>, <cosponsor name-id="W000788">Ms. Williams of Georgia</cosponsor>, <cosponsor name-id="S000185">Mr. Scott of Virginia</cosponsor>, <cosponsor name-id="B000490">Mr. Bishop of Georgia</cosponsor>, and <cosponsor name-id="S001159">Ms. Strickland</cosponsor>) submitted the following concurrent resolution; which was referred to the <committee-name committee-id="HVR00">Committee on Veterans' Affairs</committee-name></action-desc></action><legis-type>CONCURRENT RESOLUTION</legis-type><official-title display="yes">Recognizing the difficult challenges Black veterans faced when returning home after serving in the Armed Forces, their heroic military sacrifices, and their patriotism in fighting for equal rights and for the dignity of a people and a Nation.</official-title></form><preamble><whereas><text>Whereas there has been no war fought by or within the United States in which Blacks did not participate, including the Revolutionary War, the Civil War, the War of 1812, the Spanish American War, World Wars I and II, the Korean War, the Vietnam War, the Gulf War, Operation Enduring Freedom, and Operation Iraqi Freedom;</text></whereas><whereas><text>Whereas Frederick Douglass voiced his opinion in one of his autobiographies, <quote>Life and Times of Frederick Douglass</quote>, writing, <quote>I … urged every man who could, to enlist; to get an eagle on his button, a musket on his shoulder, the star-spangled banner over his head</quote>, later remarking that <quote>there is no power on Earth which can deny that he has earned the right to citizenship in the United States.</quote>;</text></whereas><whereas><text>Whereas, during the Civil War, Black soldiers, commonly referred to as the United States Colored Troops, were treated as second-class citizens, the health care and hospitals available to them were substandard, and they often died from neglect of services that were supposed to be administered by medical personnel;</text></whereas><whereas><text>Whereas Dr. W.E.B. DuBois and William Monroe Trotter, members of the first generation of freedom's children, founded the Niagara Movement in 1905;</text></whereas><whereas><text>Whereas, in his book, <quote>Black Reconstruction in America</quote>, published in 1935, DuBois wrote that <quote>[n]othing else made Negro citizenship conceivable, but the record of the Negro soldier as a fighter.</quote>;</text></whereas><whereas><text>Whereas the 369th Infantry, known as the Harlem Hell-fighters, fought the Germans during World War I as part of the French Army and served the longest stretch in combat, 191 days without replacement, without losing a foot of ground or a man as prisoner;</text></whereas><whereas><text>Whereas at the end of the service of the 369th Infantry, the entire regiment received the Croix de Guerre, which was France's highest military honor, from a grateful French nation;</text></whereas><whereas><text>Whereas Alain Locke, the first Black Rhodes Scholar, wrote in 1925 about a <quote>New Negro</quote> who had returned from battle with a bold new spirit that helped spark a new mood in the Black community;</text></whereas><whereas><text>Whereas, in 1917, Charles Hamilton Houston encountered racism after entering World War I as a commissioned first lieutenant in the segregated 17th Provisional Training Regiment, later writing that <quote>I made up my mind that if I got through this war I would study law and use my time fighting for men who could not strike back.</quote>;</text></whereas><whereas><text>Whereas Dorie Miller, a messman attendant in the Navy, was catapulted to national hero status and an icon to generations, after displaying heroism on board the USS West Virginia during the Japanese attack on Pearl Harbor on December 7, 1941;</text></whereas><whereas><text>Whereas before becoming a famous baseball player, Jackie Robinson was court-martialed in the Army for refusing to sit in the back of the bus in 1944, and when he was later acquitted, he wrote that <quote>[i]t was a small victory, for I had learned that I was in two wars, one against the foreign enemy, the other against prejudice at home.</quote>;</text></whereas><whereas><text>Whereas the famed Tuskegee Airmen, a group of Black pilots, flew with distinction during World War II under the command of Captain Benjamin O. Davis, Jr., the highly decorated officer who served for more than 35 years and became the first Black general in the Air Force;</text></whereas><whereas><text>Whereas, during World War II, the 6888 (known as the <quote>Six Triple Eights</quote>), the first all-woman Black Postal Battalion who served in England and then France, were given the daunting task of clearing out a 2-year backlog of over 90,000 pieces of mail, succeeded in their mission, completed it in 3 months, and went on to make a positive impact on racial integration in the military;</text></whereas><whereas><text>Whereas, during World War II, the Army’s 92nd Infantry Division, better known as the <quote>Buffalo Soldiers</quote>, which traces its direct lineage back to the 9th and 10th Cavalry units from 1866 to the early 1890s, was the only Black segregated unit to experience combat during the Italian campaign of 1944–1945 with several members later earning Medals of Honor for bravery;</text></whereas><whereas><text>Whereas Reverend Benjamin Hooks, who served in the 92nd Division, found himself in the humiliating position of guarding Italian prisoners of war who were allowed to eat in restaurants that were off-limits to him;</text></whereas><whereas><text>Whereas even after President Truman issued Executive Order 9981 desegregating the military on July 26, 1948, discrimination continued;</text></whereas><whereas><text>Whereas, in 1946, when Charles and Medgar Evers tried to register to vote, they were turned away at the polling station;</text></whereas><whereas><text>Whereas after serving overseas in the Army, Charles and Medgar Evers returned home to Mississippi where, in 1952, they began to organize voter registration drives for the National Association for the Advancement of Colored People (NAACP);</text></whereas><whereas><text>Whereas Oliver L. Brown, a World War II Army veteran from Kansas, and Harry Briggs, a World War II sailor from South Carolina, were the fathers of two of the five named plaintiffs in Brown v. Board of Education of Topeka and Briggs v. Elliott, the historic school desegregation cases of 1954;</text></whereas><whereas><text>Whereas the Black heroes and heroines of World War II and the Korean War, such as Private Sarah Keys and Women's Army Corps (WAC) officer Dovey Roundtree, won significant victories against discrimination in interstate transportation in landmark civil rights cases, including Keys v. Carolina Coach Company, which was decided in 1955, six days before Rosa Parks’ historic protest of Alabama's Jim Crow laws in Montgomery;</text></whereas><whereas><text>Whereas, in his address at Riverside Church on April 4, 1967, Dr. Martin Luther King, Jr., commented on the irony of Blacks fighting in Vietnam to guarantee liberties in Southeast Asia while not enjoying the same rights at home;</text></whereas><whereas><text>Whereas Black veterans who were in the forefront of the leadership of the Civil Rights Movement, with their strong resolve to address the paradox of military service abroad and the denial of basic rights at home, brought deeper meaning to the word <quote>democracy</quote>, and through their example, transformed the face of the United States;</text></whereas><whereas><text>Whereas the Black veterans of the Nation’s wars sowed the seeds for today's bountiful harvest through the Niagara Movement, the NAACP, and the latter-day Civil Rights Movement, all of which share a common ancestry in the Civil War, without which there would be no Civil Rights Movement and no equal rights for all Americans; and</text></whereas><whereas><text>Whereas today, Black veterans suffer at a disproportionate rate from chronic illnesses and homelessness and are plagued by health disparities: Now, therefore, be it</text></whereas></preamble><resolution-body style="traditional" id="HD28A9C07164A4A8F8F7A54539FEE9DAD"><section display-inline="yes-display-inline" section-type="undesignated-section" id="HFD73309C1C9E4290ADE63D5203847D25"><enum/><text>That Congress recognizes—</text><paragraph id="HD03985F56BD74E86999C304B0CC6DDF9"><enum>(1)</enum><text display-inline="yes-display-inline">the difficult challenges Black veterans faced when returning home after serving in the Armed Forces, their heroic military sacrifices, and their patriotism in fighting for equal rights and for the dignity of a people and a Nation; and</text></paragraph><paragraph id="H250A3C69AEDB41F691A1DD280B953C7A"><enum>(2)</enum><text>the need for the Department of Veterans Affairs to continue to work to eliminate any health and benefit disparities for our Nation's minority veterans.</text></paragraph></section></resolution-body></resolution> 

