<?xml version="1.0"?>
<?xml-stylesheet type="text/xsl" href="billres.xsl"?>
<!DOCTYPE resolution PUBLIC "-//US Congress//DTDs/res.dtd//EN" "res.dtd">
<resolution resolution-stage="Introduced-in-House" dms-id="HC3D4F9B1E0394EDCBF352110C1ED7C51" public-private="public" resolution-type="house-concurrent" star-print="no-star-print" key="H"><metadata xmlns:dc="http://purl.org/dc/elements/1.1/">
<dublinCore>
<dc:title>118 HCON 118 IH: Recognizing the significance of equal pay and the disparity in wages paid to men and to Black women.</dc:title>
<dc:publisher>U.S. House of Representatives</dc:publisher>
<dc:date>2024-07-09</dc:date>
<dc:format>text/xml</dc:format>
<dc:language>EN</dc:language>
<dc:rights>Pursuant to Title 17 Section 105 of the United States Code, this file is not subject to copyright protection and is in the public domain.</dc:rights>
</dublinCore>
</metadata>
<form>
<distribution-code display="yes">IV</distribution-code><congress display="yes">118th CONGRESS</congress><session display="yes">2d Session</session><legis-num display="yes">H. CON. RES. 118</legis-num><current-chamber>IN THE HOUSE OF REPRESENTATIVES</current-chamber><action display="yes"><action-date date="20240709">July 9, 2024</action-date><action-desc><sponsor name-id="A000370">Ms. Adams</sponsor> (for herself, <cosponsor name-id="W000822">Mrs. Watson Coleman</cosponsor>, <cosponsor name-id="F000462">Ms. Lois Frankel of Florida</cosponsor>, <cosponsor name-id="M001135">Ms. Manning</cosponsor>, <cosponsor name-id="C001072">Mr. Carson</cosponsor>, <cosponsor name-id="S001215">Ms. Stevens</cosponsor>, <cosponsor name-id="F000477">Mrs. Foushee</cosponsor>, <cosponsor name-id="W000788">Ms. Williams of Georgia</cosponsor>, <cosponsor name-id="S000510">Mr. Smith of Washington</cosponsor>, <cosponsor name-id="B001278">Ms. Bonamici</cosponsor>, <cosponsor name-id="V000081">Ms. Velázquez</cosponsor>, <cosponsor name-id="M001196">Mr. Moulton</cosponsor>, <cosponsor name-id="N000147">Ms. Norton</cosponsor>, <cosponsor name-id="O000173">Ms. Omar</cosponsor>, <cosponsor name-id="G000583">Mr. Gottheimer</cosponsor>, <cosponsor name-id="W000826">Ms. Wild</cosponsor>, <cosponsor name-id="L000602">Ms. Lee of Pennsylvania</cosponsor>, <cosponsor name-id="H000874">Mr. Hoyer</cosponsor>, <cosponsor name-id="G000559">Mr. Garamendi</cosponsor>, <cosponsor name-id="C001127">Mrs. Cherfilus-McCormick</cosponsor>, and <cosponsor name-id="E000297">Mr. Espaillat</cosponsor>) submitted the following concurrent resolution; which was referred to the <committee-name committee-id="HED00">Committee on Education and the Workforce</committee-name></action-desc></action><legis-type>CONCURRENT RESOLUTION</legis-type><official-title display="yes">Recognizing the significance of equal pay and the disparity in wages paid to men and to Black women.</official-title></form><preamble><whereas><text>Whereas July 9, 2024, is Black Women’s Equal Pay Day, which marks the day that symbolizes how long into 2024 Black women must work to make what White, non-Hispanic men were paid in 2023;</text></whereas><whereas><text>Whereas section 6(d) of the Fair Labor Standards Act of 1938 (<external-xref legal-doc="usc" parsable-cite="usc/29/206">29 U.S.C. 206(d)</external-xref>) prohibits discrimination in compensation for equal work on the basis of sex;</text></whereas><whereas><text>Whereas title VII of the Civil Rights Act of 1964 (<external-xref legal-doc="usc" parsable-cite="usc/42/2000e">42 U.S.C. 2000e et seq.</external-xref>) prohibits discrimination in compensation because of race, color, religion, national origin, or sex;</text></whereas><whereas><text>Whereas, despite the passage of the Equal Pay Act of 1963 (<external-xref legal-doc="usc" parsable-cite="usc/29/206">29 U.S.C. 206</external-xref> note) 6 decades ago, which requires that men and women in the same workplace be given equal pay for equal work, Census Bureau data show that Black women working full time, year-round, are paid 69 cents for every dollar paid to White, non-Hispanic men;</text></whereas><whereas><text>Whereas when part-time and part-year workers are included in the comparison, Black women are paid 66 cents for every dollar paid to White, non-Hispanic men;</text></whereas><whereas><text>Whereas if the current trends continue, on average, Black women will have to wait over 100 years to achieve equal pay;</text></whereas><whereas><text>Whereas the median annual pay for a Black woman in the United States working full time, year-round, is $49,480, which means that, if the current wage gap were to continue, the average Black woman would lose nearly $884,800 in potential earnings to the wage gap over the course of a 40-year career;</text></whereas><whereas><text>Whereas lost wages mean Black women have less money to support themselves and their families, save and invest for the future, and spend on goods and services, causing businesses and the economy to suffer as a result;</text></whereas><whereas><text>Whereas Black women’s median earnings are less than men’s at every level of academic achievement;</text></whereas><whereas><text>Whereas Black women with bachelor’s and master’s degrees experience a higher wage gap in comparison to White, non-Hispanic men than Black women with a high school diploma;</text></whereas><whereas><text>Whereas, in the United States, more than 68 percent of Black mothers are the sole or primary breadwinners for their families, compared to just more than one-third percent of non-Hispanic White mothers;</text></whereas><whereas><text>Whereas the lack of access to affordable, quality childcare, paid family and medical leave, paid sick leave, and other family friendly workplace policies contributes to the wage gap by forcing many Black women to choose between their paycheck or job and getting quality care for themselves or their family members;</text></whereas><whereas><text>Whereas if the wage gap were eliminated, on average, a Black woman working full time would have enough money for over 2 additional years of tuition and fees for a 4-year public university, the full cost of tuition and fees for a public 2-year community college, more than 41 additional months of premiums for employer-based family health insurance coverage with employer contributions, over 50 weeks of food for a family of 4, more than 12 additional months of home ownership costs, including mortgage payments, real estate taxes, insurance, utilities, and fuel costs, 17 more months of rental costs, including rent payments, utilities, and fuel, or enough money to pay off an average borrower’s Federal student loan debt in under 2 years;</text></whereas><whereas><text>Whereas 38 percent of women have been sexually harassed at the workplace and over 78 percent of sexual harassment charges filed with the Equal Employment Opportunity Commission are filed by women, yet research has found that only a small number of women who experience harassment formally report incidents for reasons including fear of retaliation;</text></whereas><whereas><text>Whereas workplace harassment forces many women to leave their occupation or industry;</text></whereas><whereas><text>Whereas targets of harassment were 6.5 times as likely as nontargets to change jobs or pass up opportunities for advancement, contributing to the gender wage gap;</text></whereas><whereas><text>Whereas Black women were the most likely of all racial and ethnic groups to have filed a sexual harassment charge;</text></whereas><whereas><text>Whereas nearly two-thirds of workers paid the minimum wage or less are women, and there is an overrepresentation of women of color in low-wage and tipped occupations;</text></whereas><whereas><text>Whereas 60 percent of private sector workers reported that they were either discouraged or prohibited by their employers from discussing wage and salary information, which can hide pay discrimination and prevent remedies;</text></whereas><whereas><text>Whereas the pay disparity Black women face is part of a wider set of disparities Black women face in home ownership, unemployment, poverty, access to childcare, and the ability to accumulate wealth;</text></whereas><whereas><text>Whereas the gender wage gap for Black women has only narrowed by 5 cents in the last 2 decades;</text></whereas><whereas><text>Whereas true pay equity requires a multifaceted strategy that addresses the gendered and racial injustices that Black women face daily;</text></whereas><whereas><text>Whereas the pandemic has disproportionately economically impacted Black women; and</text></whereas><whereas><text>Whereas many national organizations have designated July 9, 2024, as Black Women’s Equal Pay Day to represent the additional time that women must work to compensate for the lower wages paid to Black women last year: Now, therefore, be it</text></whereas></preamble><resolution-body style="OLC" id="HCFF35DA4FB674548A9797B81BBB03A62"><section display-inline="yes-display-inline" section-type="undesignated-section" id="HF8FDE8121B8C490A906D1FDB457BD4FA"><text>That Congress—</text><paragraph id="H0AD1ADB86A004FC9BDC792BB61B0A897"><enum>(1)</enum><text display-inline="yes-display-inline">recognizes the disparity in wages paid to Black women and its impact on women, families, and the United States; and</text></paragraph><paragraph id="H94A0E60DE0EA4093ADDC18D7CC53BBD8"><enum>(2)</enum><text>reaffirms its support for ensuring equal pay for equal work and narrowing the gender wage gap.</text></paragraph></section></resolution-body></resolution> 

