<?xml version="1.0"?>
<?xml-stylesheet type="text/xsl" href="billres.xsl"?>
<!DOCTYPE resolution PUBLIC "-//US Congress//DTDs/res.dtd//EN" "res.dtd">
<resolution resolution-stage="Introduced-in-House" dms-id="HA5FB50116D7C4F53B12D41675060E4BD" public-private="public" resolution-type="house-joint" star-print="no-star-print" key="H">
<metadata xmlns:dc="http://purl.org/dc/elements/1.1/">
<dublinCore>
<dc:title>118 HJ 15 IH: Proposing a balanced budget amendment to the Constitution of the United States.</dc:title>
<dc:publisher>U.S. House of Representatives</dc:publisher>
<dc:date>2023-01-11</dc:date>
<dc:format>text/xml</dc:format>
<dc:language>EN</dc:language>
<dc:rights>Pursuant to Title 17 Section 105 of the United States Code, this file is not subject to copyright protection and is in the public domain.</dc:rights>
</dublinCore>
</metadata>
<form>
<distribution-code display="yes">IA</distribution-code>
<congress display="yes">118th CONGRESS</congress>
<session display="yes">1st Session</session>
<legis-num display="yes">H. J. RES. 15</legis-num>
<current-chamber>IN THE HOUSE OF REPRESENTATIVES</current-chamber>
<action display="yes">
<action-date date="20230111">January 11, 2023</action-date>
<action-desc><sponsor name-id="O000019">Mr. Obernolte</sponsor> submitted the following joint resolution; which was referred to the <committee-name committee-id="HJU00">Committee on the Judiciary</committee-name></action-desc>
</action>
<legis-type>JOINT RESOLUTION</legis-type>
<official-title display="yes">Proposing a balanced budget amendment to the Constitution of the United States.</official-title>
</form>
<resolution-body style="constitutional-amendment" id="H65C3EB7D4001425C80D48F3613E54B1A">
<section display-inline="yes-display-inline" section-type="undesignated-section" id="HFADDF7AED2614233B2CBCF66DE1258F1"><text display-inline="yes-display-inline">That the following article is proposed as an amendment to the Constitution of the United States, which shall be valid to all intents and purposes as part of the Constitution when ratified by the legislatures of three-fourths of the several States within seven years after the date of its submission for ratification: </text> <quoted-block style="traditional" id="HC25B36D1B23C4FACAF6F30AFCB17F473" display-inline="no-display-inline"><constitution-article id="H5ADAA1152A744D459B6EE51BC05F04D9"><enum> —</enum> <section id="H19B1435234634CC5A38C6FD75096F794" section-type="section-one"><enum>1.</enum><text display-inline="yes-display-inline">Total outlays for any fiscal year shall not exceed total receipts for that fiscal year, unless two-thirds of the whole number of each House of Congress shall provide by law for a specific excess of outlays over receipts by a rollcall vote.</text></section>
<section id="HB01F18D67FA34BF0968483D742FD7366" section-type="section-one"><enum>2.</enum><text display-inline="yes-display-inline">Prior to each fiscal year, the President shall transmit to the Congress a proposed budget for the United States Government for that fiscal year in which total outlays do not exceed total receipts.</text></section> <section id="H88F87A6DD6304E2A9D5FF3BF4142A35C" section-type="section-one"><enum>3.</enum><text display-inline="yes-display-inline">The Congress shall enforce and implement this article by appropriate legislation, which may rely on estimates of outlays and receipts.</text></section>
<section id="HF97260DF70024752B9375050D1F6AD86" section-type="section-one"><enum>4.</enum><text display-inline="yes-display-inline">Total receipts shall include all receipts of the United States Government except those derived from borrowing. Total outlays shall include all outlays of the United States Government except for those for repayment of debt principal.</text></section> <section id="HA031117956304C7F98A0DD5F581C8D5B" section-type="section-one"><enum>5.</enum><text display-inline="yes-display-inline">This article shall take effect beginning with the fifth fiscal year beginning after its ratification.</text></section></constitution-article><after-quoted-block>.</after-quoted-block></quoted-block></section>
</resolution-body>
</resolution> 


