<mods xmlns:xlink="http://www.w3.org/1999/xlink" xmlns:xsi="http://www.w3.org/2001/XMLSchema-instance" xmlns="http://www.loc.gov/mods/v3" version="3.3" xsi:schemaLocation="http://www.loc.gov/mods/v3 http://www.loc.gov/standards/mods/v3/mods-3-3.xsd" ID="P0b002ee1cb9cfd0a">
    <name type="corporate">
         <namePart>United States Government Publishing Office</namePart>
         <role>
              <roleTerm authority="marcrelator" type="text">publisher</roleTerm>
              <roleTerm authority="marcrelator" type="code">pbl</roleTerm>
        </role>
         <role>
              <roleTerm authority="marcrelator" type="text">distributor</roleTerm>
              <roleTerm authority="marcrelator" type="code">dst</roleTerm>
        </role>
    </name>
    <name type="corporate">
         <namePart>United States</namePart>
         <namePart>Congress</namePart>
         <namePart>House of Representatives</namePart>
         <role>
              <roleTerm authority="marcrelator" type="text">author</roleTerm>
              <roleTerm authority="marcrelator" type="code">aut</roleTerm>
        </role>
         <description>Government Organization</description>
    </name>
    <typeOfResource>text</typeOfResource>
    <genre authority="marcgt">government publication</genre>
    <language>
         <languageTerm type="code" authority="iso639-2b">eng</languageTerm>
    </language>
    <extension>
         <collectionCode>BILLS</collectionCode>
         <searchTitle>Supporting the designation of the week of September 22 through September 28, 2024, as National Fall Prevention Awareness Week to raise awareness about, and encourage the prevention of, falls among older adults.;H. Con. Res. 129 (IH)
    </searchTitle>
         <category>Bills and Statutes</category>
         <waisDatabaseName>118_cong_bills</waisDatabaseName>
         <branch>legislative</branch>
         <dateIngested>2024-09-24</dateIngested>
    </extension>
    <titleInfo>
         <title>Supporting the designation of the week of September 22 through September 28, 2024, as National Fall Prevention Awareness Week to raise awareness about, and encourage the prevention of, falls among older adults.</title>
    </titleInfo>
    <titleInfo type="alternative">
         <title>H. Con. Res. 129 (IH)
    </title>
    </titleInfo>
    <originInfo>
         <publisher>U.S. Government Publishing Office</publisher>
         <dateIssued encoding="w3cdtf">2024-09-23</dateIssued>
         <issuance>monographic</issuance>
    </originInfo>
    <physicalDescription>
         <note type="source content type">deposited</note>
         <digitalOrigin>born digital</digitalOrigin>
         <extent>3 p.</extent>
    </physicalDescription>
    <classification authority="sudocs">Y 1.6:</classification>
    <classification authority="sudocs">Y 1.4/9:</classification>
    <identifier type="local">P0b002ee1cb9cfd0a</identifier>
    <identifier type="uri">https://www.govinfo.gov/app/details/BILLS-118hconres129ih</identifier>
    <identifier type="preferred citation">H. Con. Res. 129</identifier>
    <identifier type="stock number">021-610-00252-9</identifier>
    <identifier type="Parent ILS system id">000501532</identifier>
    <identifier type="Child ILS system id">000325575</identifier>
    <identifier type="Parent ILS title">Congressional bills</identifier>
    <identifier type="Child ILS title">House concurrent resolutions</identifier>
    <identifier type="former package identifier">f:hc129_ih.txt</identifier>
    <location>
         <url displayLabel="Content Detail" access="object in context">https://www.govinfo.gov/app/details/BILLS-118hconres129ih</url>
         <url displayLabel="HTML rendition" access="raw object">https://www.govinfo.gov/content/pkg/BILLS-118hconres129ih/html/BILLS-118hconres129ih.htm</url>
         <url displayLabel="PDF rendition" access="raw object">https://www.govinfo.gov/content/pkg/BILLS-118hconres129ih/pdf/BILLS-118hconres129ih.pdf</url>
         <url displayLabel="XML rendition" access="raw object">https://www.govinfo.gov/content/pkg/BILLS-118hconres129ih/xml/BILLS-118hconres129ih.xml</url>
    </location>
    <accessCondition type="GPO scope determination">fdlp</accessCondition>
    <recordInfo>
         <recordContentSource authority="marcorg">DGPO</recordContentSource>
         <recordCreationDate encoding="w3cdtf">2024-09-24</recordCreationDate>
         <recordChangeDate encoding="w3cdtf">2024-09-24</recordChangeDate>
         <recordIdentifier source="DGPO">BILLS-118hconres129ih</recordIdentifier>
         <recordOrigin>machine generated</recordOrigin>
         <languageOfCataloging>
              <languageTerm type="code" authority="iso639-2b">eng</languageTerm>
        </languageOfCataloging>
    </recordInfo>
    <name type="personal">
         <namePart>Lois Frankel</namePart>
         <affiliation>United States House of Representatives</affiliation>
         <role>
              <roleTerm authority="marcrelator" type="text">sponsor</roleTerm>
              <roleTerm authority="marcrelator" type="code">spn</roleTerm>
        </role>
         <description>United States Congress Member</description>
    </name>
    <name type="personal">
         <namePart>Carol D. Miller</namePart>
         <affiliation>United States House of Representatives</affiliation>
         <role>
              <roleTerm type="text">cosponsor</roleTerm>
        </role>
         <description>United States Congress Member</description>
    </name>
    <name type="personal">
         <namePart>Joseph D. Morelle</namePart>
         <affiliation>United States House of Representatives</affiliation>
         <role>
              <roleTerm type="text">cosponsor</roleTerm>
        </role>
         <description>United States Congress Member</description>
    </name>
    <name type="personal">
         <namePart>Seth Magaziner</namePart>
         <affiliation>United States House of Representatives</affiliation>
         <role>
              <roleTerm type="text">cosponsor</roleTerm>
        </role>
         <description>United States Congress Member</description>
    </name>
    <name type="personal">
         <namePart>Gus M. Bilirakis</namePart>
         <affiliation>United States House of Representatives</affiliation>
         <role>
              <roleTerm type="text">cosponsor</roleTerm>
        </role>
         <description>United States Congress Member</description>
    </name>
    <name type="personal">
         <namePart>Colin Z. Allred</namePart>
         <affiliation>United States House of Representatives</affiliation>
         <role>
              <roleTerm type="text">cosponsor</roleTerm>
        </role>
         <description>United States Congress Member</description>
    </name>
    <name type="personal">
         <namePart>Ami Bera</namePart>
         <affiliation>United States House of Representatives</affiliation>
         <role>
              <roleTerm type="text">cosponsor</roleTerm>
        </role>
         <description>United States Congress Member</description>
    </name>
    <name type="personal">
         <namePart>Nikki Budzinski</namePart>
         <affiliation>United States House of Representatives</affiliation>
         <role>
              <roleTerm type="text">cosponsor</roleTerm>
        </role>
         <description>United States Congress Member</description>
    </name>
    <name type="personal">
         <namePart>Kathy Castor</namePart>
         <affiliation>United States House of Representatives</affiliation>
         <role>
              <roleTerm type="text">cosponsor</roleTerm>
        </role>
         <description>United States Congress Member</description>
    </name>
    <name type="personal">
         <namePart>Emanuel Cleaver</namePart>
         <affiliation>United States House of Representatives</affiliation>
         <role>
              <roleTerm type="text">cosponsor</roleTerm>
        </role>
         <description>United States Congress Member</description>
    </name>
    <name type="personal">
         <namePart>Donald G. Davis</namePart>
         <affiliation>United States House of Representatives</affiliation>
         <role>
              <roleTerm type="text">cosponsor</roleTerm>
        </role>
         <description>United States Congress Member</description>
    </name>
    <name type="personal">
         <namePart>Madeleine Dean</namePart>
         <affiliation>United States House of Representatives</affiliation>
         <role>
              <roleTerm type="text">cosponsor</roleTerm>
        </role>
         <description>United States Congress Member</description>
    </name>
    <name type="personal">
         <namePart>Jahana Hayes</namePart>
         <affiliation>United States House of Representatives</affiliation>
         <role>
              <roleTerm type="text">cosponsor</roleTerm>
        </role>
         <description>United States Congress Member</description>
    </name>
    <name type="personal">
         <namePart>Henry C. &quot;Hank&quot; Johnson, Jr.</namePart>
         <affiliation>United States House of Representatives</affiliation>
         <role>
              <roleTerm type="text">cosponsor</roleTerm>
        </role>
         <description>United States Congress Member</description>
    </name>
    <name type="personal">
         <namePart>Marcy Kaptur</namePart>
         <affiliation>United States House of Representatives</affiliation>
         <role>
              <roleTerm type="text">cosponsor</roleTerm>
        </role>
         <description>United States Congress Member</description>
    </name>
    <name type="personal">
         <namePart>Ro Khanna</namePart>
         <affiliation>United States House of Representatives</affiliation>
         <role>
              <roleTerm type="text">cosponsor</roleTerm>
        </role>
         <description>United States Congress Member</description>
    </name>
    <name type="personal">
         <namePart>Michael Lawler</namePart>
         <affiliation>United States House of Representatives</affiliation>
         <role>
              <roleTerm type="text">cosponsor</roleTerm>
        </role>
         <description>United States Congress Member</description>
    </name>
    <name type="personal">
         <namePart>Doris O. Matsui</namePart>
         <affiliation>United States House of Representatives</affiliation>
         <role>
              <roleTerm type="text">cosponsor</roleTerm>
        </role>
         <description>United States Congress Member</description>
    </name>
    <name type="personal">
         <namePart>Jared Moskowitz</namePart>
         <affiliation>United States House of Representatives</affiliation>
         <role>
              <roleTerm type="text">cosponsor</roleTerm>
        </role>
         <description>United States Congress Member</description>
    </name>
    <name type="personal">
         <namePart>Jerrold Nadler</namePart>
         <affiliation>United States House of Representatives</affiliation>
         <role>
              <roleTerm type="text">cosponsor</roleTerm>
        </role>
         <description>United States Congress Member</description>
    </name>
    <name type="personal">
         <namePart>Eleanor Holmes Norton</namePart>
         <affiliation>United States House of Representatives</affiliation>
         <role>
              <roleTerm type="text">cosponsor</roleTerm>
        </role>
         <description>United States Congress Member</description>
    </name>
    <name type="personal">
         <namePart>Mark Pocan</namePart>
         <affiliation>United States House of Representatives</affiliation>
         <role>
              <roleTerm type="text">cosponsor</roleTerm>
        </role>
         <description>United States Congress Member</description>
    </name>
    <name type="personal">
         <namePart>Raul M. Grijalva</namePart>
         <affiliation>United States House of Representatives</affiliation>
         <role>
              <roleTerm type="text">cosponsor</roleTerm>
        </role>
         <description>United States Congress Member</description>
    </name>
    <name type="personal">
         <namePart>Janice D. Schakowsky</namePart>
         <affiliation>United States House of Representatives</affiliation>
         <role>
              <roleTerm type="text">cosponsor</roleTerm>
        </role>
         <description>United States Congress Member</description>
    </name>
    <name type="personal">
         <namePart>Darren Soto</namePart>
         <affiliation>United States House of Representatives</affiliation>
         <role>
              <roleTerm type="text">cosponsor</roleTerm>
        </role>
         <description>United States Congress Member</description>
    </name>
    <name type="personal">
         <namePart>Haley M. Stevens</namePart>
         <affiliation>United States House of Representatives</affiliation>
         <role>
              <roleTerm type="text">cosponsor</roleTerm>
        </role>
         <description>United States Congress Member</description>
    </name>
    <name type="personal">
         <namePart>Debbie Wasserman Schultz</namePart>
         <affiliation>United States House of Representatives</affiliation>
         <role>
              <roleTerm type="text">cosponsor</roleTerm>
        </role>
         <description>United States Congress Member</description>
    </name>
    <name type="personal">
         <namePart>Frederica S. Wilson</namePart>
         <affiliation>United States House of Representatives</affiliation>
         <role>
              <roleTerm type="text">cosponsor</roleTerm>
        </role>
         <description>United States Congress Member</description>
    </name>
    <name type="corporate">
         <namePart>United States</namePart>
         <namePart>Congress</namePart>
         <namePart>House of Representatives</namePart>
         <namePart>Committee on Energy and Commerce</namePart>
         <role>
              <roleTerm authority="marcrelator" type="text">associated name</roleTerm>
              <roleTerm authority="marcrelator" type="code">asn</roleTerm>
        </role>
    </name>
    <extension>
         <docClass>hconres</docClass>
         <accessId>BILLS-118hconres129ih</accessId>
         <congress>118</congress>
         <session>2</session>
         <originChamber>HOUSE</originChamber>
         <currentChamber>HOUSE</currentChamber>
         <billNumber>129</billNumber>
         <billVersion reprint="false">ih</billVersion>
         <fileSuffix>ih</fileSuffix>
         <officialTitle>Supporting the designation of the week of September 22 through September 28, 2024, as National Fall Prevention Awareness Week to raise awareness about, and encourage the prevention of, falls among older adults.</officialTitle>
         <action date="2024-09-23">Ms. Lois Frankel of Florida (for herself, Mrs. Miller of West Virginia, Mr. Morelle, Mr. Magaziner, Mr. Bilirakis, Mr. Allred, Ms. Barragán, Mr. Bera, Ms. Budzinski, Ms. Castor of Florida, Mr. Cleaver, Mr. Davis of North Carolina, Ms. Dean of Pennsylvania, Mrs. Hayes, Mr. Johnson of Georgia, Ms. Kaptur, Mr. Khanna, Mr. Lawler, Ms. Matsui, Mr. Moskowitz, Mr. Nadler, Ms. Norton, Mr. Pocan, Mr. Grijalva, Ms. Schakowsky, Mr. Soto, Ms. Stevens, Ms. Wasserman Schultz, and Ms. Wilson of Florida) submitted the following concurrent resolution; which was referred to the Committee on Energy and Commerce</action>
         <congCommittee authorityId="hsif00" chamber="H" congress="118" type="S">
                                
              <name type="authority-standard">Committee on Energy and Commerce</name>
                                
              <name type="authority-short">Energy and Commerce</name>
                            
        </congCommittee>
         <congMember bioGuideId="F000462" chamber="H" congress="118" party="D" role="SPONSOR" state="FL">
                                
              <name type="parsed">Ms. Lois Frankel of Florida</name>
                                
              <name type="authority-fnf">Lois Frankel</name>
                                
              <name type="authority-lnf">Frankel, Lois</name>
                            
        </congMember>
         <congMember bioGuideId="M001205" chamber="H" congress="118" party="R" role="COSPONSOR" state="WV">
                                
              <name type="parsed">Mrs. Miller of West Virginia</name>
                                
              <name type="authority-fnf">Carol D. Miller</name>
                                
              <name type="authority-lnf">Miller, Carol D.</name>
                                
              <name type="authority-other">Mrs. Carol Miller</name>
                            
        </congMember>
         <congMember bioGuideId="M001206" chamber="H" congress="118" party="D" role="COSPONSOR" state="NY">
                                
              <name type="parsed">Mr. Morelle</name>
                                
              <name type="authority-fnf">Joseph D. Morelle</name>
                                
              <name type="authority-lnf">Morelle, Joseph D.</name>
                                
              <name type="authority-other">Mr. Joseph Morelle</name>
                            
        </congMember>
         <congMember bioGuideId="M001223" chamber="H" congress="118" party="D" role="COSPONSOR" state="RI">
                                
              <name type="parsed">Mr. Magaziner</name>
                                
              <name type="authority-fnf">Seth Magaziner</name>
                                
              <name type="authority-lnf">Magaziner, Seth</name>
                            
        </congMember>
         <congMember bioGuideId="B001257" chamber="H" congress="118" party="R" role="COSPONSOR" state="FL">
                                
              <name type="parsed">Mr. Bilirakis</name>
                                
              <name type="authority-fnf">Gus M. Bilirakis</name>
                                
              <name type="authority-lnf">Bilirakis, Gus M.</name>
                                
              <name type="authority-other">Mr. Gus Bilirakis</name>
                            
        </congMember>
         <congMember bioGuideId="A000376" chamber="H" congress="118" party="D" role="COSPONSOR" state="TX">
                                
              <name type="parsed">Mr. Allred</name>
                                
              <name type="authority-fnf">Colin Z. Allred</name>
                                
              <name type="authority-lnf">Allred, Colin Z.</name>
                                
              <name type="authority-other">Mr. Colin Allred</name>
                            
        </congMember>
         <congMember bioGuideId="B001287" chamber="H" congress="118" party="D" role="COSPONSOR" state="CA">
                                
              <name type="parsed">Mr. Bera</name>
                                
              <name type="authority-fnf">Ami Bera</name>
                                
              <name type="authority-lnf">Bera, Ami</name>
                            
        </congMember>
         <congMember bioGuideId="B001315" chamber="H" congress="118" party="D" role="COSPONSOR" state="IL">
                                
              <name type="parsed">Ms. Budzinski</name>
                                
              <name type="authority-fnf">Nikki Budzinski</name>
                                
              <name type="authority-lnf">Budzinski, Nikki</name>
                            
        </congMember>
         <congMember bioGuideId="C001066" chamber="H" congress="118" party="D" role="COSPONSOR" state="FL">
                                
              <name type="parsed">Ms. Castor of Florida</name>
                                
              <name type="authority-fnf">Kathy Castor</name>
                                
              <name type="authority-lnf">Castor, Kathy</name>
                            
        </congMember>
         <congMember bioGuideId="C001061" chamber="H" congress="118" party="D" role="COSPONSOR" state="MO">
                                
              <name type="parsed">Mr. Cleaver</name>
                                
              <name type="authority-fnf">Emanuel Cleaver</name>
                                
              <name type="authority-lnf">Cleaver, Emanuel</name>
                            
        </congMember>
         <congMember bioGuideId="D000230" chamber="H" congress="118" party="D" role="COSPONSOR" state="NC">
                                
              <name type="parsed">Mr. Davis of North Carolina</name>
                                
              <name type="authority-fnf">Donald G. Davis</name>
                                
              <name type="authority-lnf">Davis, Donald G.</name>
                                
              <name type="authority-other">Mr. Donald Davis</name>
                            
        </congMember>
         <congMember bioGuideId="D000631" chamber="H" congress="118" party="D" role="COSPONSOR" state="PA">
                                
              <name type="parsed">Ms. Dean of Pennsylvania</name>
                                
              <name type="authority-fnf">Madeleine Dean</name>
                                
              <name type="authority-lnf">Dean, Madeleine</name>
                            
        </congMember>
         <congMember bioGuideId="H001081" chamber="H" congress="118" party="D" role="COSPONSOR" state="CT">
                                
              <name type="parsed">Mrs. Hayes</name>
                                
              <name type="authority-fnf">Jahana Hayes</name>
                                
              <name type="authority-lnf">Hayes, Jahana</name>
                            
        </congMember>
         <congMember bioGuideId="J000288" chamber="H" congress="118" party="D" role="COSPONSOR" state="GA">
                                
              <name type="parsed">Mr. Johnson of Georgia</name>
                                
              <name type="authority-fnf">Henry C. &quot;Hank&quot; Johnson, Jr.</name>
                                
              <name type="authority-lnf">Johnson, Henry C. &quot;Hank&quot;</name>
                                
              <name type="authority-other">Mr. Henry C. &quot;Hank&quot; Johnson Jr.</name>
                            
        </congMember>
         <congMember bioGuideId="K000009" chamber="H" congress="118" party="D" role="COSPONSOR" state="OH">
                                
              <name type="parsed">Ms. Kaptur</name>
                                
              <name type="authority-fnf">Marcy Kaptur</name>
                                
              <name type="authority-lnf">Kaptur, Marcy</name>
                            
        </congMember>
         <congMember bioGuideId="K000389" chamber="H" congress="118" party="D" role="COSPONSOR" state="CA">
                                
              <name type="parsed">Mr. Khanna</name>
                                
              <name type="authority-fnf">Ro Khanna</name>
                                
              <name type="authority-lnf">Khanna, Ro</name>
                            
        </congMember>
         <congMember bioGuideId="L000599" chamber="H" congress="118" party="R" role="COSPONSOR" state="NY">
                                
              <name type="parsed">Mr. Lawler</name>
                                
              <name type="authority-fnf">Michael Lawler</name>
                                
              <name type="authority-lnf">Lawler, Michael</name>
                            
        </congMember>
         <congMember bioGuideId="M001163" chamber="H" congress="118" party="D" role="COSPONSOR" state="CA">
                                
              <name type="parsed">Ms. Matsui</name>
                                
              <name type="authority-fnf">Doris O. Matsui</name>
                                
              <name type="authority-lnf">Matsui, Doris O.</name>
                                
              <name type="authority-other">Ms. Doris Matsui</name>
                            
        </congMember>
         <congMember bioGuideId="M001217" chamber="H" congress="118" party="D" role="COSPONSOR" state="FL">
                                
              <name type="parsed">Mr. Moskowitz</name>
                                
              <name type="authority-fnf">Jared Moskowitz</name>
                                
              <name type="authority-lnf">Moskowitz, Jared</name>
                            
        </congMember>
         <congMember bioGuideId="N000002" chamber="H" congress="118" party="D" role="COSPONSOR" state="NY">
                                
              <name type="parsed">Mr. Nadler</name>
                                
              <name type="authority-fnf">Jerrold Nadler</name>
                                
              <name type="authority-lnf">Nadler, Jerrold</name>
                            
        </congMember>
         <congMember bioGuideId="N000147" chamber="H" congress="118" party="D" role="COSPONSOR" state="DC">
                                
              <name type="parsed">Ms. Norton</name>
                                
              <name type="authority-fnf">Eleanor Holmes Norton</name>
                                
              <name type="authority-lnf">Norton, Eleanor Holmes</name>
                                
              <name type="authority-other">Ms. Eleanor Norton</name>
                            
        </congMember>
         <congMember bioGuideId="P000607" chamber="H" congress="118" party="D" role="COSPONSOR" state="WI">
                                
              <name type="parsed">Mr. Pocan</name>
                                
              <name type="authority-fnf">Mark Pocan</name>
                                
              <name type="authority-lnf">Pocan, Mark</name>
                            
        </congMember>
         <congMember bioGuideId="G000551" chamber="H" congress="118" party="D" role="COSPONSOR" state="AZ">
                                
              <name type="parsed">Mr. Grijalva</name>
                                
              <name type="authority-fnf">Raul M. Grijalva</name>
                                
              <name type="authority-lnf">Grijalva, Raul M.</name>
                                
              <name type="authority-other">Mr. Raul Grijalva</name>
                            
        </congMember>
         <congMember bioGuideId="S001145" chamber="H" congress="118" party="D" role="COSPONSOR" state="IL">
                                
              <name type="parsed">Ms. Schakowsky</name>
                                
              <name type="authority-fnf">Janice D. Schakowsky</name>
                                
              <name type="authority-lnf">Schakowsky, Janice D.</name>
                                
              <name type="authority-other">Ms. Janice Schakowsky</name>
                            
        </congMember>
         <congMember bioGuideId="S001200" chamber="H" congress="118" party="D" role="COSPONSOR" state="FL">
                                
              <name type="parsed">Mr. Soto</name>
                                
              <name type="authority-fnf">Darren Soto</name>
                                
              <name type="authority-lnf">Soto, Darren</name>
                            
        </congMember>
         <congMember bioGuideId="S001215" chamber="H" congress="118" party="D" role="COSPONSOR" state="MI">
                                
              <name type="parsed">Ms. Stevens</name>
                                
              <name type="authority-fnf">Haley M. Stevens</name>
                                
              <name type="authority-lnf">Stevens, Haley M.</name>
                                
              <name type="authority-other">Ms. Haley Stevens</name>
                            
        </congMember>
         <congMember bioGuideId="W000797" chamber="H" congress="118" party="D" role="COSPONSOR" state="FL">
                                
              <name type="parsed">Ms. Wasserman Schultz</name>
                                
              <name type="authority-fnf">Debbie Wasserman Schultz</name>
                                
              <name type="authority-lnf">Wasserman Schultz, Debbie</name>
                            
        </congMember>
         <congMember bioGuideId="W000808" chamber="H" congress="118" party="D" role="COSPONSOR" state="FL">
                                
              <name type="parsed">Ms. Wilson of Florida</name>
                                
              <name type="authority-fnf">Frederica S. Wilson</name>
                                
              <name type="authority-lnf">Wilson, Frederica S.</name>
                                
              <name type="authority-other">Ms. Frederica Wilson</name>
                            
        </congMember>
         <isPrivate>false</isPrivate>
         <isAppropriation>false</isAppropriation>
    </extension>
</mods>