<mods xmlns:xlink="http://www.w3.org/1999/xlink" xmlns:xsi="http://www.w3.org/2001/XMLSchema-instance" xmlns="http://www.loc.gov/mods/v3" version="3.3" xsi:schemaLocation="http://www.loc.gov/mods/v3 http://www.loc.gov/standards/mods/v3/mods-3-3.xsd" ID="P0b002ee1c832a475">
    <name type="corporate">
         <namePart>United States Government Publishing Office</namePart>
         <role>
              <roleTerm authority="marcrelator" type="text">publisher</roleTerm>
              <roleTerm authority="marcrelator" type="code">pbl</roleTerm>
        </role>
         <role>
              <roleTerm authority="marcrelator" type="text">distributor</roleTerm>
              <roleTerm authority="marcrelator" type="code">dst</roleTerm>
        </role>
    </name>
    <name type="corporate">
         <namePart>United States</namePart>
         <namePart>Congress</namePart>
         <namePart>House of Representatives</namePart>
         <role>
              <roleTerm authority="marcrelator" type="text">author</roleTerm>
              <roleTerm authority="marcrelator" type="code">aut</roleTerm>
        </role>
         <description>Government Organization</description>
    </name>
    <typeOfResource>text</typeOfResource>
    <genre authority="marcgt">government publication</genre>
    <language>
         <languageTerm type="code" authority="iso639-2b">eng</languageTerm>
    </language>
    <extension>
         <collectionCode>BILLS</collectionCode>
         <searchTitle>Disapproving the rule submitted by the Department of Agriculture relating to Use of Electronic Identification Eartags as Official Identification in Cattle and Bison.;H.J. Res. 167 (IH)
    </searchTitle>
         <category>Bills and Statutes</category>
         <waisDatabaseName>118_cong_bills</waisDatabaseName>
         <branch>legislative</branch>
         <dateIngested>2024-06-14</dateIngested>
    </extension>
    <titleInfo>
         <title>Disapproving the rule submitted by the Department of Agriculture relating to Use of Electronic Identification Eartags as Official Identification in Cattle and Bison.</title>
    </titleInfo>
    <titleInfo type="alternative">
         <title>H.J. Res. 167 (IH)
    </title>
    </titleInfo>
    <originInfo>
         <publisher>U.S. Government Publishing Office</publisher>
         <dateIssued encoding="w3cdtf">2024-06-13</dateIssued>
         <issuance>monographic</issuance>
    </originInfo>
    <physicalDescription>
         <note type="source content type">deposited</note>
         <digitalOrigin>born digital</digitalOrigin>
         <extent>2 p.</extent>
    </physicalDescription>
    <classification authority="sudocs">Y 1.6:</classification>
    <classification authority="sudocs">Y 1.4/8:</classification>
    <identifier type="local">P0b002ee1c832a475</identifier>
    <identifier type="uri">https://www.govinfo.gov/app/details/BILLS-118hjres167ih</identifier>
    <identifier type="preferred citation">H.J. Res. 167</identifier>
    <identifier type="stock number">021-610-00252-9</identifier>
    <identifier type="Parent ILS system id">000501532</identifier>
    <identifier type="Child ILS system id">000325570</identifier>
    <identifier type="Parent ILS title">Congressional bills</identifier>
    <identifier type="Child ILS title">House joint resolutions</identifier>
    <identifier type="former package identifier">f:hj167_ih.txt</identifier>
    <location>
         <url displayLabel="Content Detail" access="object in context">https://www.govinfo.gov/app/details/BILLS-118hjres167ih</url>
         <url displayLabel="HTML rendition" access="raw object">https://www.govinfo.gov/content/pkg/BILLS-118hjres167ih/html/BILLS-118hjres167ih.htm</url>
         <url displayLabel="PDF rendition" access="raw object">https://www.govinfo.gov/content/pkg/BILLS-118hjres167ih/pdf/BILLS-118hjres167ih.pdf</url>
         <url displayLabel="XML rendition" access="raw object">https://www.govinfo.gov/content/pkg/BILLS-118hjres167ih/xml/BILLS-118hjres167ih.xml</url>
    </location>
    <accessCondition type="GPO scope determination">fdlp</accessCondition>
    <recordInfo>
         <recordContentSource authority="marcorg">DGPO</recordContentSource>
         <recordCreationDate encoding="w3cdtf">2024-06-14</recordCreationDate>
         <recordChangeDate encoding="w3cdtf">2024-06-14</recordChangeDate>
         <recordIdentifier source="DGPO">BILLS-118hjres167ih</recordIdentifier>
         <recordOrigin>machine generated</recordOrigin>
         <languageOfCataloging>
              <languageTerm type="code" authority="iso639-2b">eng</languageTerm>
        </languageOfCataloging>
    </recordInfo>
    <name type="personal">
         <namePart>Harriet M. Hageman</namePart>
         <affiliation>United States House of Representatives</affiliation>
         <role>
              <roleTerm authority="marcrelator" type="text">sponsor</roleTerm>
              <roleTerm authority="marcrelator" type="code">spn</roleTerm>
        </role>
         <description>United States Congress Member</description>
    </name>
    <name type="personal">
         <namePart>Kelly Armstrong</namePart>
         <affiliation>United States House of Representatives</affiliation>
         <role>
              <roleTerm type="text">cosponsor</roleTerm>
        </role>
         <description>United States Congress Member</description>
    </name>
    <name type="personal">
         <namePart>Andy Biggs</namePart>
         <affiliation>United States House of Representatives</affiliation>
         <role>
              <roleTerm type="text">cosponsor</roleTerm>
        </role>
         <description>United States Congress Member</description>
    </name>
    <name type="personal">
         <namePart>Lauren Boebert</namePart>
         <affiliation>United States House of Representatives</affiliation>
         <role>
              <roleTerm type="text">cosponsor</roleTerm>
        </role>
         <description>United States Congress Member</description>
    </name>
    <name type="personal">
         <namePart>Josh Brecheen</namePart>
         <affiliation>United States House of Representatives</affiliation>
         <role>
              <roleTerm type="text">cosponsor</roleTerm>
        </role>
         <description>United States Congress Member</description>
    </name>
    <name type="personal">
         <namePart>Elijah Crane</namePart>
         <affiliation>United States House of Representatives</affiliation>
         <role>
              <roleTerm type="text">cosponsor</roleTerm>
        </role>
         <description>United States Congress Member</description>
    </name>
    <name type="personal">
         <namePart>Byron Donalds</namePart>
         <affiliation>United States House of Representatives</affiliation>
         <role>
              <roleTerm type="text">cosponsor</roleTerm>
        </role>
         <description>United States Congress Member</description>
    </name>
    <name type="personal">
         <namePart>Paul A. Gosar</namePart>
         <affiliation>United States House of Representatives</affiliation>
         <role>
              <roleTerm type="text">cosponsor</roleTerm>
        </role>
         <description>United States Congress Member</description>
    </name>
    <name type="personal">
         <namePart>Celeste Maloy</namePart>
         <affiliation>United States House of Representatives</affiliation>
         <role>
              <roleTerm type="text">cosponsor</roleTerm>
        </role>
         <description>United States Congress Member</description>
    </name>
    <name type="personal">
         <namePart>Thomas Massie</namePart>
         <affiliation>United States House of Representatives</affiliation>
         <role>
              <roleTerm type="text">cosponsor</roleTerm>
        </role>
         <description>United States Congress Member</description>
    </name>
    <name type="personal">
         <namePart>Andrew Ogles</namePart>
         <affiliation>United States House of Representatives</affiliation>
         <role>
              <roleTerm type="text">cosponsor</roleTerm>
        </role>
         <description>United States Congress Member</description>
    </name>
    <name type="personal">
         <namePart>Cathy McMorris Rodgers</namePart>
         <affiliation>United States House of Representatives</affiliation>
         <role>
              <roleTerm type="text">cosponsor</roleTerm>
        </role>
         <description>United States Congress Member</description>
    </name>
    <name type="personal">
         <namePart>Matthew M. Rosendale, Sr.</namePart>
         <affiliation>United States House of Representatives</affiliation>
         <role>
              <roleTerm type="text">cosponsor</roleTerm>
        </role>
         <description>United States Congress Member</description>
    </name>
    <name type="personal">
         <namePart>Jason Smith</namePart>
         <affiliation>United States House of Representatives</affiliation>
         <role>
              <roleTerm type="text">cosponsor</roleTerm>
        </role>
         <description>United States Congress Member</description>
    </name>
    <name type="personal">
         <namePart>Victoria Spartz</namePart>
         <affiliation>United States House of Representatives</affiliation>
         <role>
              <roleTerm type="text">cosponsor</roleTerm>
        </role>
         <description>United States Congress Member</description>
    </name>
    <name type="corporate">
         <namePart>United States</namePart>
         <namePart>Congress</namePart>
         <namePart>House of Representatives</namePart>
         <namePart>Committee on Agriculture</namePart>
         <role>
              <roleTerm authority="marcrelator" type="text">associated name</roleTerm>
              <roleTerm authority="marcrelator" type="code">asn</roleTerm>
        </role>
    </name>
    <extension>
         <docClass>hjres</docClass>
         <accessId>BILLS-118hjres167ih</accessId>
         <congress>118</congress>
         <session>2</session>
         <originChamber>HOUSE</originChamber>
         <currentChamber>HOUSE</currentChamber>
         <billNumber>167</billNumber>
         <billVersion reprint="false">ih</billVersion>
         <fileSuffix>ih</fileSuffix>
         <officialTitle>Disapproving the rule submitted by the Department of Agriculture relating to Use of Electronic Identification Eartags as Official Identification in Cattle and Bison.</officialTitle>
         <action date="2024-06-13">Ms. Hageman (for herself, Mr. Armstrong, Mr. Biggs, Ms. Boebert, Mr. Brecheen, Mr. Crane, Mr. Donalds, Mr. Gosar, Ms. Maloy, Mr. Massie, Mr. Ogles, Mrs. Rodgers of Washington, Mr. Rosendale, Mr. Smith of Missouri, and Mrs. Spartz) submitted the following joint resolution; which was referred to the Committee on Agriculture</action>
         <congCommittee authorityId="hsag00" chamber="H" congress="118" type="S">
                                
              <name type="authority-standard">Committee on Agriculture</name>
                                
              <name type="authority-short">Agriculture</name>
                            
        </congCommittee>
         <congMember bioGuideId="H001096" chamber="H" congress="118" party="R" role="SPONSOR" state="WY">
                                
              <name type="parsed">Ms. Hageman</name>
                                
              <name type="authority-fnf">Harriet M. Hageman</name>
                                
              <name type="authority-lnf">Hageman, Harriet M.</name>
                                
              <name type="authority-other">Ms. Harriet Hageman</name>
                            
        </congMember>
         <congMember bioGuideId="A000377" chamber="H" congress="118" party="R" role="COSPONSOR" state="ND">
                                
              <name type="parsed">Mr. Armstrong</name>
                                
              <name type="authority-fnf">Kelly Armstrong</name>
                                
              <name type="authority-lnf">Armstrong, Kelly</name>
                            
        </congMember>
         <congMember bioGuideId="B001302" chamber="H" congress="118" party="R" role="COSPONSOR" state="AZ">
                                
              <name type="parsed">Mr. Biggs</name>
                                
              <name type="authority-fnf">Andy Biggs</name>
                                
              <name type="authority-lnf">Biggs, Andy</name>
                            
        </congMember>
         <congMember bioGuideId="B000825" chamber="H" congress="118" party="R" role="COSPONSOR" state="CO">
                                
              <name type="parsed">Ms. Boebert</name>
                                
              <name type="authority-fnf">Lauren Boebert</name>
                                
              <name type="authority-lnf">Boebert, Lauren</name>
                            
        </congMember>
         <congMember bioGuideId="B001317" chamber="H" congress="118" party="R" role="COSPONSOR" state="OK">
                                
              <name type="parsed">Mr. Brecheen</name>
                                
              <name type="authority-fnf">Josh Brecheen</name>
                                
              <name type="authority-lnf">Brecheen, Josh</name>
                            
        </congMember>
         <congMember bioGuideId="C001132" chamber="H" congress="118" party="R" role="COSPONSOR" state="AZ">
                                
              <name type="parsed">Mr. Crane</name>
                                
              <name type="authority-fnf">Elijah Crane</name>
                                
              <name type="authority-lnf">Crane, Elijah</name>
                            
        </congMember>
         <congMember bioGuideId="D000032" chamber="H" congress="118" party="R" role="COSPONSOR" state="FL">
                                
              <name type="parsed">Mr. Donalds</name>
                                
              <name type="authority-fnf">Byron Donalds</name>
                                
              <name type="authority-lnf">Donalds, Byron</name>
                            
        </congMember>
         <congMember bioGuideId="G000565" chamber="H" congress="118" party="R" role="COSPONSOR" state="AZ">
                                
              <name type="parsed">Mr. Gosar</name>
                                
              <name type="authority-fnf">Paul A. Gosar</name>
                                
              <name type="authority-lnf">Gosar, Paul A.</name>
                                
              <name type="authority-other">Mr. Paul Gosar</name>
                            
        </congMember>
         <congMember bioGuideId="M001228" chamber="H" congress="118" party="R" role="COSPONSOR" state="UT">
                                
              <name type="parsed">Ms. Maloy</name>
                                
              <name type="authority-fnf">Celeste Maloy</name>
                                
              <name type="authority-lnf">Maloy, Celeste</name>
                            
        </congMember>
         <congMember bioGuideId="M001184" chamber="H" congress="118" party="R" role="COSPONSOR" state="KY">
                                
              <name type="parsed">Mr. Massie</name>
                                
              <name type="authority-fnf">Thomas Massie</name>
                                
              <name type="authority-lnf">Massie, Thomas</name>
                            
        </congMember>
         <congMember bioGuideId="O000175" chamber="H" congress="118" party="R" role="COSPONSOR" state="TN">
                                
              <name type="parsed">Mr. Ogles</name>
                                
              <name type="authority-fnf">Andrew Ogles</name>
                                
              <name type="authority-lnf">Ogles, Andrew</name>
                            
        </congMember>
         <congMember bioGuideId="M001159" chamber="H" congress="118" party="R" role="COSPONSOR" state="WA">
                                
              <name type="parsed">Mrs. Rodgers of Washington</name>
                                
              <name type="authority-fnf">Cathy McMorris Rodgers</name>
                                
              <name type="authority-lnf">McMorris Rodgers, Cathy</name>
                                
              <name type="authority-other">Mrs. Cathy Rodgers</name>
                            
        </congMember>
         <congMember bioGuideId="R000103" chamber="H" congress="118" party="R" role="COSPONSOR" state="MT">
                                
              <name type="parsed">Mr. Rosendale</name>
                                
              <name type="authority-fnf">Matthew M. Rosendale, Sr.</name>
                                
              <name type="authority-lnf">Rosendale, Matthew M.</name>
                                
              <name type="authority-other">Mr. Matthew Rosendale Sr.</name>
                            
        </congMember>
         <congMember bioGuideId="S001195" chamber="H" congress="118" party="R" role="COSPONSOR" state="MO">
                                
              <name type="parsed">Mr. Smith of Missouri</name>
                                
              <name type="authority-fnf">Jason Smith</name>
                                
              <name type="authority-lnf">Smith, Jason</name>
                            
        </congMember>
         <congMember bioGuideId="S000929" chamber="H" congress="118" party="R" role="COSPONSOR" state="IN">
                                
              <name type="parsed">Mrs. Spartz</name>
                                
              <name type="authority-fnf">Victoria Spartz</name>
                                
              <name type="authority-lnf">Spartz, Victoria</name>
                            
        </congMember>
         <isPrivate>false</isPrivate>
         <isAppropriation>false</isAppropriation>
    </extension>
</mods>