<?xml version="1.0"?>
<?xml-stylesheet type="text/xsl" href="billres.xsl"?>
<!DOCTYPE resolution PUBLIC "-//US Congress//DTDs/res.dtd//EN" "res.dtd">
<resolution resolution-stage="Introduced-in-House" dms-id="H55CB1611B8BF45DDAD61A9C7A35192CF" public-private="public" resolution-type="house-concurrent" star-print="no-star-print" key="H"><metadata xmlns:dc="http://purl.org/dc/elements/1.1/">
<dublinCore>
<dc:title>118 HCON 101 IH: Recognizing the need to improve physical access to many federally funded facilities for all people of the United States, particularly people with disabilities.</dc:title>
<dc:publisher>U.S. House of Representatives</dc:publisher>
<dc:date>2024-03-22</dc:date>
<dc:format>text/xml</dc:format>
<dc:language>EN</dc:language>
<dc:rights>Pursuant to Title 17 Section 105 of the United States Code, this file is not subject to copyright protection and is in the public domain.</dc:rights>
</dublinCore>
</metadata>
<form>
<distribution-code display="yes">IV</distribution-code><congress display="yes">118th CONGRESS</congress><session display="yes">2d Session</session><legis-num display="yes">H. CON. RES. 101</legis-num><current-chamber>IN THE HOUSE OF REPRESENTATIVES</current-chamber><action display="yes"><action-date date="20240322">March 22, 2024</action-date><action-desc><sponsor name-id="H001081">Mrs. Hayes</sponsor> (for herself, <cosponsor name-id="D000230">Mr. Davis of North Carolina</cosponsor>, <cosponsor name-id="W000826">Ms. Wild</cosponsor>, <cosponsor name-id="N000147">Ms. Norton</cosponsor>, <cosponsor name-id="T000469">Mr. Tonko</cosponsor>, <cosponsor name-id="T000481">Ms. Tlaib</cosponsor>, <cosponsor name-id="G000551">Mr. Grijalva</cosponsor>, <cosponsor name-id="D000624">Mrs. Dingell</cosponsor>, <cosponsor name-id="L000551">Ms. Lee of California</cosponsor>, <cosponsor name-id="B001223">Mr. Bowman</cosponsor>, <cosponsor name-id="S001193">Mr. Swalwell</cosponsor>, <cosponsor name-id="W000822">Mrs. Watson Coleman</cosponsor>, <cosponsor name-id="J000032">Ms. Jackson Lee</cosponsor>, <cosponsor name-id="D000631">Ms. Dean of Pennsylvania</cosponsor>, <cosponsor name-id="B001281">Mrs. Beatty</cosponsor>, <cosponsor name-id="T000468">Ms. Titus</cosponsor>, and <cosponsor name-id="M001225">Mr. Mullin</cosponsor>) submitted the following concurrent resolution; which was referred to the <committee-name committee-id="HED00">Committee on Education and the Workforce</committee-name>, and in addition to the Committees on <committee-name committee-id="HJU00">the Judiciary</committee-name>, <committee-name committee-id="HPW00">Transportation and Infrastructure</committee-name>, <committee-name committee-id="HIF00">Energy and Commerce</committee-name>, and <committee-name committee-id="HGO00">Oversight and Accountability</committee-name>, for a period to be subsequently determined by the Speaker, in each case for consideration of such provisions as fall within the jurisdiction of the committee concerned</action-desc></action><legis-type>CONCURRENT RESOLUTION</legis-type><official-title display="yes">Recognizing the need to improve physical access to many federally funded facilities for all people of the United States, particularly people with disabilities.</official-title></form><preamble><whereas><text>Whereas the First Amendment to the Constitution prevents Congress from making any law respecting an establishment of religion, prohibiting the free exercise of religion, or abridging the freedom of speech, the freedom of the press, the right to peaceably assemble, or to petition for a governmental redress of grievances, and was adopted on December 15, 1791, as 1 of the 10 amendments that constitute the Bill of Rights;</text></whereas><whereas><text>Whereas the Bill of Rights, specifically the First Amendment to the Constitution, calls for the right of all persons to peaceably assemble, and to this end, all persons, regardless of their physical ability, shall be offered equal opportunity to access all federally funded, in whole or part, amenities;</text></whereas><whereas><text>Whereas, in the 33 years since the signing of the Americans with Disabilities Act of 1990 (<external-xref legal-doc="usc" parsable-cite="usc/42/12101">42 U.S.C. 12101 et seq.</external-xref>) (in this preamble referred to as the <quote>ADA</quote>), there have been unprecedented advances in all forms of technology, typified by automatic doors;</text></whereas><whereas><text>Whereas, in 2023, the Centers for Disease Control and Prevention found that 1 in 4 adults, or 61,000,000 people, have a disability;</text></whereas><whereas><text>Whereas disability is a universal concern, as an aging population increases the incidence of frailty and disability;</text></whereas><whereas><text>Whereas as significant advances in medical treatment result in increased survival rates, the incidence of disability increases;</text></whereas><whereas><text>Whereas, in 2022, the Bureau of Labor Statistics found that 5,400,000 veterans received service-related disability benefits;</text></whereas><whereas><text>Whereas, in 2023, the Bureau of Labor Statistics found that the unemployment rate of persons with a disability was twice that of nondisabled adults;</text></whereas><whereas><text>Whereas, in 2023, the Bureau of Labor Statistics found that people of color have the highest disability rates in the country;</text></whereas><whereas><text>Whereas the Act entitled <quote>An Act to insure that certain buildings financed with Federal funds are so designed and constructed as to be accessible to the physically handicapped</quote>, approved August 12, 1968 (<external-xref legal-doc="usc" parsable-cite="usc/42/4151">42 U.S.C. 4151 et seq.</external-xref>) (commonly known as the Architectural Barriers Act of 1968), was enacted to ensure that certain federally funded facilities are designed and constructed to be accessible to people with disabilities;</text></whereas><whereas><text>Whereas the United States Access Board (in this preamble referred to as the <quote>Board</quote> recently issued a final rule addressing accessibility guidelines for pedestrian facilities in the public right-of-way that addresses various issues, including access for blind pedestrians at street crossings, wheelchair access to on-street parking, and various constraints posed by space limitations, roadway design practices, slope, and terrain;</text></whereas><whereas><text>Whereas the Board’s new guidelines cover pedestrian access to sidewalks and streets, including crosswalks, curb ramps, street furnishings, pedestrian signals, parking, and other components of public rights-of-way;</text></whereas><whereas><text>Whereas the Board’s aim in developing these guidelines is to ensure that access for persons with disabilities is pro-vided wherever a pedestrian way is newly built or altered, and that the same degree of convenience, connection, and safety afforded the public generally is available to pedestrians with disabilities;</text></whereas><whereas><text>Whereas once these guidelines are adopted by the Department of Justice, they will become enforceable standards under title II of the ADA; and</text></whereas><whereas><text>Whereas the United States was founded on principles of equality and freedom, and these principles require that all people, including people with disabilities, are able to engage as equal members of society: Now, therefore, be it</text></whereas></preamble><resolution-body style="traditional" id="H8DD8C95C0EBD4AA1A3588D6CC367D878"><section id="HC112FBB1FB7C49C9969B3FE5227D75A2" section-type="undesignated-section" display-inline="yes-display-inline"><enum/><text display-inline="yes-display-inline">That Congress—</text><paragraph id="HF212834FBFA740299313A003275FC222"><enum>(1)</enum><text>recognizes that people with disabilities in the United States experience barriers to access on a daily basis;</text></paragraph><paragraph id="H9A0460B017EE4C3DADAFE6A62EAE90AA"><enum>(2)</enum><text>reaffirms its support of the Architectural Barriers Act of 1968 (<external-xref legal-doc="usc" parsable-cite="usc/42/4151">42 U.S.C. 4151 et seq.</external-xref>) and the Americans with Disabilities Act of 1990 (<external-xref legal-doc="usc" parsable-cite="usc/42/12101">42 U.S.C. 12101 et seq.</external-xref>), and encourages full compliance with such Acts; and</text></paragraph><paragraph id="HF2B2B883C9B549DF8726235E7C393D74"><enum>(3)</enum><text>pledges to make universal and inclusive design a guiding principle for all infrastructure bills and projects and will continue working to identify and remove the barriers that prevent all people of the United States from having equal access to the services provided by the Federal Government.</text></paragraph></section></resolution-body></resolution> 

