<?xml version="1.0"?>
<?xml-stylesheet type="text/xsl" href="billres.xsl"?>
<!DOCTYPE resolution PUBLIC "-//US Congress//DTDs/res.dtd//EN" "res.dtd">
<resolution resolution-stage="Introduced-in-House" dms-id="H695E3EBA328C4DB5ACD13ADF8D5F5F1E" public-private="public" resolution-type="house-joint" star-print="no-star-print" key="H"><metadata xmlns:dc="http://purl.org/dc/elements/1.1/">
<dublinCore>
<dc:title>118 HJ 147 IH: Providing for congressional disapproval under chapter 8 of title 5, United States Code, of the rule submitted by the Occupational Safety and Health Administration relating to “Worker Walkaround Representative Designation Process”.</dc:title>
<dc:publisher>U.S. House of Representatives</dc:publisher>
<dc:date>2024-05-16</dc:date>
<dc:format>text/xml</dc:format>
<dc:language>EN</dc:language>
<dc:rights>Pursuant to Title 17 Section 105 of the United States Code, this file is not subject to copyright protection and is in the public domain.</dc:rights>
</dublinCore>
</metadata>
<form>
<distribution-code display="yes">IA</distribution-code><congress display="yes">118th CONGRESS</congress><session display="yes">2d Session</session><legis-num display="yes">H. J. RES. 147</legis-num><current-chamber>IN THE HOUSE OF REPRESENTATIVES</current-chamber><action display="yes"><action-date date="20240516">May 16, 2024</action-date><action-desc><sponsor name-id="M001211">Mrs. Miller of Illinois</sponsor> (for herself, <cosponsor name-id="F000450">Ms. Foxx</cosponsor>, <cosponsor name-id="C001116">Mr. Clyde</cosponsor>, <cosponsor name-id="S001172">Mr. Smith of Nebraska</cosponsor>, <cosponsor name-id="O000175">Mr. Ogles</cosponsor>, <cosponsor name-id="G000595">Mr. Good of Virginia</cosponsor>, <cosponsor name-id="W000814">Mr. Weber of Texas</cosponsor>, <cosponsor name-id="M001194">Mr. Moolenaar</cosponsor>, <cosponsor name-id="M000871">Mr. Mann</cosponsor>, <cosponsor name-id="B001314">Mr. Bean of Florida</cosponsor>, <cosponsor name-id="D000615">Mr. Duncan</cosponsor>, <cosponsor name-id="A000372">Mr. Allen</cosponsor>, <cosponsor name-id="G000576">Mr. Grothman</cosponsor>, <cosponsor name-id="C001115">Mr. Cloud</cosponsor>, <cosponsor name-id="D000633">Mr. Duarte</cosponsor>, <cosponsor name-id="L000595">Ms. Letlow</cosponsor>, <cosponsor name-id="W000798">Mr. Walberg</cosponsor>, <cosponsor name-id="S000250">Mr. Sessions</cosponsor>, <cosponsor name-id="B001302">Mr. Biggs</cosponsor>, <cosponsor name-id="B001316">Mr. Burlison</cosponsor>, <cosponsor name-id="S001199">Mr. Smucker</cosponsor>, <cosponsor name-id="B001291">Mr. Babin</cosponsor>, <cosponsor name-id="H001093">Mrs. Houchin</cosponsor>, <cosponsor name-id="W000806">Mr. Webster of Florida</cosponsor>, <cosponsor name-id="B000825">Ms. Boebert</cosponsor>, and <cosponsor name-id="B001311">Mr. Bishop of North Carolina</cosponsor>) submitted the following joint resolution; which was referred to the <committee-name committee-id="HED00">Committee on Education and the Workforce</committee-name></action-desc></action><legis-type>JOINT RESOLUTION</legis-type><official-title display="yes">Providing for congressional disapproval under <external-xref legal-doc="usc-chapter" parsable-cite="usc-chapter/5/8">chapter 8</external-xref> of title 5, United States Code, of the rule submitted by the Occupational Safety and Health Administration relating to <quote>Worker Walkaround Representative Designation Process</quote>.</official-title></form><resolution-body style="traditional" id="HDA423F071F1946DEA29B297F552C626F"><section display-inline="yes-display-inline" section-type="undesignated-section" id="H972FED670A9B4BDFA7FDFED857A0DFAA"><enum/><text>That Congress disapproves the rule submitted by the Occupational Safety and Health Administration relating to <quote>Worker Walkaround Representative Designation Process</quote> (89 Fed. Reg. 22558 (April 1, 2024)), and such rule shall have no force or effect. </text></section></resolution-body></resolution> 

