<?xml version="1.0"?>
<?xml-stylesheet type="text/xsl" href="billres.xsl"?>
<!DOCTYPE resolution PUBLIC "-//US Congress//DTDs/res.dtd//EN" "res.dtd">
<resolution resolution-stage="Introduced-in-House" dms-id="H30C8E4FA97674854B67557275C38C675" public-private="public" resolution-type="house-concurrent" star-print="no-star-print" key="H">
<metadata xmlns:dc="http://purl.org/dc/elements/1.1/">
<dublinCore>
<dc:title>118 HCON 14 IH: Expressing disapproval of the revocation by President Biden of the Presidential permit for the Keystone XL pipeline.</dc:title>
<dc:publisher>U.S. House of Representatives</dc:publisher>
<dc:date>2023-02-07</dc:date>
<dc:format>text/xml</dc:format>
<dc:language>EN</dc:language>
<dc:rights>Pursuant to Title 17 Section 105 of the United States Code, this file is not subject to copyright protection and is in the public domain.</dc:rights>
</dublinCore>
</metadata>
<form>
<distribution-code display="yes">IV</distribution-code>
<congress display="yes">118th CONGRESS</congress>
<session display="yes">1st Session</session>
<legis-num display="yes">H. CON. RES. 14</legis-num>
<current-chamber>IN THE HOUSE OF REPRESENTATIVES</current-chamber>
<action display="yes">
<action-date date="20230207">February 7, 2023</action-date>
<action-desc><sponsor name-id="L000589">Mrs. Lesko</sponsor> (for herself and <cosponsor name-id="B001306">Mr. Balderson</cosponsor>) submitted the following concurrent resolution; which was referred to the <committee-name committee-id="HPW00">Committee on Transportation and Infrastructure</committee-name>, and in addition to the Committees on <committee-name committee-id="HIF00">Energy and Commerce</committee-name>, and <committee-name committee-id="HII00">Natural Resources</committee-name>, for a period to be subsequently determined by the Speaker, in each case for consideration of such provisions as fall within the jurisdiction of the committee concerned</action-desc>
</action>
<legis-type>CONCURRENT RESOLUTION</legis-type>
<official-title display="yes">Expressing disapproval of the revocation by President Biden of the Presidential permit for the Keystone XL pipeline.</official-title>
</form>
<preamble> 
<whereas><text>Whereas, on March 29, 2019, TransCanada Keystone Pipeline, L.P., was granted a Presidential permit to construct, connect, operate, and maintain the Keystone XL pipeline; and</text></whereas> <whereas><text>Whereas, on January 20, 2021, President Biden issued Executive Order 13990 (86 Fed. Reg. 7037) that revoked the March 2019 Presidential permit for the Keystone XL pipeline: Now, therefore, be it</text></whereas></preamble>
<resolution-body style="traditional" id="H622C4B7FAFF34CDBB245FF30020A06FF"> 
<section display-inline="yes-display-inline" section-type="undesignated-section" id="H93F546B1A87549938BC6D6D9468A5CCC"><text display-inline="yes-display-inline">That Congress disapproves of the revocation by President Biden of the Presidential permit for the Keystone XL pipeline.</text> </section> </resolution-body> </resolution> 

