<?xml version="1.0"?>
<?xml-stylesheet type="text/xsl" href="billres.xsl"?>
<!DOCTYPE resolution PUBLIC "-//US Congress//DTDs/res.dtd//EN" "res.dtd">
<resolution resolution-stage="Introduced-in-House" dms-id="HA0B78157F1F049A889C6F686C3813D14" public-private="public" resolution-type="house-joint" star-print="no-star-print" key="H"><metadata xmlns:dc="http://purl.org/dc/elements/1.1/">
<dublinCore>
<dc:title>118 HJ 143 IH: Providing for congressional disapproval under chapter 8 of title 5, United States Code, of the rule submitted by the Department of Labor relating to “Amendment to Prohibited Transaction Exemptions 75–1, 77–4, 80–83, 83–1, and 86–128”.</dc:title>
<dc:publisher>U.S. House of Representatives</dc:publisher>
<dc:date>2024-05-15</dc:date>
<dc:format>text/xml</dc:format>
<dc:language>EN</dc:language>
<dc:rights>Pursuant to Title 17 Section 105 of the United States Code, this file is not subject to copyright protection and is in the public domain.</dc:rights>
</dublinCore>
</metadata>
<form>
<distribution-code display="yes">IA</distribution-code><congress display="yes">118th CONGRESS</congress><session display="yes">2d Session</session><legis-num display="yes">H. J. RES. 143</legis-num><current-chamber>IN THE HOUSE OF REPRESENTATIVES</current-chamber><action display="yes"><action-date date="20240515">May 15, 2024</action-date><action-desc><sponsor name-id="A000372">Mr. Allen</sponsor> (for himself, <cosponsor name-id="S000250">Mr. Sessions</cosponsor>, <cosponsor name-id="D000615">Mr. Duncan</cosponsor>, <cosponsor name-id="W000812">Mrs. Wagner</cosponsor>, <cosponsor name-id="N000190">Mr. Norman</cosponsor>, <cosponsor name-id="D000032">Mr. Donalds</cosponsor>, <cosponsor name-id="W000798">Mr. Walberg</cosponsor>, <cosponsor name-id="H001082">Mr. Hern</cosponsor>, <cosponsor name-id="M001205">Mrs. Miller of West Virginia</cosponsor>, <cosponsor name-id="M001194">Mr. Moolenaar</cosponsor>, <cosponsor name-id="S001199">Mr. Smucker</cosponsor>, <cosponsor name-id="W000816">Mr. Williams of Texas</cosponsor>, <cosponsor name-id="R000609">Mr. Rutherford</cosponsor>, <cosponsor name-id="W000821">Mr. Westerman</cosponsor>, <cosponsor name-id="B001299">Mr. Banks</cosponsor>, <cosponsor name-id="L000595">Ms. Letlow</cosponsor>, <cosponsor name-id="H001072">Mr. Hill</cosponsor>, <cosponsor name-id="M000871">Mr. Mann</cosponsor>, <cosponsor name-id="B000740">Mrs. Bice</cosponsor>, <cosponsor name-id="N000193">Mr. Nunn of Iowa</cosponsor>, <cosponsor name-id="F000475">Mr. Finstad</cosponsor>, <cosponsor name-id="T000480">Mr. Timmons</cosponsor>, <cosponsor name-id="J000302">Mr. Joyce of Pennsylvania</cosponsor>, <cosponsor name-id="C001103">Mr. Carter of Georgia</cosponsor>, <cosponsor name-id="K000392">Mr. Kustoff</cosponsor>, and <cosponsor name-id="M001204">Mr. Meuser</cosponsor>) submitted the following joint resolution; which was referred to the <committee-name committee-id="HED00">Committee on Education and the Workforce</committee-name></action-desc></action><legis-type>JOINT RESOLUTION</legis-type><official-title display="yes">Providing for congressional disapproval under <external-xref legal-doc="usc-chapter" parsable-cite="usc-chapter/5/8">chapter 8</external-xref> of title 5, United States Code, of the rule submitted by the Department of Labor relating to <quote>Amendment to Prohibited Transaction Exemptions 75&#8211;1, 77&#8211;4, 80&#8211;83, 83&#8211;1, and 86&#8211;128</quote>.</official-title></form><resolution-body style="traditional" id="HE3DCEA54C2CD4867AEB3B04C4C5D4DFF"> 
<section display-inline="yes-display-inline" section-type="undesignated-section" id="H77076BFDF4954831AE8B9D00D768D703"><text>That Congress disapproves the rule submitted by the Department of Labor relating to <quote>Amendment to Prohibited Transaction Exemptions 75–1, 77–4, 80–83, 83–1, and 86–128</quote> (89 Fed. Reg. 32346 (April 25, 2024)), and such rule shall have no force or effect.</text></section> </resolution-body></resolution>

