<?xml version="1.0"?>
<?xml-stylesheet type="text/xsl" href="billres.xsl"?>
<!DOCTYPE resolution PUBLIC "-//US Congress//DTDs/res.dtd//EN" "res.dtd">
<resolution resolution-stage="Engrossed-in-House" dms-id="H2C120A7E01644E82A813979286B96675" public-private="public" resolution-type="house-concurrent" star-print="no-star-print" key="H" stage-count="1">
<metadata xmlns:dc="http://purl.org/dc/elements/1.1/">
<dublinCore>
<dc:title>118 HCON 84 EH: Authorizing the use of Emancipation Hall in the Capitol Visitor Center for a ceremony to present the Congressional Gold Medal collectively to the 23d Headquarters Special Troops and the 3133d Signal Services Company, known collectively as the “Ghost Army”, in recognition of unique and highly distinguished service during World War II.</dc:title>
<dc:publisher>U.S. House of Representatives</dc:publisher>
<dc:date></dc:date>
<dc:format>text/xml</dc:format>
<dc:language>EN</dc:language>
<dc:rights>Pursuant to Title 17 Section 105 of the United States Code, this file is not subject to copyright protection and is in the public domain.</dc:rights>
</dublinCore>
</metadata>
<form>
<distribution-code display="no">IV</distribution-code>
<congress display="yes">118th CONGRESS</congress>
<session display="yes">2d Session</session>
<legis-num display="yes">H. CON. RES. 84</legis-num>
<current-chamber display="no">IN THE HOUSE OF REPRESENTATIVES</current-chamber>
<legis-type>CONCURRENT RESOLUTION</legis-type>
<official-title display="no">Authorizing the use of Emancipation Hall in the Capitol Visitor Center for a ceremony to present the Congressional Gold Medal collectively to the 23d Headquarters Special Troops and the 3133d Signal Services Company, known collectively as the <quote>Ghost Army</quote>, in recognition of unique and highly distinguished service during World War II.</official-title>
</form>
<resolution-body style="OLC" id="H087BB83926CC4E35824CFCAF295997DB"> 
<section display-inline="no-display-inline" section-type="section-one" id="H1C7EB46ED46C4ED9B0EB92E66EF64F29"><enum>1.</enum><header>Use of Emancipation Hall for ceremony to present Congressional Gold Medal to <quote>Ghost Army</quote></header> 
<subsection id="HE279F86496274AA0ADA39D5A284E90BA"><enum>(a)</enum><header>Authorization</header><text display-inline="yes-display-inline">Emancipation Hall in the Capitol Visitor Center is authorized to be used on March 21, 2024, for a ceremony to present the Congressional Gold Medal collectively to the 23d Headquarters Special Troops and the 3133d Signal Services Company, known collectively as the <quote>Ghost Army</quote>, in recognition of unique and highly distinguished service during World War II.</text></subsection> <subsection id="HDB5307BC57614E588585F301189B2314"><enum>(b)</enum><header>Preparations</header><text>Physical preparations for the conduct of the ceremony described in subsection (a) shall be carried out in accordance with such conditions as the Architect of the Capitol may prescribe.</text></subsection></section> 
</resolution-body>
<attestation><attestation-group><attestation-date date="20240206" chamber="House">Passed the House of Representatives February 6, 2024.</attestation-date><attestor display="no">Cheryl L. Johnson,</attestor><role>Clerk.</role></attestation-group></attestation>
<endorsement display="yes"></endorsement>
</resolution> 


