<?xml version="1.0"?>
<?xml-stylesheet type="text/xsl" href="billres.xsl"?>
<!DOCTYPE resolution PUBLIC "-//US Congress//DTDs/res.dtd//EN" "res.dtd">
<resolution resolution-stage="Introduced-in-House" dms-id="H3823D3D6C22944C6B5101FA4D2D53135" public-private="public" resolution-type="house-concurrent" star-print="no-star-print" key="H"><metadata xmlns:dc="http://purl.org/dc/elements/1.1/">
<dublinCore>
<dc:title>118 HCON 62 IH: Expressing the sense of Congress that Congress, as well as people throughout the Nation, should hold an annual commemorative event on or near August 20th to revere, honor, and remember the victims of slavery in the United States as well as to prevent slavery from ever happening again.</dc:title>
<dc:publisher>U.S. House of Representatives</dc:publisher>
<dc:date>2023-08-18</dc:date>
<dc:format>text/xml</dc:format>
<dc:language>EN</dc:language>
<dc:rights>Pursuant to Title 17 Section 105 of the United States Code, this file is not subject to copyright protection and is in the public domain.</dc:rights>
</dublinCore>
</metadata>
<form>
<distribution-code display="yes">IV</distribution-code><congress display="yes">118th CONGRESS</congress><session display="yes">1st Session</session><legis-num display="yes">H. CON. RES. 62</legis-num><current-chamber>IN THE HOUSE OF REPRESENTATIVES</current-chamber><action display="yes"><action-date date="20230818">August 18, 2023</action-date><action-desc><sponsor name-id="G000553">Mr. Green of Texas</sponsor> submitted the following concurrent resolution; which was referred to the <committee-name committee-id="HGO00">Committee on Oversight and Accountability</committee-name></action-desc></action><legis-type>CONCURRENT RESOLUTION</legis-type><official-title display="yes">Expressing the sense of Congress that Congress, as well as people throughout the Nation, should hold an annual commemorative event on or near August 20th to revere, honor, and remember the victims of slavery in the United States as well as to prevent slavery from ever happening again.</official-title></form><preamble><whereas><text>Whereas this resolution may be cited as the <quote>Original Slavery Remembrance Day Memorialization Resolution</quote>; </text></whereas><whereas><text>Whereas the institution of slavery was a crime against humanity;</text></whereas><whereas><text>Whereas the institution of slavery, which was intrinsically inhumane and abhorrent, imposed countless years of suffering on millions of innocent individuals, forever marking our Nation’s past;</text></whereas><whereas><text>Whereas any attempt to minimize or rationalize the severity of slavery must be steadfastly rejected;</text></whereas><whereas><text>Whereas the abhorrent notion slavery may have been more beneficial than detrimental to those enslaved at any point in time is utterly false and harmful;</text></whereas><whereas><text>Whereas the enslaved people, regardless of their age, sex, or status, were subjected to a spectrum of brutalities and inhumanities, from relentless physical and psychological abuse to systemic dehumanization;</text></whereas><whereas><text>Whereas the forced labor endured by the enslaved was not only physically strenuous but often involved dangerous tasks, leaving the enslaved vulnerable to accidents, disease, and in many cases, resulting in premature death;</text></whereas><whereas><text>Whereas physical punishment, often extreme, was a daily reality for the enslaved, aimed not only at ensuring their submission but also at instilling fear and eroding their self-worth;</text></whereas><whereas><text>Whereas the enslaved in the United States lived under constant threat of sexual exploitation, a tool wielded to exert control and further degrade them;</text></whereas><whereas><text>Whereas one of the most heart-wrenching aspects of slavery was the forced separation of families;</text></whereas><whereas><text>Whereas the system of slavery sinisterly disregarded familial bonds between spouses, siblings, parents and their children by selling them to different enslavers;</text></whereas><whereas><text>Whereas the enslaved were stripped of their dignity, identities, cultures, and languages, by enslavers to erase their humanity;</text></whereas><whereas><text>Whereas many enslaved individuals died unnamed, unacknowledged, and unappreciated, their lives and contributions lost in the shameful shadows of the institution that dehumanized them;</text></whereas><whereas><text>Whereas White supremacy and the repercussions of slavery did not end with the abolition of the institution;</text></whereas><whereas><text>Whereas slavery has left an enduring legacy that can still be observed in various forms, including systemic racism and social inequality;</text></whereas><whereas><text>Whereas descendants of enslaved individuals continue to be impacted by the lasting effects of slavery, manifesting in disparities in health, education, and wealth accumulation;</text></whereas><whereas><text>Whereas it is critical to recognize and address the racial wealth gap, a direct product of slavery and subsequent discriminatory practices, which hampers the ability of African Americans to accumulate wealth comparable to White Americans;</text></whereas><whereas><text>Whereas future generations must be vigilant in recognizing and combating signs of racial prejudice, social inequality, as well as all other forms of invidious discrimination, exploitation, and subjugation;</text></whereas><whereas><text>Whereas the fight against contemporary progenies of slavery, such as human trafficking, must be relentless to ensure history does not repeat itself;</text></whereas><whereas><text>Whereas education and public awareness are essential tools in preventing the resurgence of practices reminiscent of slavery, emphasizing the importance of teaching the history of slavery in a truthful and comprehensive manner;</text></whereas><whereas><text>Whereas, in addition to acknowledging the atrocities committed, it is essential to remember and celebrate the strength, resilience, and contributions of the enslaved, as well as their survival and resistance against a system designed to annihilate their identities and self-worth; and</text></whereas><whereas><text>Whereas the Nation must commit to a continuous process of reconciliation and healing, acknowledging the historical truth about slavery as well as its enduring impact, while working toward meaningful reparative justice: Now, therefore, be it</text></whereas></preamble><resolution-body style="OLC" id="HEC20BA261A60475A931D618062FC6B05"><section display-inline="no-display-inline" section-type="section-one" id="H3FA39F38FAF54FB281B2C597834FBC1A"><enum>1.</enum><header>Short title</header><text display-inline="no-display-inline">This resolution may be cited as the <quote>Original Slavery Remembrance Day Memorialization Resolution</quote>.</text></section><section id="HD54C14F0FFBF402C96EC9596B079DA0C"><enum>2.</enum><header>Slavery Remembrance Day commemorative events</header><subsection id="HBB7C302335E34DF59F8B78F022D5B608"><enum>(a)</enum><header>Encouraging people To hold events</header><paragraph id="H74E0B88480C3471DB0E06379B21B0710"><enum>(1)</enum><header>Architect of the Capitol</header><text display-inline="yes-display-inline">It is the sense of Congress that Congress, in consultation with the Library of Congress and the Smithsonian Institution, should hold an annual commemorative event on an appropriate day at a location in the United States Capitol Complex to revere, honor, and remember the victims of slavery. </text></paragraph><paragraph id="HA075AB9E96BD4DD3AFF0C7A479490FB3"><enum>(2)</enum><header>Others</header><text>Congress encourages all people of good will throughout the Nation to hold an annual commemorative event on an appropriate day to revere, honor, and remember the victims of slavery.</text></paragraph></subsection><subsection id="HFAA58407C3B8405CA97B4EF2A5A2C44D"><enum>(b)</enum><header>Location of events</header><text display-inline="yes-display-inline">It is the sense of Congress that the annual commemorative event described in this section should be held at a location that can provide an appropriate degree of solemnity and dignity for such an occasion.</text></subsection><subsection id="H0FC67570725B403695D5517E3BEA34FF"><enum>(c)</enum><header>Dialogue of event</header><text>It is the sense of Congress that the annual commemorative event described in this section should feature the dialogue recommended in section 3 or a close variation of such dialogue.</text></subsection><subsection id="H12BFA8B01F42455883E6037B5B051411"><enum>(d)</enum><header>Purpose</header><text display-inline="yes-display-inline">The commemorative event described in this section is designed to serve as a memorial to the victims of slavery, to educate the public about the historical reality as well as the lasting impact of slavery, and to inspire continued commitment to not only fight contemporary racial injustice and inequality, but also to continue the struggle for reverence and justice for the enslaved whose lives were sacrificed to make America great.</text></subsection></section><section id="H293F1708F9D7467EADC20BC2E9C8A524"><enum>3.</enum><header>Dialogue</header><subsection id="H0B6BBB35943B4A4F95F8FE38674EFC92"><enum>(a)</enum><header>Contents</header><text display-inline="yes-display-inline">The dialogue recommended in this section is as follows:</text><quoted-block style="OLC" id="H1AC8CE5D190846BFB3A072A161ED4F0F" display-inline="no-display-inline"><list level="paragraph"><list-item>If you can, please join me by standing and placing your right hand over your heart to show heartfelt sorrow for the millions who suffered the horrors of slavery.</list-item><list-item>Over the next few minutes, we will recall various well documented aspects of the experiences of American slaves.</list-item><list-item>At the end of each of these summarized experiences I will say the words <quote>we must</quote>:</list-item><list-item>Immediately after I say, <quote>we must</quote> I would like you (each of you) to, in unison, say <quote>always remember</quote>.</list-item><list-item>Let’s begin.</list-item><list-item>To prevent the evils of slavery from being repeated we must:</list-item><list-item>Always remember.</list-item><list-item>To commemorate the suffering and the lives lost because of slavery we must:</list-item><list-item>Always remember.</list-item><list-item>For the first 20 enslaved Africans who arrived in the British colonies at Point Comfort near what is now Norfolk Virginia on August 20, 1619, we must:</list-item><list-item>Always remember.</list-item><list-item>For the 12 million humans from all walks of life whose lives were stolen from them when they were kidnaped from Africa we must:</list-item><list-item>Always remember.</list-item><list-item>For the Africans sold into slavery by other Africans we must:</list-item><list-item>Always remember.</list-item><list-item>For the 12 percent of human beings who suffered the deadly middle passage and did not survive the horrific voyage to America we must:</list-item><list-item>Always remember.</list-item><list-item>For the men, women, and children on slave ships, many of whom were kept naked and packed close together, with many shackled and chained we must:</list-item><list-item>Always remember.</list-item><list-item>For enslaved human beings who often worked from sunup to after sundown, 6 to 7 days a week often without food we must:</list-item><list-item>Always remember.</list-item><list-item>For the mothers and fathers who were separated from their children and sold on the auction blocks we must:</list-item><list-item>Always remember.</list-item><list-item>For the freedom fighters such as Nat Turner who fought to free enslaved people; who gave their lives in the fight for freedom and justice we must:</list-item><list-item>Always remember.</list-item><list-item>For the tens of thousands of slaves who risked their lives in search of freedom on the Underground Railroad we must:</list-item><list-item>Always remember.</list-item><list-item>For freedom fighters such as Harriet Tubman, who escaped slavery and dedicated her life to returning to the South no less than 13 times freeing enslaved men women and children, we must:</list-item><list-item>Always remember.</list-item><list-item>For the White liberators like John Brown and President Abraham Lincoln who lived and died combating the horrific institution of slavery we must:</list-item><list-item>Always remember.</list-item><list-item>To commemorate the centuries of suffering, the years of tears shed, the history of hearts broken, the brutality of blood spilled, and the grieving over lives lost because of slavery we must:</list-item><list-item>Always remember.</list-item><list-item>Yet, in the spirit of righteous remembrance imbued with love for our country that hasn’t always loved its brothers and sisters of African ancestry, we have to acknowledge that:</list-item><list-item>In spite of slavery and despite its invidious offsprings: mass lynchings, convict leasing, Black codes, lawful segregation, and institutional racism, African Americans have come a laudably long way.</list-item><list-item>From our arrival on slave ships to our ascension to judgeships, </list-item><list-item>From surviving the Middle Passage to thriving among the masses,</list-item><list-item>From shackled in chains to creating societal change,</list-item><list-item>From sitting in the back of buses to owning bus companies,</list-item><list-item>From having no house to living in the White House,</list-item><list-item>From painfully picking cotton to proudly picking Presidents,</list-item><list-item>From adult males and females being disrespectfully called boy and girl to being respectfully presented as Mr. President and Madam Vice President.</list-item><list-item>The truth be told, although we have come a long way, we still have a way to go.</list-item><list-item>In closing let us resolve that as we forge forward we will commemorate our past and embrace our destiny, always remembering the hardships people of African heritage have endured in tandem with the victories won in spite of the seemingly invincible challenges emanating from insidious slavery and its invidious progenies!</list-item><list-item>Through it all we must:</list-item><list-item>Always Remember.</list-item><list-item>We must:</list-item><list-item>Always Remember.</list-item><list-item>We must:</list-item><list-item>Always Remember.</list-item><list-item>If you can, I would ask that you participate in a moment of silent solemnity at noon on August 20th wherever you may be. </list-item><list-item>During this moment, wherever you are, place your right hand over your heart and with a moment of silent solemnity, give thought to the millions who toiled and lost their lives under slavery, and lovingly utter the phrase <quote>I Remember</quote>. </list-item></list><after-quoted-block>.</after-quoted-block></quoted-block></subsection><subsection id="HA5C413ACD6E1435A9D2F0EBAAE57B381"><enum>(b)</enum><header>Recitation</header><text>The dialogue set forth in subsection (a) is to be recited by the leader of the event, except that each instance of <quote>Always remember.</quote> is to be recited by the audience. </text></subsection></section></resolution-body></resolution> 

