<mods xmlns:xlink="http://www.w3.org/1999/xlink" xmlns:xsi="http://www.w3.org/2001/XMLSchema-instance" xmlns="http://www.loc.gov/mods/v3" version="3.3" xsi:schemaLocation="http://www.loc.gov/mods/v3 http://www.loc.gov/standards/mods/v3/mods-3-3.xsd" ID="P0b002ee1c8cd0437">
    <name type="corporate">
         <namePart>United States Government Publishing Office</namePart>
         <role>
              <roleTerm authority="marcrelator" type="text">publisher</roleTerm>
              <roleTerm authority="marcrelator" type="code">pbl</roleTerm>
        </role>
         <role>
              <roleTerm authority="marcrelator" type="text">distributor</roleTerm>
              <roleTerm authority="marcrelator" type="code">dst</roleTerm>
        </role>
    </name>
    <name type="corporate">
         <namePart>United States</namePart>
         <namePart>Congress</namePart>
         <namePart>House of Representatives</namePart>
         <role>
              <roleTerm authority="marcrelator" type="text">author</roleTerm>
              <roleTerm authority="marcrelator" type="code">aut</roleTerm>
        </role>
         <description>Government Organization</description>
    </name>
    <typeOfResource>text</typeOfResource>
    <genre authority="marcgt">government publication</genre>
    <language>
         <languageTerm type="code" authority="iso639-2b">eng</languageTerm>
    </language>
    <extension>
         <collectionCode>BILLS</collectionCode>
         <searchTitle>Expressing the sense of Congress that wrongfully or unjustly deported people who have established significant ties through years of life in the United States deserve a chance to come home to reunite with loved ones through a fair and central process within the Department of Homeland Security.;H. Con. Res. 119 (IH)
    </searchTitle>
         <category>Bills and Statutes</category>
         <waisDatabaseName>118_cong_bills</waisDatabaseName>
         <branch>legislative</branch>
         <dateIngested>2024-07-11</dateIngested>
    </extension>
    <titleInfo>
         <title>Expressing the sense of Congress that wrongfully or unjustly deported people who have established significant ties through years of life in the United States deserve a chance to come home to reunite with loved ones through a fair and central process within the Department of Homeland Security.</title>
    </titleInfo>
    <titleInfo type="alternative">
         <title>H. Con. Res. 119 (IH)
    </title>
    </titleInfo>
    <originInfo>
         <publisher>U.S. Government Publishing Office</publisher>
         <dateIssued encoding="w3cdtf">2024-07-10</dateIssued>
         <issuance>monographic</issuance>
    </originInfo>
    <physicalDescription>
         <note type="source content type">deposited</note>
         <digitalOrigin>born digital</digitalOrigin>
         <extent>5 p.</extent>
    </physicalDescription>
    <classification authority="sudocs">Y 1.6:</classification>
    <classification authority="sudocs">Y 1.4/9:</classification>
    <identifier type="local">P0b002ee1c8cd0437</identifier>
    <identifier type="uri">https://www.govinfo.gov/app/details/BILLS-118hconres119ih</identifier>
    <identifier type="preferred citation">H. Con. Res. 119</identifier>
    <identifier type="stock number">021-610-00252-9</identifier>
    <identifier type="Parent ILS system id">000501532</identifier>
    <identifier type="Child ILS system id">000325575</identifier>
    <identifier type="Parent ILS title">Congressional bills</identifier>
    <identifier type="Child ILS title">House concurrent resolutions</identifier>
    <identifier type="former package identifier">f:hc119_ih.txt</identifier>
    <location>
         <url displayLabel="Content Detail" access="object in context">https://www.govinfo.gov/app/details/BILLS-118hconres119ih</url>
         <url displayLabel="HTML rendition" access="raw object">https://www.govinfo.gov/content/pkg/BILLS-118hconres119ih/html/BILLS-118hconres119ih.htm</url>
         <url displayLabel="PDF rendition" access="raw object">https://www.govinfo.gov/content/pkg/BILLS-118hconres119ih/pdf/BILLS-118hconres119ih.pdf</url>
         <url displayLabel="XML rendition" access="raw object">https://www.govinfo.gov/content/pkg/BILLS-118hconres119ih/xml/BILLS-118hconres119ih.xml</url>
    </location>
    <accessCondition type="GPO scope determination">fdlp</accessCondition>
    <recordInfo>
         <recordContentSource authority="marcorg">DGPO</recordContentSource>
         <recordCreationDate encoding="w3cdtf">2024-07-11</recordCreationDate>
         <recordChangeDate encoding="w3cdtf">2024-07-11</recordChangeDate>
         <recordIdentifier source="DGPO">BILLS-118hconres119ih</recordIdentifier>
         <recordOrigin>machine generated</recordOrigin>
         <languageOfCataloging>
              <languageTerm type="code" authority="iso639-2b">eng</languageTerm>
        </languageOfCataloging>
    </recordInfo>
    <name type="personal">
         <namePart>Emanuel Cleaver</namePart>
         <affiliation>United States House of Representatives</affiliation>
         <role>
              <roleTerm authority="marcrelator" type="text">sponsor</roleTerm>
              <roleTerm authority="marcrelator" type="code">spn</roleTerm>
        </role>
         <description>United States Congress Member</description>
    </name>
    <name type="personal">
         <namePart>Adriano Espaillat</namePart>
         <affiliation>United States House of Representatives</affiliation>
         <role>
              <roleTerm type="text">cosponsor</roleTerm>
        </role>
         <description>United States Congress Member</description>
    </name>
    <name type="personal">
         <namePart>David J. Trone</namePart>
         <affiliation>United States House of Representatives</affiliation>
         <role>
              <roleTerm type="text">cosponsor</roleTerm>
        </role>
         <description>United States Congress Member</description>
    </name>
    <name type="personal">
         <namePart>Raul M. Grijalva</namePart>
         <affiliation>United States House of Representatives</affiliation>
         <role>
              <roleTerm type="text">cosponsor</roleTerm>
        </role>
         <description>United States Congress Member</description>
    </name>
    <name type="personal">
         <namePart>Juan Vargas</namePart>
         <affiliation>United States House of Representatives</affiliation>
         <role>
              <roleTerm type="text">cosponsor</roleTerm>
        </role>
         <description>United States Congress Member</description>
    </name>
    <name type="personal">
         <namePart>Frederica S. Wilson</namePart>
         <affiliation>United States House of Representatives</affiliation>
         <role>
              <roleTerm type="text">cosponsor</roleTerm>
        </role>
         <description>United States Congress Member</description>
    </name>
    <name type="personal">
         <namePart>Nikema Williams</namePart>
         <affiliation>United States House of Representatives</affiliation>
         <role>
              <roleTerm type="text">cosponsor</roleTerm>
        </role>
         <description>United States Congress Member</description>
    </name>
    <name type="personal">
         <namePart>Delia C. Ramirez</namePart>
         <affiliation>United States House of Representatives</affiliation>
         <role>
              <roleTerm type="text">cosponsor</roleTerm>
        </role>
         <description>United States Congress Member</description>
    </name>
    <name type="personal">
         <namePart>Bonnie Watson Coleman</namePart>
         <affiliation>United States House of Representatives</affiliation>
         <role>
              <roleTerm type="text">cosponsor</roleTerm>
        </role>
         <description>United States Congress Member</description>
    </name>
    <name type="personal">
         <namePart>Nydia M. Velazquez</namePart>
         <affiliation>United States House of Representatives</affiliation>
         <role>
              <roleTerm type="text">cosponsor</roleTerm>
        </role>
         <description>United States Congress Member</description>
    </name>
    <name type="personal">
         <namePart>Sheila Jackson Lee</namePart>
         <affiliation>United States House of Representatives</affiliation>
         <role>
              <roleTerm type="text">cosponsor</roleTerm>
        </role>
         <description>United States Congress Member</description>
    </name>
    <name type="personal">
         <namePart>Eleanor Holmes Norton</namePart>
         <affiliation>United States House of Representatives</affiliation>
         <role>
              <roleTerm type="text">cosponsor</roleTerm>
        </role>
         <description>United States Congress Member</description>
    </name>
    <name type="personal">
         <namePart>James P. McGovern</namePart>
         <affiliation>United States House of Representatives</affiliation>
         <role>
              <roleTerm type="text">cosponsor</roleTerm>
        </role>
         <description>United States Congress Member</description>
    </name>
    <name type="corporate">
         <namePart>United States</namePart>
         <namePart>Congress</namePart>
         <namePart>House of Representatives</namePart>
         <namePart>Committee on the Judiciary</namePart>
         <role>
              <roleTerm authority="marcrelator" type="text">associated name</roleTerm>
              <roleTerm authority="marcrelator" type="code">asn</roleTerm>
        </role>
    </name>
    <extension>
         <docClass>hconres</docClass>
         <accessId>BILLS-118hconres119ih</accessId>
         <congress>118</congress>
         <session>2</session>
         <originChamber>HOUSE</originChamber>
         <currentChamber>HOUSE</currentChamber>
         <billNumber>119</billNumber>
         <billVersion reprint="false">ih</billVersion>
         <fileSuffix>ih</fileSuffix>
         <officialTitle>Expressing the sense of Congress that wrongfully or unjustly deported people who have established significant ties through years of life in the United States deserve a chance to come home to reunite with loved ones through a fair and central process within the Department of Homeland Security.</officialTitle>
         <action date="2024-07-10">Mr. Cleaver (for himself, Mr. Espaillat, Mr. Trone, Mr. Grijalva, Ms. Barragán, Mr. Vargas, Ms. Wilson of Florida, Ms. Williams of Georgia, Mrs. Ramirez, Mrs. Watson Coleman, Ms. Velázquez, Ms. Jackson Lee, Ms. Norton, and Mr. McGovern) submitted the following concurrent resolution; which was referred to the Committee on the Judiciary</action>
         <congCommittee authorityId="hsju00" chamber="H" congress="118" type="S">
                                
              <name type="authority-standard">Committee on the Judiciary</name>
                                
              <name type="authority-short">Judiciary</name>
                            
        </congCommittee>
         <congMember bioGuideId="C001061" chamber="H" congress="118" party="D" role="SPONSOR" state="MO">
                                
              <name type="parsed">Mr. Cleaver</name>
                                
              <name type="authority-fnf">Emanuel Cleaver</name>
                                
              <name type="authority-lnf">Cleaver, Emanuel</name>
                            
        </congMember>
         <congMember bioGuideId="E000297" chamber="H" congress="118" party="D" role="COSPONSOR" state="NY">
                                
              <name type="parsed">Mr. Espaillat</name>
                                
              <name type="authority-fnf">Adriano Espaillat</name>
                                
              <name type="authority-lnf">Espaillat, Adriano</name>
                            
        </congMember>
         <congMember bioGuideId="T000483" chamber="H" congress="118" party="D" role="COSPONSOR" state="MD">
                                
              <name type="parsed">Mr. Trone</name>
                                
              <name type="authority-fnf">David J. Trone</name>
                                
              <name type="authority-lnf">Trone, David J.</name>
                                
              <name type="authority-other">Mr. David Trone</name>
                            
        </congMember>
         <congMember bioGuideId="G000551" chamber="H" congress="118" party="D" role="COSPONSOR" state="AZ">
                                
              <name type="parsed">Mr. Grijalva</name>
                                
              <name type="authority-fnf">Raul M. Grijalva</name>
                                
              <name type="authority-lnf">Grijalva, Raul M.</name>
                                
              <name type="authority-other">Mr. Raul Grijalva</name>
                            
        </congMember>
         <congMember bioGuideId="V000130" chamber="H" congress="118" party="D" role="COSPONSOR" state="CA">
                                
              <name type="parsed">Mr. Vargas</name>
                                
              <name type="authority-fnf">Juan Vargas</name>
                                
              <name type="authority-lnf">Vargas, Juan</name>
                            
        </congMember>
         <congMember bioGuideId="W000808" chamber="H" congress="118" party="D" role="COSPONSOR" state="FL">
                                
              <name type="parsed">Ms. Wilson of Florida</name>
                                
              <name type="authority-fnf">Frederica S. Wilson</name>
                                
              <name type="authority-lnf">Wilson, Frederica S.</name>
                                
              <name type="authority-other">Ms. Frederica Wilson</name>
                            
        </congMember>
         <congMember bioGuideId="W000788" chamber="H" congress="118" party="D" role="COSPONSOR" state="GA">
                                
              <name type="parsed">Ms. Williams of Georgia</name>
                                
              <name type="authority-fnf">Nikema Williams</name>
                                
              <name type="authority-lnf">Williams, Nikema</name>
                            
        </congMember>
         <congMember bioGuideId="R000617" chamber="H" congress="118" party="D" role="COSPONSOR" state="IL">
                                
              <name type="parsed">Mrs. Ramirez</name>
                                
              <name type="authority-fnf">Delia C. Ramirez</name>
                                
              <name type="authority-lnf">Ramirez, Delia C.</name>
                                
              <name type="authority-other">Mrs. Delia Ramirez</name>
                            
        </congMember>
         <congMember bioGuideId="W000822" chamber="H" congress="118" party="D" role="COSPONSOR" state="NJ">
                                
              <name type="parsed">Mrs. Watson Coleman</name>
                                
              <name type="authority-fnf">Bonnie Watson Coleman</name>
                                
              <name type="authority-lnf">Watson Coleman, Bonnie</name>
                            
        </congMember>
         <congMember bioGuideId="V000081" chamber="H" congress="118" party="D" role="COSPONSOR" state="NY">
                                
              <name type="parsed">Ms. Velázquez</name>
                                
              <name type="authority-fnf">Nydia M. Velazquez</name>
                                
              <name type="authority-lnf">Velazquez, Nydia M.</name>
                                
              <name type="authority-other">Ms. Nydia Velazquez</name>
                            
        </congMember>
         <congMember bioGuideId="J000032" chamber="H" congress="118" party="D" role="COSPONSOR" state="TX">
                                
              <name type="parsed">Ms. Jackson Lee</name>
                                
              <name type="authority-fnf">Sheila Jackson Lee</name>
                                
              <name type="authority-lnf">Jackson Lee, Sheila</name>
                            
        </congMember>
         <congMember bioGuideId="N000147" chamber="H" congress="118" party="D" role="COSPONSOR" state="DC">
                                
              <name type="parsed">Ms. Norton</name>
                                
              <name type="authority-fnf">Eleanor Holmes Norton</name>
                                
              <name type="authority-lnf">Norton, Eleanor Holmes</name>
                                
              <name type="authority-other">Ms. Eleanor Norton</name>
                            
        </congMember>
         <congMember bioGuideId="M000312" chamber="H" congress="118" party="D" role="COSPONSOR" state="MA">
                                
              <name type="parsed">Mr. McGovern</name>
                                
              <name type="authority-fnf">James P. McGovern</name>
                                
              <name type="authority-lnf">McGovern, James P.</name>
                                
              <name type="authority-other">Mr. James Mcgovern</name>
                            
        </congMember>
         <isPrivate>false</isPrivate>
         <isAppropriation>false</isAppropriation>
    </extension>
</mods>