<mods xmlns:xlink="http://www.w3.org/1999/xlink" xmlns:xsi="http://www.w3.org/2001/XMLSchema-instance" xmlns="http://www.loc.gov/mods/v3" version="3.3" xsi:schemaLocation="http://www.loc.gov/mods/v3 http://www.loc.gov/standards/mods/v3/mods-3-3.xsd" ID="P0b002ee1c771c94d">
    <name type="corporate">
         <namePart>United States Government Publishing Office</namePart>
         <role>
              <roleTerm authority="marcrelator" type="text">publisher</roleTerm>
              <roleTerm authority="marcrelator" type="code">pbl</roleTerm>
        </role>
         <role>
              <roleTerm authority="marcrelator" type="text">distributor</roleTerm>
              <roleTerm authority="marcrelator" type="code">dst</roleTerm>
        </role>
    </name>
    <name type="corporate">
         <namePart>United States</namePart>
         <namePart>Congress</namePart>
         <namePart>House of Representatives</namePart>
         <role>
              <roleTerm authority="marcrelator" type="text">author</roleTerm>
              <roleTerm authority="marcrelator" type="code">aut</roleTerm>
        </role>
         <description>Government Organization</description>
    </name>
    <typeOfResource>text</typeOfResource>
    <genre authority="marcgt">government publication</genre>
    <language>
         <languageTerm type="code" authority="iso639-2b">eng</languageTerm>
    </language>
    <extension>
         <collectionCode>BILLS</collectionCode>
         <searchTitle>Providing for congressional disapproval under chapter 8 of title 5, United States Code, of the rule submitted by the National Marine Fisheries Service relating to Endangered and Threatened Wildlife and Plants; Listing Endangered and Threatened Species and Designating Critical Habitat.;H.J. Res. 157 (IH)
    </searchTitle>
         <category>Bills and Statutes</category>
         <waisDatabaseName>118_cong_bills</waisDatabaseName>
         <branch>legislative</branch>
         <dateIngested>2024-05-24</dateIngested>
    </extension>
    <titleInfo>
         <title>Providing for congressional disapproval under chapter 8 of title 5, United States Code, of the rule submitted by the National Marine Fisheries Service relating to Endangered and Threatened Wildlife and Plants; Listing Endangered and Threatened Species and Designating Critical Habitat.</title>
    </titleInfo>
    <titleInfo type="alternative">
         <title>H.J. Res. 157 (IH)
    </title>
    </titleInfo>
    <originInfo>
         <publisher>U.S. Government Publishing Office</publisher>
         <dateIssued encoding="w3cdtf">2024-05-23</dateIssued>
         <issuance>monographic</issuance>
    </originInfo>
    <physicalDescription>
         <note type="source content type">deposited</note>
         <digitalOrigin>born digital</digitalOrigin>
         <extent>2 p.</extent>
    </physicalDescription>
    <classification authority="sudocs">Y 1.6:</classification>
    <classification authority="sudocs">Y 1.4/8:</classification>
    <identifier type="local">P0b002ee1c771c94d</identifier>
    <identifier type="uri">https://www.govinfo.gov/app/details/BILLS-118hjres157ih</identifier>
    <identifier type="preferred citation">H.J. Res. 157</identifier>
    <identifier type="stock number">021-610-00252-9</identifier>
    <identifier type="Parent ILS system id">000501532</identifier>
    <identifier type="Child ILS system id">000325570</identifier>
    <identifier type="Parent ILS title">Congressional bills</identifier>
    <identifier type="Child ILS title">House joint resolutions</identifier>
    <identifier type="former package identifier">f:hj157_ih.txt</identifier>
    <location>
         <url displayLabel="Content Detail" access="object in context">https://www.govinfo.gov/app/details/BILLS-118hjres157ih</url>
         <url displayLabel="HTML rendition" access="raw object">https://www.govinfo.gov/content/pkg/BILLS-118hjres157ih/html/BILLS-118hjres157ih.htm</url>
         <url displayLabel="PDF rendition" access="raw object">https://www.govinfo.gov/content/pkg/BILLS-118hjres157ih/pdf/BILLS-118hjres157ih.pdf</url>
         <url displayLabel="XML rendition" access="raw object">https://www.govinfo.gov/content/pkg/BILLS-118hjres157ih/xml/BILLS-118hjres157ih.xml</url>
    </location>
    <accessCondition type="GPO scope determination">fdlp</accessCondition>
    <recordInfo>
         <recordContentSource authority="marcorg">DGPO</recordContentSource>
         <recordCreationDate encoding="w3cdtf">2024-05-24</recordCreationDate>
         <recordChangeDate encoding="w3cdtf">2024-05-25</recordChangeDate>
         <recordIdentifier source="DGPO">BILLS-118hjres157ih</recordIdentifier>
         <recordOrigin>machine generated</recordOrigin>
         <languageOfCataloging>
              <languageTerm type="code" authority="iso639-2b">eng</languageTerm>
        </languageOfCataloging>
    </recordInfo>
    <name type="personal">
         <namePart>Harriet M. Hageman</namePart>
         <affiliation>United States House of Representatives</affiliation>
         <role>
              <roleTerm authority="marcrelator" type="text">sponsor</roleTerm>
              <roleTerm authority="marcrelator" type="code">spn</roleTerm>
        </role>
         <description>United States Congress Member</description>
    </name>
    <name type="personal">
         <namePart>Dan Newhouse</namePart>
         <affiliation>United States House of Representatives</affiliation>
         <role>
              <roleTerm type="text">cosponsor</roleTerm>
        </role>
         <description>United States Congress Member</description>
    </name>
    <name type="personal">
         <namePart>Celeste Maloy</namePart>
         <affiliation>United States House of Representatives</affiliation>
         <role>
              <roleTerm type="text">cosponsor</roleTerm>
        </role>
         <description>United States Congress Member</description>
    </name>
    <name type="personal">
         <namePart>Lauren Boebert</namePart>
         <affiliation>United States House of Representatives</affiliation>
         <role>
              <roleTerm type="text">cosponsor</roleTerm>
        </role>
         <description>United States Congress Member</description>
    </name>
    <name type="personal">
         <namePart>Ryan K. Zinke</namePart>
         <affiliation>United States House of Representatives</affiliation>
         <role>
              <roleTerm type="text">cosponsor</roleTerm>
        </role>
         <description>United States Congress Member</description>
    </name>
    <name type="corporate">
         <namePart>United States</namePart>
         <namePart>Congress</namePart>
         <namePart>House of Representatives</namePart>
         <namePart>Committee on Natural Resources</namePart>
         <role>
              <roleTerm authority="marcrelator" type="text">associated name</roleTerm>
              <roleTerm authority="marcrelator" type="code">asn</roleTerm>
        </role>
    </name>
    <relatedItem type="isReferencedBy">
         <titleInfo>
              <title>United States Code</title>
              <partNumber>Title 5 Chapter 8</partNumber>
        </titleInfo>
         <identifier type="USC citation">5 U.S.C. Chapter 8</identifier>
    </relatedItem>
    <extension>
         <docClass>hjres</docClass>
         <accessId>BILLS-118hjres157ih</accessId>
         <congress>118</congress>
         <session>2</session>
         <originChamber>HOUSE</originChamber>
         <currentChamber>HOUSE</currentChamber>
         <billNumber>157</billNumber>
         <billVersion reprint="false">ih</billVersion>
         <fileSuffix>ih</fileSuffix>
         <officialTitle>Providing for congressional disapproval under chapter 8 of title 5, United States Code, of the rule submitted by the National Marine Fisheries Service relating to Endangered and Threatened Wildlife and Plants; Listing Endangered and Threatened Species and Designating Critical Habitat.</officialTitle>
         <action date="2024-05-23">Ms. Hageman (for herself, Mr. Newhouse, Ms. Maloy, Ms. Boebert, and Mr. Zinke) submitted the following joint resolution; which was referred to the Committee on Natural Resources</action>
         <congCommittee authorityId="hsii00" chamber="H" congress="118" type="S">
                                
              <name type="authority-standard">Committee on Natural Resources</name>
                                
              <name type="authority-short">Natural Resources</name>
                            
        </congCommittee>
         <congMember bioGuideId="H001096" chamber="H" congress="118" party="R" role="SPONSOR" state="WY">
                                
              <name type="parsed">Ms. Hageman</name>
                                
              <name type="authority-fnf">Harriet M. Hageman</name>
                                
              <name type="authority-lnf">Hageman, Harriet M.</name>
                                
              <name type="authority-other">Ms. Harriet Hageman</name>
                            
        </congMember>
         <congMember bioGuideId="N000189" chamber="H" congress="118" party="R" role="COSPONSOR" state="WA">
                                
              <name type="parsed">Mr. Newhouse</name>
                                
              <name type="authority-fnf">Dan Newhouse</name>
                                
              <name type="authority-lnf">Newhouse, Dan</name>
                            
        </congMember>
         <congMember bioGuideId="M001228" chamber="H" congress="118" party="R" role="COSPONSOR" state="UT">
                                
              <name type="parsed">Ms. Maloy</name>
                                
              <name type="authority-fnf">Celeste Maloy</name>
                                
              <name type="authority-lnf">Maloy, Celeste</name>
                            
        </congMember>
         <congMember bioGuideId="B000825" chamber="H" congress="118" party="R" role="COSPONSOR" state="CO">
                                
              <name type="parsed">Ms. Boebert</name>
                                
              <name type="authority-fnf">Lauren Boebert</name>
                                
              <name type="authority-lnf">Boebert, Lauren</name>
                            
        </congMember>
         <congMember bioGuideId="Z000018" chamber="H" congress="118" party="R" role="COSPONSOR" state="MT">
                                
              <name type="parsed">Mr. Zinke</name>
                                
              <name type="authority-fnf">Ryan K. Zinke</name>
                                
              <name type="authority-lnf">Zinke, Ryan K.</name>
                                
              <name type="authority-other">Mr. Ryan Zinke</name>
                            
        </congMember>
         <isPrivate>false</isPrivate>
         <isAppropriation>false</isAppropriation>
         <USCode title="5">
                                
              <chapter number="8"></chapter>
                            
        </USCode>
    </extension>
</mods>