<mods xmlns:xlink="http://www.w3.org/1999/xlink" xmlns:xsi="http://www.w3.org/2001/XMLSchema-instance" xmlns="http://www.loc.gov/mods/v3" version="3.3" xsi:schemaLocation="http://www.loc.gov/mods/v3 http://www.loc.gov/standards/mods/v3/mods-3-3.xsd" ID="P0b002ee1bbe9a9c6">
    <name type="corporate">
         <namePart>United States Government Publishing Office</namePart>
         <role>
              <roleTerm authority="marcrelator" type="text">publisher</roleTerm>
              <roleTerm authority="marcrelator" type="code">pbl</roleTerm>
        </role>
         <role>
              <roleTerm authority="marcrelator" type="text">distributor</roleTerm>
              <roleTerm authority="marcrelator" type="code">dst</roleTerm>
        </role>
    </name>
    <name type="corporate">
         <namePart>United States</namePart>
         <namePart>Congress</namePart>
         <namePart>Senate</namePart>
         <role>
              <roleTerm authority="marcrelator" type="text">author</roleTerm>
              <roleTerm authority="marcrelator" type="code">aut</roleTerm>
        </role>
         <description>Government Organization</description>
    </name>
    <name type="corporate">
         <namePart>United States</namePart>
         <namePart>Congress</namePart>
         <namePart>House of Representatives</namePart>
         <role>
              <roleTerm authority="marcrelator" type="text">author</roleTerm>
              <roleTerm authority="marcrelator" type="code">aut</roleTerm>
        </role>
         <description>Government Organization</description>
    </name>
    <typeOfResource>text</typeOfResource>
    <genre authority="marcgt">government publication</genre>
    <language>
         <languageTerm type="code" authority="iso639-2b">eng</languageTerm>
    </language>
    <extension>
         <collectionCode>BILLS</collectionCode>
         <searchTitle>Denouncing the horrors of socialism.;H. Con. Res. 9 (RFS)
    </searchTitle>
         <category>Bills and Statutes</category>
         <waisDatabaseName>118_cong_bills</waisDatabaseName>
         <branch>legislative</branch>
         <dateIngested>2023-02-08</dateIngested>
    </extension>
    <titleInfo>
         <title>Denouncing the horrors of socialism.</title>
    </titleInfo>
    <titleInfo type="alternative">
         <title>H. Con. Res. 9 (RFS)
    </title>
    </titleInfo>
    <originInfo>
         <publisher>U.S. Government Publishing Office</publisher>
         <dateIssued encoding="w3cdtf">2023-02-07</dateIssued>
         <issuance>monographic</issuance>
    </originInfo>
    <physicalDescription>
         <note type="source content type">deposited</note>
         <digitalOrigin>born digital</digitalOrigin>
         <extent>3 p.</extent>
    </physicalDescription>
    <classification authority="sudocs">Y 1.6:</classification>
    <classification authority="sudocs">Y 1.4/9:</classification>
    <identifier type="local">P0b002ee1bbe9a9c6</identifier>
    <identifier type="uri">https://www.govinfo.gov/app/details/BILLS-118hconres9rfs</identifier>
    <identifier type="preferred citation">H. Con. Res. 9</identifier>
    <identifier type="stock number">021-610-00252-9</identifier>
    <identifier type="Parent ILS system id">000501532</identifier>
    <identifier type="Child ILS system id">000325575</identifier>
    <identifier type="Parent ILS title">Congressional bills</identifier>
    <identifier type="Child ILS title">House concurrent resolutions</identifier>
    <identifier type="former package identifier">f:hc9_rfs.txt</identifier>
    <location>
         <url displayLabel="Content Detail" access="object in context">https://www.govinfo.gov/app/details/BILLS-118hconres9rfs</url>
         <url displayLabel="HTML rendition" access="raw object">https://www.govinfo.gov/content/pkg/BILLS-118hconres9rfs/html/BILLS-118hconres9rfs.htm</url>
         <url displayLabel="PDF rendition" access="raw object">https://www.govinfo.gov/content/pkg/BILLS-118hconres9rfs/pdf/BILLS-118hconres9rfs.pdf</url>
         <url displayLabel="XML rendition" access="raw object">https://www.govinfo.gov/content/pkg/BILLS-118hconres9rfs/xml/BILLS-118hconres9rfs.xml</url>
    </location>
    <accessCondition type="GPO scope determination">fdlp</accessCondition>
    <recordInfo>
         <recordContentSource authority="marcorg">DGPO</recordContentSource>
         <recordCreationDate encoding="w3cdtf">2023-02-08</recordCreationDate>
         <recordChangeDate encoding="w3cdtf">2023-02-09</recordChangeDate>
         <recordIdentifier source="DGPO">BILLS-118hconres9rfs</recordIdentifier>
         <recordOrigin>machine generated</recordOrigin>
         <languageOfCataloging>
              <languageTerm type="code" authority="iso639-2b">eng</languageTerm>
        </languageOfCataloging>
    </recordInfo>
    <name type="corporate">
         <namePart>United States</namePart>
         <namePart>Congress</namePart>
         <namePart>Senate</namePart>
         <namePart>Committee on the Judiciary</namePart>
         <role>
              <roleTerm authority="marcrelator" type="text">associated name</roleTerm>
              <roleTerm authority="marcrelator" type="code">asn</roleTerm>
        </role>
    </name>
    <extension>
         <docClass>hconres</docClass>
         <accessId>BILLS-118hconres9rfs</accessId>
         <congress>118</congress>
         <session>1</session>
         <originChamber>HOUSE</originChamber>
         <currentChamber>SENATE</currentChamber>
         <billNumber>9</billNumber>
         <billVersion reprint="false">rfs</billVersion>
         <fileSuffix>rfs</fileSuffix>
         <officialTitle>Denouncing the horrors of socialism.</officialTitle>
         <action date="2023-02-07">Received; referred to the Committee on the Judiciary</action>
         <congCommittee authorityId="ssju00" chamber="S" congress="118" type="S">
                                
              <name type="authority-standard">Committee on the Judiciary</name>
                                
              <name type="authority-short">Judiciary</name>
                            
        </congCommittee>
         <isPrivate>false</isPrivate>
         <isAppropriation>false</isAppropriation>
    </extension>
</mods>