<?xml version="1.0"?>
<?xml-stylesheet type="text/xsl" href="billres.xsl"?>
<!DOCTYPE resolution PUBLIC "-//US Congress//DTDs/res.dtd//EN" "res.dtd">
<resolution resolution-stage="Reported-in-House" dms-id="H04C977D912904687B5B1CA12E8299E48" public-private="public" resolution-type="house-joint" star-print="no-star-print" key="H"><metadata xmlns:dc="http://purl.org/dc/elements/1.1/">
<dublinCore>
<dc:title>118 HJ 66 RH: Disapproving the rule submitted by the Consumer Financial Protection Bureau relating to “Small Business Lending Under the Equal Credit Opportunity Act (Regulation B)”.</dc:title>
<dc:publisher>U.S. House of Representatives</dc:publisher>
<dc:date>2023-11-28</dc:date>
<dc:format>text/xml</dc:format>
<dc:language>EN</dc:language>
<dc:rights>Pursuant to Title 17 Section 105 of the United States Code, this file is not subject to copyright protection and is in the public domain.</dc:rights>
</dublinCore>
</metadata>
<form>
<distribution-code display="yes">IB</distribution-code><calendar display="yes">Union Calendar No. 224</calendar><congress display="yes">118th CONGRESS</congress><session display="yes">1st Session</session><legis-num display="yes">H. J. RES. 66</legis-num><associated-doc role="report" display="yes">[Report No. 118–279]</associated-doc><current-chamber>IN THE HOUSE OF REPRESENTATIVES</current-chamber><action display="yes"><action-date date="20230531">May 31, 2023</action-date><action-desc><sponsor name-id="W000816">Mr. Williams of Texas</sponsor> (for himself, <cosponsor name-id="B001282">Mr. Barr</cosponsor>, and <cosponsor name-id="O000175">Mr. Ogles</cosponsor>) submitted the following joint resolution; which was referred to the <committee-name committee-id="HBA00">Committee on Financial Services</committee-name></action-desc></action><action display="yes"><action-date date="20231128">November 28, 2023</action-date><action-desc>Additional sponsors: <cosponsor name-id="S000250">Mr. Sessions</cosponsor>, <cosponsor name-id="F000475">Mr. Finstad</cosponsor>, <cosponsor name-id="D000594">Ms. De La Cruz</cosponsor>, <cosponsor name-id="S001213">Mr. Steil</cosponsor>, <cosponsor name-id="M001204">Mr. Meuser</cosponsor>, <cosponsor name-id="B001317">Mr. Brecheen</cosponsor>, <cosponsor name-id="J000299">Mr. Johnson of Louisiana</cosponsor>, <cosponsor name-id="D000626">Mr. Davidson</cosponsor>, <cosponsor name-id="L000569">Mr. Luetkemeyer</cosponsor>, <cosponsor name-id="H001072">Mr. Hill</cosponsor>, <cosponsor name-id="N000190">Mr. Norman</cosponsor>, <cosponsor name-id="J000304">Mr. Jackson of Texas</cosponsor>, <cosponsor name-id="F000471">Mr. Fitzgerald</cosponsor>, <cosponsor name-id="E000235">Mr. Ezell</cosponsor>, <cosponsor name-id="F000446">Mr. Feenstra</cosponsor>, <cosponsor name-id="F000474">Mr. Flood</cosponsor>, <cosponsor name-id="K000392">Mr. Kustoff</cosponsor>, <cosponsor name-id="A000377">Mr. Armstrong</cosponsor>, <cosponsor name-id="J000301">Mr. Johnson of South Dakota</cosponsor>, <cosponsor name-id="G000576">Mr. Grothman</cosponsor>, <cosponsor name-id="H001096">Ms. Hageman</cosponsor>, <cosponsor name-id="G000579">Mr. Gallagher</cosponsor>, <cosponsor name-id="W000812">Mrs. Wagner</cosponsor>, <cosponsor name-id="M001212">Mr. Moore of Alabama</cosponsor>, <cosponsor name-id="M001195">Mr. Mooney</cosponsor>, <cosponsor name-id="C001115">Mr. Cloud</cosponsor>, <cosponsor name-id="M001194">Mr. Moolenaar</cosponsor>, <cosponsor name-id="M001215">Mrs. Miller-Meeks</cosponsor>, <cosponsor name-id="A000375">Mr. Arrington</cosponsor>, <cosponsor name-id="V000134">Ms. Van Duyne</cosponsor>, <cosponsor name-id="G000591">Mr. Guest</cosponsor>, <cosponsor name-id="Y000067">Mr. Yakym</cosponsor>, <cosponsor name-id="P000048">Mr. Pfluger</cosponsor>, <cosponsor name-id="M001224">Mr. Moran</cosponsor>, <cosponsor name-id="B001248">Mr. Burgess</cosponsor>, <cosponsor name-id="K000388">Mr. Kelly of Mississippi</cosponsor>, and <cosponsor name-id="D000628">Mr. Dunn of Florida</cosponsor></action-desc></action><action display="yes"><action-date date="20231128">November 28, 2023</action-date><action-desc>Reported from the <committee-name committee-id="HBA00">Committee on Financial Services</committee-name>; committed to the Committee of the Whole House on the State of the Union and ordered to be printed</action-desc></action><legis-type>JOINT RESOLUTION</legis-type><official-title display="yes">Disapproving the rule submitted by the Consumer Financial Protection Bureau relating to <quote>Small Business Lending Under the Equal Credit Opportunity Act (Regulation B)</quote>.</official-title></form><resolution-body style="OLC" id="H9542E046EB6041489C1B8994A3736BDF"><section display-inline="yes-display-inline" section-type="undesignated-section" id="H4F597523ABF044C2899458B7E9F4A9E2"><text display-inline="yes-display-inline">That Congress disapproves the rule submitted by the Consumer Financial Protection Bureau relating to <quote>Small Business Lending Under the Equal Credit Opportunity Act (Regulation B)</quote> (88 Fed. Reg. 35150), and such rule shall have no force or effect.</text></section></resolution-body><endorsement display="yes"><action-date date="20231128">November 28, 2023</action-date><action-desc>Committed to the Committee of the Whole House on the State of the Union and ordered to be printed</action-desc></endorsement></resolution> 

