<mods xmlns:xlink="http://www.w3.org/1999/xlink" xmlns:xsi="http://www.w3.org/2001/XMLSchema-instance" xmlns="http://www.loc.gov/mods/v3" version="3.3" xsi:schemaLocation="http://www.loc.gov/mods/v3 http://www.loc.gov/standards/mods/v3/mods-3-3.xsd" ID="P0b002ee1c75b61d1">
    <name type="corporate">
         <namePart>United States Government Publishing Office</namePart>
         <role>
              <roleTerm authority="marcrelator" type="text">publisher</roleTerm>
              <roleTerm authority="marcrelator" type="code">pbl</roleTerm>
        </role>
         <role>
              <roleTerm authority="marcrelator" type="text">distributor</roleTerm>
              <roleTerm authority="marcrelator" type="code">dst</roleTerm>
        </role>
    </name>
    <name type="corporate">
         <namePart>United States</namePart>
         <namePart>Congress</namePart>
         <namePart>House of Representatives</namePart>
         <role>
              <roleTerm authority="marcrelator" type="text">author</roleTerm>
              <roleTerm authority="marcrelator" type="code">aut</roleTerm>
        </role>
         <description>Government Organization</description>
    </name>
    <typeOfResource>text</typeOfResource>
    <genre authority="marcgt">government publication</genre>
    <language>
         <languageTerm type="code" authority="iso639-2b">eng</languageTerm>
    </language>
    <extension>
         <collectionCode>BILLS</collectionCode>
         <searchTitle>Providing for congressional disapproval under chapter 8 of title 5, United States Code, of the rule submitted by the Environmental Protection Agency relating to Hazardous and Solid Waste Management System: Disposal of Coal Combustion Residuals From Electric Utilities; Legacy CCR Surface Impoundments.;H.J. Res. 152 (IH)
    </searchTitle>
         <category>Bills and Statutes</category>
         <waisDatabaseName>118_cong_bills</waisDatabaseName>
         <branch>legislative</branch>
         <dateIngested>2024-05-24</dateIngested>
    </extension>
    <titleInfo>
         <title>Providing for congressional disapproval under chapter 8 of title 5, United States Code, of the rule submitted by the Environmental Protection Agency relating to Hazardous and Solid Waste Management System: Disposal of Coal Combustion Residuals From Electric Utilities; Legacy CCR Surface Impoundments.</title>
    </titleInfo>
    <titleInfo type="alternative">
         <title>H.J. Res. 152 (IH)
    </title>
    </titleInfo>
    <originInfo>
         <publisher>U.S. Government Publishing Office</publisher>
         <dateIssued encoding="w3cdtf">2024-05-22</dateIssued>
         <issuance>monographic</issuance>
    </originInfo>
    <physicalDescription>
         <note type="source content type">deposited</note>
         <digitalOrigin>born digital</digitalOrigin>
         <extent>2 p.</extent>
    </physicalDescription>
    <classification authority="sudocs">Y 1.6:</classification>
    <classification authority="sudocs">Y 1.4/8:</classification>
    <identifier type="local">P0b002ee1c75b61d1</identifier>
    <identifier type="uri">https://www.govinfo.gov/app/details/BILLS-118hjres152ih</identifier>
    <identifier type="preferred citation">H.J. Res. 152</identifier>
    <identifier type="stock number">021-610-00252-9</identifier>
    <identifier type="Parent ILS system id">000501532</identifier>
    <identifier type="Child ILS system id">000325570</identifier>
    <identifier type="Parent ILS title">Congressional bills</identifier>
    <identifier type="Child ILS title">House joint resolutions</identifier>
    <identifier type="former package identifier">f:hj152_ih.txt</identifier>
    <location>
         <url displayLabel="Content Detail" access="object in context">https://www.govinfo.gov/app/details/BILLS-118hjres152ih</url>
         <url displayLabel="HTML rendition" access="raw object">https://www.govinfo.gov/content/pkg/BILLS-118hjres152ih/html/BILLS-118hjres152ih.htm</url>
         <url displayLabel="PDF rendition" access="raw object">https://www.govinfo.gov/content/pkg/BILLS-118hjres152ih/pdf/BILLS-118hjres152ih.pdf</url>
         <url displayLabel="XML rendition" access="raw object">https://www.govinfo.gov/content/pkg/BILLS-118hjres152ih/xml/BILLS-118hjres152ih.xml</url>
    </location>
    <accessCondition type="GPO scope determination">fdlp</accessCondition>
    <recordInfo>
         <recordContentSource authority="marcorg">DGPO</recordContentSource>
         <recordCreationDate encoding="w3cdtf">2024-05-24</recordCreationDate>
         <recordChangeDate encoding="w3cdtf">2024-05-24</recordChangeDate>
         <recordIdentifier source="DGPO">BILLS-118hjres152ih</recordIdentifier>
         <recordOrigin>machine generated</recordOrigin>
         <languageOfCataloging>
              <languageTerm type="code" authority="iso639-2b">eng</languageTerm>
        </languageOfCataloging>
    </recordInfo>
    <name type="personal">
         <namePart>H. Morgan Griffith</namePart>
         <affiliation>United States House of Representatives</affiliation>
         <role>
              <roleTerm authority="marcrelator" type="text">sponsor</roleTerm>
              <roleTerm authority="marcrelator" type="code">spn</roleTerm>
        </role>
         <description>United States Congress Member</description>
    </name>
    <name type="personal">
         <namePart>Debbie Lesko</namePart>
         <affiliation>United States House of Representatives</affiliation>
         <role>
              <roleTerm type="text">cosponsor</roleTerm>
        </role>
         <description>United States Congress Member</description>
    </name>
    <name type="personal">
         <namePart>Kelly Armstrong</namePart>
         <affiliation>United States House of Representatives</affiliation>
         <role>
              <roleTerm type="text">cosponsor</roleTerm>
        </role>
         <description>United States Congress Member</description>
    </name>
    <name type="personal">
         <namePart>Mike Bost</namePart>
         <affiliation>United States House of Representatives</affiliation>
         <role>
              <roleTerm type="text">cosponsor</roleTerm>
        </role>
         <description>United States Congress Member</description>
    </name>
    <name type="personal">
         <namePart>Earl L. &quot;Buddy&quot; Carter</namePart>
         <affiliation>United States House of Representatives</affiliation>
         <role>
              <roleTerm type="text">cosponsor</roleTerm>
        </role>
         <description>United States Congress Member</description>
    </name>
    <name type="personal">
         <namePart>Gary J. Palmer</namePart>
         <affiliation>United States House of Representatives</affiliation>
         <role>
              <roleTerm type="text">cosponsor</roleTerm>
        </role>
         <description>United States Congress Member</description>
    </name>
    <name type="personal">
         <namePart>Carol D. Miller</namePart>
         <affiliation>United States House of Representatives</affiliation>
         <role>
              <roleTerm type="text">cosponsor</roleTerm>
        </role>
         <description>United States Congress Member</description>
    </name>
    <name type="personal">
         <namePart>Robert E. Latta</namePart>
         <affiliation>United States House of Representatives</affiliation>
         <role>
              <roleTerm type="text">cosponsor</roleTerm>
        </role>
         <description>United States Congress Member</description>
    </name>
    <name type="personal">
         <namePart>James R. Baird</namePart>
         <affiliation>United States House of Representatives</affiliation>
         <role>
              <roleTerm type="text">cosponsor</roleTerm>
        </role>
         <description>United States Congress Member</description>
    </name>
    <name type="personal">
         <namePart>Randy K. Weber, Sr.</namePart>
         <affiliation>United States House of Representatives</affiliation>
         <role>
              <roleTerm type="text">cosponsor</roleTerm>
        </role>
         <description>United States Congress Member</description>
    </name>
    <name type="personal">
         <namePart>John Joyce</namePart>
         <affiliation>United States House of Representatives</affiliation>
         <role>
              <roleTerm type="text">cosponsor</roleTerm>
        </role>
         <description>United States Congress Member</description>
    </name>
    <name type="personal">
         <namePart>Jeff Duncan</namePart>
         <affiliation>United States House of Representatives</affiliation>
         <role>
              <roleTerm type="text">cosponsor</roleTerm>
        </role>
         <description>United States Congress Member</description>
    </name>
    <name type="personal">
         <namePart>Scott Perry</namePart>
         <affiliation>United States House of Representatives</affiliation>
         <role>
              <roleTerm type="text">cosponsor</roleTerm>
        </role>
         <description>United States Congress Member</description>
    </name>
    <name type="personal">
         <namePart>Troy Balderson</namePart>
         <affiliation>United States House of Representatives</affiliation>
         <role>
              <roleTerm type="text">cosponsor</roleTerm>
        </role>
         <description>United States Congress Member</description>
    </name>
    <name type="personal">
         <namePart>Daniel Meuser</namePart>
         <affiliation>United States House of Representatives</affiliation>
         <role>
              <roleTerm type="text">cosponsor</roleTerm>
        </role>
         <description>United States Congress Member</description>
    </name>
    <name type="personal">
         <namePart>Glenn Grothman</namePart>
         <affiliation>United States House of Representatives</affiliation>
         <role>
              <roleTerm type="text">cosponsor</roleTerm>
        </role>
         <description>United States Congress Member</description>
    </name>
    <name type="personal">
         <namePart>Andrew Ogles</namePart>
         <affiliation>United States House of Representatives</affiliation>
         <role>
              <roleTerm type="text">cosponsor</roleTerm>
        </role>
         <description>United States Congress Member</description>
    </name>
    <name type="personal">
         <namePart>Brett Guthrie</namePart>
         <affiliation>United States House of Representatives</affiliation>
         <role>
              <roleTerm type="text">cosponsor</roleTerm>
        </role>
         <description>United States Congress Member</description>
    </name>
    <name type="personal">
         <namePart>Greg Pence</namePart>
         <affiliation>United States House of Representatives</affiliation>
         <role>
              <roleTerm type="text">cosponsor</roleTerm>
        </role>
         <description>United States Congress Member</description>
    </name>
    <name type="personal">
         <namePart>Richard Hudson</namePart>
         <affiliation>United States House of Representatives</affiliation>
         <role>
              <roleTerm type="text">cosponsor</roleTerm>
        </role>
         <description>United States Congress Member</description>
    </name>
    <name type="personal">
         <namePart>Glenn Thompson</namePart>
         <affiliation>United States House of Representatives</affiliation>
         <role>
              <roleTerm type="text">cosponsor</roleTerm>
        </role>
         <description>United States Congress Member</description>
    </name>
    <name type="personal">
         <namePart>Guy Reschenthaler</namePart>
         <affiliation>United States House of Representatives</affiliation>
         <role>
              <roleTerm type="text">cosponsor</roleTerm>
        </role>
         <description>United States Congress Member</description>
    </name>
    <name type="personal">
         <namePart>Robert J. Wittman</namePart>
         <affiliation>United States House of Representatives</affiliation>
         <role>
              <roleTerm type="text">cosponsor</roleTerm>
        </role>
         <description>United States Congress Member</description>
    </name>
    <name type="personal">
         <namePart>Rick W. Allen</namePart>
         <affiliation>United States House of Representatives</affiliation>
         <role>
              <roleTerm type="text">cosponsor</roleTerm>
        </role>
         <description>United States Congress Member</description>
    </name>
    <name type="personal">
         <namePart>Alexander X. Mooney</namePart>
         <affiliation>United States House of Representatives</affiliation>
         <role>
              <roleTerm type="text">cosponsor</roleTerm>
        </role>
         <description>United States Congress Member</description>
    </name>
    <name type="personal">
         <namePart>Mary E. Miller</namePart>
         <affiliation>United States House of Representatives</affiliation>
         <role>
              <roleTerm type="text">cosponsor</roleTerm>
        </role>
         <description>United States Congress Member</description>
    </name>
    <name type="personal">
         <namePart>Jake Ellzey</namePart>
         <affiliation>United States House of Representatives</affiliation>
         <role>
              <roleTerm type="text">cosponsor</roleTerm>
        </role>
         <description>United States Congress Member</description>
    </name>
    <name type="corporate">
         <namePart>United States</namePart>
         <namePart>Congress</namePart>
         <namePart>House of Representatives</namePart>
         <namePart>Committee on Energy and Commerce</namePart>
         <role>
              <roleTerm authority="marcrelator" type="text">associated name</roleTerm>
              <roleTerm authority="marcrelator" type="code">asn</roleTerm>
        </role>
    </name>
    <relatedItem type="isReferencedBy">
         <titleInfo>
              <title>United States Code</title>
              <partNumber>Title 5 Chapter 8</partNumber>
        </titleInfo>
         <identifier type="USC citation">5 U.S.C. Chapter 8</identifier>
    </relatedItem>
    <extension>
         <docClass>hjres</docClass>
         <accessId>BILLS-118hjres152ih</accessId>
         <congress>118</congress>
         <session>2</session>
         <originChamber>HOUSE</originChamber>
         <currentChamber>HOUSE</currentChamber>
         <billNumber>152</billNumber>
         <billVersion reprint="false">ih</billVersion>
         <fileSuffix>ih</fileSuffix>
         <officialTitle>Providing for congressional disapproval under chapter 8 of title 5, United States Code, of the rule submitted by the Environmental Protection Agency relating to Hazardous and Solid Waste Management System: Disposal of Coal Combustion Residuals From Electric Utilities; Legacy CCR Surface Impoundments.</officialTitle>
         <action date="2024-05-22">Mr. Griffith (for himself, Mrs. Lesko, Mr. Armstrong, Mr. Bost, Mr. Carter of Georgia, Mr. Palmer, Mrs. Miller of West Virginia, Mr. Latta, Mr. Baird, Mr. Weber of Texas, Mr. Joyce of Pennsylvania, Mr. Duncan, Mr. Perry, Mr. Balderson, Mr. Meuser, Mr. Grothman, Mr. Ogles, Mr. Guthrie, Mr. Pence, Mr. Hudson, Mr. Thompson of Pennsylvania, Mr. Reschenthaler, Mr. Wittman, Mr. Allen, Mr. Mooney, Mrs. Miller of Illinois, and Mr. Ellzey) submitted the following joint resolution; which was referred to the Committee on Energy and Commerce</action>
         <congCommittee authorityId="hsif00" chamber="H" congress="118" type="S">
                                
              <name type="authority-standard">Committee on Energy and Commerce</name>
                                
              <name type="authority-short">Energy and Commerce</name>
                            
        </congCommittee>
         <congMember bioGuideId="G000568" chamber="H" congress="118" party="R" role="SPONSOR" state="VA">
                                
              <name type="parsed">Mr. Griffith</name>
                                
              <name type="authority-fnf">H. Morgan Griffith</name>
                                
              <name type="authority-lnf">Griffith, H. Morgan</name>
                            
        </congMember>
         <congMember bioGuideId="L000589" chamber="H" congress="118" party="R" role="COSPONSOR" state="AZ">
                                
              <name type="parsed">Mrs. Lesko</name>
                                
              <name type="authority-fnf">Debbie Lesko</name>
                                
              <name type="authority-lnf">Lesko, Debbie</name>
                            
        </congMember>
         <congMember bioGuideId="A000377" chamber="H" congress="118" party="R" role="COSPONSOR" state="ND">
                                
              <name type="parsed">Mr. Armstrong</name>
                                
              <name type="authority-fnf">Kelly Armstrong</name>
                                
              <name type="authority-lnf">Armstrong, Kelly</name>
                            
        </congMember>
         <congMember bioGuideId="B001295" chamber="H" congress="118" party="R" role="COSPONSOR" state="IL">
                                
              <name type="parsed">Mr. Bost</name>
                                
              <name type="authority-fnf">Mike Bost</name>
                                
              <name type="authority-lnf">Bost, Mike</name>
                            
        </congMember>
         <congMember bioGuideId="C001103" chamber="H" congress="118" party="R" role="COSPONSOR" state="GA">
                                
              <name type="parsed">Mr. Carter of Georgia</name>
                                
              <name type="authority-fnf">Earl L. &quot;Buddy&quot; Carter</name>
                                
              <name type="authority-lnf">Carter, Earl L. &quot;Buddy&quot;</name>
                                
              <name type="authority-other">Mr. Earl Carter</name>
                            
        </congMember>
         <congMember bioGuideId="P000609" chamber="H" congress="118" party="R" role="COSPONSOR" state="AL">
                                
              <name type="parsed">Mr. Palmer</name>
                                
              <name type="authority-fnf">Gary J. Palmer</name>
                                
              <name type="authority-lnf">Palmer, Gary J.</name>
                                
              <name type="authority-other">Mr. Gary Palmer</name>
                            
        </congMember>
         <congMember bioGuideId="M001205" chamber="H" congress="118" party="R" role="COSPONSOR" state="WV">
                                
              <name type="parsed">Mrs. Miller of West Virginia</name>
                                
              <name type="authority-fnf">Carol D. Miller</name>
                                
              <name type="authority-lnf">Miller, Carol D.</name>
                                
              <name type="authority-other">Mrs. Carol Miller</name>
                            
        </congMember>
         <congMember bioGuideId="L000566" chamber="H" congress="118" party="R" role="COSPONSOR" state="OH">
                                
              <name type="parsed">Mr. Latta</name>
                                
              <name type="authority-fnf">Robert E. Latta</name>
                                
              <name type="authority-lnf">Latta, Robert E.</name>
                                
              <name type="authority-other">Mr. Robert Latta</name>
                            
        </congMember>
         <congMember bioGuideId="B001307" chamber="H" congress="118" party="R" role="COSPONSOR" state="IN">
                                
              <name type="parsed">Mr. Baird</name>
                                
              <name type="authority-fnf">James R. Baird</name>
                                
              <name type="authority-lnf">Baird, James R.</name>
                                
              <name type="authority-other">Mr. James Baird</name>
                            
        </congMember>
         <congMember bioGuideId="W000814" chamber="H" congress="118" party="R" role="COSPONSOR" state="TX">
                                
              <name type="parsed">Mr. Weber of Texas</name>
                                
              <name type="authority-fnf">Randy K. Weber, Sr.</name>
                                
              <name type="authority-lnf">Weber, Randy K.</name>
                                
              <name type="authority-other">Mr. Randy Weber Sr.</name>
                            
        </congMember>
         <congMember bioGuideId="J000302" chamber="H" congress="118" party="R" role="COSPONSOR" state="PA">
                                
              <name type="parsed">Mr. Joyce of Pennsylvania</name>
                                
              <name type="authority-fnf">John Joyce</name>
                                
              <name type="authority-lnf">Joyce, John</name>
                            
        </congMember>
         <congMember bioGuideId="D000615" chamber="H" congress="118" party="R" role="COSPONSOR" state="SC">
                                
              <name type="parsed">Mr. Duncan</name>
                                
              <name type="authority-fnf">Jeff Duncan</name>
                                
              <name type="authority-lnf">Duncan, Jeff</name>
                            
        </congMember>
         <congMember bioGuideId="P000605" chamber="H" congress="118" party="R" role="COSPONSOR" state="PA">
                                
              <name type="parsed">Mr. Perry</name>
                                
              <name type="authority-fnf">Scott Perry</name>
                                
              <name type="authority-lnf">Perry, Scott</name>
                            
        </congMember>
         <congMember bioGuideId="B001306" chamber="H" congress="118" party="R" role="COSPONSOR" state="OH">
                                
              <name type="parsed">Mr. Balderson</name>
                                
              <name type="authority-fnf">Troy Balderson</name>
                                
              <name type="authority-lnf">Balderson, Troy</name>
                            
        </congMember>
         <congMember bioGuideId="M001204" chamber="H" congress="118" party="R" role="COSPONSOR" state="PA">
                                
              <name type="parsed">Mr. Meuser</name>
                                
              <name type="authority-fnf">Daniel Meuser</name>
                                
              <name type="authority-lnf">Meuser, Daniel</name>
                            
        </congMember>
         <congMember bioGuideId="G000576" chamber="H" congress="118" party="R" role="COSPONSOR" state="WI">
                                
              <name type="parsed">Mr. Grothman</name>
                                
              <name type="authority-fnf">Glenn Grothman</name>
                                
              <name type="authority-lnf">Grothman, Glenn</name>
                            
        </congMember>
         <congMember bioGuideId="O000175" chamber="H" congress="118" party="R" role="COSPONSOR" state="TN">
                                
              <name type="parsed">Mr. Ogles</name>
                                
              <name type="authority-fnf">Andrew Ogles</name>
                                
              <name type="authority-lnf">Ogles, Andrew</name>
                            
        </congMember>
         <congMember bioGuideId="G000558" chamber="H" congress="118" party="R" role="COSPONSOR" state="KY">
                                
              <name type="parsed">Mr. Guthrie</name>
                                
              <name type="authority-fnf">Brett Guthrie</name>
                                
              <name type="authority-lnf">Guthrie, Brett</name>
                            
        </congMember>
         <congMember bioGuideId="P000615" chamber="H" congress="118" party="R" role="COSPONSOR" state="IN">
                                
              <name type="parsed">Mr. Pence</name>
                                
              <name type="authority-fnf">Greg Pence</name>
                                
              <name type="authority-lnf">Pence, Greg</name>
                            
        </congMember>
         <congMember bioGuideId="H001067" chamber="H" congress="118" party="R" role="COSPONSOR" state="NC">
                                
              <name type="parsed">Mr. Hudson</name>
                                
              <name type="authority-fnf">Richard Hudson</name>
                                
              <name type="authority-lnf">Hudson, Richard</name>
                            
        </congMember>
         <congMember bioGuideId="T000467" chamber="H" congress="118" party="R" role="COSPONSOR" state="PA">
                                
              <name type="parsed">Mr. Thompson of Pennsylvania</name>
                                
              <name type="authority-fnf">Glenn Thompson</name>
                                
              <name type="authority-lnf">Thompson, Glenn</name>
                            
        </congMember>
         <congMember bioGuideId="R000610" chamber="H" congress="118" party="R" role="COSPONSOR" state="PA">
                                
              <name type="parsed">Mr. Reschenthaler</name>
                                
              <name type="authority-fnf">Guy Reschenthaler</name>
                                
              <name type="authority-lnf">Reschenthaler, Guy</name>
                            
        </congMember>
         <congMember bioGuideId="W000804" chamber="H" congress="118" party="R" role="COSPONSOR" state="VA">
                                
              <name type="parsed">Mr. Wittman</name>
                                
              <name type="authority-fnf">Robert J. Wittman</name>
                                
              <name type="authority-lnf">Wittman, Robert J.</name>
                                
              <name type="authority-other">Mr. Robert Wittman</name>
                            
        </congMember>
         <congMember bioGuideId="A000372" chamber="H" congress="118" party="R" role="COSPONSOR" state="GA">
                                
              <name type="parsed">Mr. Allen</name>
                                
              <name type="authority-fnf">Rick W. Allen</name>
                                
              <name type="authority-lnf">Allen, Rick W.</name>
                                
              <name type="authority-other">Mr. Rick Allen</name>
                            
        </congMember>
         <congMember bioGuideId="M001195" chamber="H" congress="118" party="R" role="COSPONSOR" state="WV">
                                
              <name type="parsed">Mr. Mooney</name>
                                
              <name type="authority-fnf">Alexander X. Mooney</name>
                                
              <name type="authority-lnf">Mooney, Alexander X.</name>
                                
              <name type="authority-other">Mr. Alexander Mooney</name>
                            
        </congMember>
         <congMember bioGuideId="M001211" chamber="H" congress="118" party="R" role="COSPONSOR" state="IL">
                                
              <name type="parsed">Mrs. Miller of Illinois</name>
                                
              <name type="authority-fnf">Mary E. Miller</name>
                                
              <name type="authority-lnf">Miller, Mary E.</name>
                                
              <name type="authority-other">Mrs. Mary Miller</name>
                            
        </congMember>
         <congMember bioGuideId="E000071" chamber="H" congress="118" party="R" role="COSPONSOR" state="TX">
                                
              <name type="parsed">Mr. Ellzey</name>
                                
              <name type="authority-fnf">Jake Ellzey</name>
                                
              <name type="authority-lnf">Ellzey, Jake</name>
                            
        </congMember>
         <isPrivate>false</isPrivate>
         <isAppropriation>false</isAppropriation>
         <USCode title="5">
                                
              <chapter number="8"></chapter>
                            
        </USCode>
    </extension>
</mods>