<?xml version="1.0"?>
<?xml-stylesheet type="text/xsl" href="billres.xsl"?>
<!DOCTYPE resolution PUBLIC "-//US Congress//DTDs/res.dtd//EN" "res.dtd">
<resolution resolution-stage="Introduced-in-House" dms-id="HA0A57D51694C4090841E5B1EF754D438" public-private="public" resolution-type="house-concurrent" star-print="no-star-print" key="H"><metadata xmlns:dc="http://purl.org/dc/elements/1.1/">
<dublinCore>
<dc:title>118 HCON 61 IH: Supporting Israeli democracy.</dc:title>
<dc:publisher>U.S. House of Representatives</dc:publisher>
<dc:date>2023-07-27</dc:date>
<dc:format>text/xml</dc:format>
<dc:language>EN</dc:language>
<dc:rights>Pursuant to Title 17 Section 105 of the United States Code, this file is not subject to copyright protection and is in the public domain.</dc:rights>
</dublinCore>
</metadata>
<form>
<distribution-code display="yes">IV</distribution-code><congress display="yes">118th CONGRESS</congress><session display="yes">1st Session</session><legis-num display="yes">H. CON. RES. 61</legis-num><current-chamber>IN THE HOUSE OF REPRESENTATIVES</current-chamber><action display="yes"><action-date date="20230727">July 27, 2023</action-date><action-desc><sponsor name-id="S001145">Ms. Schakowsky</sponsor> (for herself, <cosponsor name-id="K000382">Ms. Kuster</cosponsor>, <cosponsor name-id="N000002">Mr. Nadler</cosponsor>, <cosponsor name-id="R000606">Mr. Raskin</cosponsor>, <cosponsor name-id="G000599">Mr. Goldman of New York</cosponsor>, <cosponsor name-id="D000631">Ms. Dean of Pennsylvania</cosponsor>, <cosponsor name-id="C001078">Mr. Connolly</cosponsor>, <cosponsor name-id="E000215">Ms. Eshoo</cosponsor>, <cosponsor name-id="B001285">Ms. Brownley</cosponsor>, <cosponsor name-id="D000216">Ms. DeLauro</cosponsor>, <cosponsor name-id="L000551">Ms. Lee of California</cosponsor>, <cosponsor name-id="T000472">Mr. Takano</cosponsor>, and <cosponsor name-id="W000826">Ms. Wild</cosponsor>) submitted the following concurrent resolution; which was referred to the <committee-name committee-id="HFA00">Committee on Foreign Affairs</committee-name></action-desc></action><legis-type>CONCURRENT RESOLUTION</legis-type><official-title display="yes">Supporting Israeli democracy.</official-title></form><resolution-body style="traditional" id="H5FDC7E0F9AF047FAB67FC217495777A3"><section display-inline="yes-display-inline" section-type="undesignated-section" id="HBDF3820987F04B9AAF3916EF15F9A0EA"><enum/><text>That it is the sense of Congress that—</text><paragraph id="H373D97EB1CAD470690B9B7A971E3528E"><enum>(1)</enum><text>democracy is at the core of the special relationship between the United States and Israel;</text></paragraph><paragraph id="HD257049AFA0744DA97F406E6B807D72E"><enum>(2)</enum><text display-inline="yes-display-inline">Congress opposes actions that undermine Israel’s future as a Jewish, democratic State; and</text></paragraph><paragraph id="HC9896BD232F54F36AB690F0D1B1B40A7"><enum>(3)</enum><text>Congress stands with all Israelis seeking to defend liberal democracy, judicial review, and independent political institutions acting in a system of checks and balances.</text></paragraph></section></resolution-body></resolution> 

