<?xml version="1.0"?>
<?xml-stylesheet type="text/xsl" href="billres.xsl"?>
<!DOCTYPE resolution PUBLIC "-//US Congress//DTDs/res.dtd//EN" "res.dtd">
<resolution resolution-stage="Introduced-in-House" dms-id="H5CBCB236724040AA9E843D1285F4E6AC" public-private="public" resolution-type="house-joint" star-print="no-star-print" key="H"><metadata xmlns:dc="http://purl.org/dc/elements/1.1/">
<dublinCore>
<dc:title>118 HJ 119 IH: Providing for congressional disapproval under chapter 8 of title 5, United States Code, of the rule submitted by the Securities and Exchange Commission relating to “Private Fund Advisers; Documentation of Registered Investment Adviser Compliance Reviews”.</dc:title>
<dc:publisher>U.S. House of Representatives</dc:publisher>
<dc:date>2024-03-21</dc:date>
<dc:format>text/xml</dc:format>
<dc:language>EN</dc:language>
<dc:rights>Pursuant to Title 17 Section 105 of the United States Code, this file is not subject to copyright protection and is in the public domain.</dc:rights>
</dublinCore>
</metadata>
<form>
<distribution-code display="yes">IA</distribution-code><congress display="yes">118th CONGRESS</congress><session display="yes">2d Session</session><legis-num display="yes">H. J. RES. 119</legis-num><current-chamber>IN THE HOUSE OF REPRESENTATIVES</current-chamber><action display="yes"><action-date date="20240321">March 21, 2024</action-date><action-desc><sponsor name-id="M001195">Mr. Mooney</sponsor> (for himself, <cosponsor name-id="M001204">Mr. Meuser</cosponsor>, <cosponsor name-id="O000175">Mr. Ogles</cosponsor>, and <cosponsor name-id="H001072">Mr. Hill</cosponsor>) submitted the following joint resolution; which was referred to the <committee-name committee-id="HBA00">Committee on Financial Services</committee-name></action-desc></action><legis-type>JOINT RESOLUTION</legis-type><official-title display="yes">Providing for congressional disapproval under <external-xref legal-doc="usc-chapter" parsable-cite="usc-chapter/5/8">chapter 8</external-xref> of title 5, United States Code, of the rule submitted by the Securities and Exchange Commission relating to <quote>Private Fund Advisers; Documentation of Registered Investment Adviser Compliance Reviews</quote>.</official-title></form><resolution-body style="OLC" display-resolving-clause="yes-display-resolving-clause" id="HA093372306804378A2A91357C730A62A"><section id="H3EE72A9D861349618BE02FF138CD4C11" display-inline="yes-display-inline" section-type="undesignated-section" commented="no"><text display-inline="yes-display-inline">That Congress disapproves the rule submitted by the Securities and Exchange Commission relating to <quote>Private Fund Advisers; Documentation of Registered Investment Adviser Compliance Reviews</quote> (88 Fed. Reg. 63206; published September 14, 2023), and such rule shall have no force or effect.</text></section></resolution-body></resolution> 

