<?xml version="1.0"?>
<?xml-stylesheet type="text/xsl" href="billres.xsl"?>
<!DOCTYPE resolution PUBLIC "-//US Congress//DTDs/res.dtd//EN" "res.dtd">
<resolution resolution-stage="Introduced-in-House" dms-id="H4F0687AF0F714AAB9E3991EC5F0D3038" public-private="public" resolution-type="house-concurrent" star-print="no-star-print" key="H"><metadata xmlns:dc="http://purl.org/dc/elements/1.1/">
<dublinCore>
<dc:title>118 HCON 47 IH: Expressing the need for the Senate to provide advice and consent to ratification of the United Nations Convention on Biological Diversity.</dc:title>
<dc:publisher>U.S. House of Representatives</dc:publisher>
<dc:date>2023-05-22</dc:date>
<dc:format>text/xml</dc:format>
<dc:language>EN</dc:language>
<dc:rights>Pursuant to Title 17 Section 105 of the United States Code, this file is not subject to copyright protection and is in the public domain.</dc:rights>
</dublinCore>
</metadata>
<form>
<distribution-code display="yes">IV</distribution-code><congress display="yes">118th CONGRESS</congress><session display="yes">1st Session</session><legis-num display="yes">H. CON. RES. 47</legis-num><current-chamber>IN THE HOUSE OF REPRESENTATIVES</current-chamber><action display="yes"><action-date date="20230522">May 22, 2023</action-date><action-desc><sponsor name-id="S001218">Ms. Stansbury</sponsor> (for herself, <cosponsor name-id="B001300">Ms. Barrag&#225;n</cosponsor>, <cosponsor name-id="B000574">Mr. Blumenauer</cosponsor>, <cosponsor name-id="B001278">Ms. Bonamici</cosponsor>, <cosponsor name-id="E000297">Mr. Espaillat</cosponsor>, <cosponsor name-id="G000551">Mr. Grijalva</cosponsor>, <cosponsor name-id="N000147">Ms. Norton</cosponsor>, <cosponsor name-id="L000602">Ms. Lee of Pennsylvania</cosponsor>, <cosponsor name-id="M001163">Ms. Matsui</cosponsor>, <cosponsor name-id="S001150">Mr. Schiff</cosponsor>, and <cosponsor name-id="T000481">Ms. Tlaib</cosponsor>) submitted the following concurrent resolution; which was referred to the <committee-name committee-id="HFA00">Committee on Foreign Affairs</committee-name></action-desc></action><legis-type>CONCURRENT RESOLUTION</legis-type><official-title display="yes">Expressing the need for the Senate to provide advice and consent to ratification of the United Nations Convention on Biological Diversity.</official-title></form><preamble> 
<whereas><text>Whereas human actions are contributing to an unprecedented and increasing loss of biodiversity worldwide;</text></whereas> <whereas><text>Whereas nearly 1,000,000 species could be threatened with extinction;</text></whereas> 
<whereas><text>Whereas every United Nations member state has ratified the Convention on Biological Diversity, done at Rio de Janeiro June 5, 1992, with the exception of the United States;</text></whereas> <whereas><text>Whereas the United States signed the Convention on Biological Diversity in 1993 but has not ratified the treaty;</text></whereas> 
<whereas><text>Whereas the United States, under current domestic law, is already legally compliant with the obligations of the Convention;</text></whereas> <whereas><text>Whereas Federal agencies often design their plans to align with Convention on Biological Diversity initiatives;</text></whereas> 
<whereas><text>Whereas the absence of the United States from the Convention on Biological Diversity limits the United States to holding the status of an <quote>observer</quote> to deliberations and decision making processes of the Convention on Biodiversity;</text></whereas> <whereas><text>Whereas, not being party to the Convention on Biological Diversity, the United States does not have a vote within the convention, which diminishes our voice and influence;</text></whereas> 
<whereas><text>Whereas the decisions and rules made by the Convention on Biological Diversity affect both national security and economic interests of the United States in spite of the United States non-party status;</text></whereas> <whereas><text>Whereas the United States is one of the world’s largest contributors in international conservation funding and biological diversity expertise; and</text></whereas> 
<whereas><text>Whereas we are inextricably interconnected on this planet, and the work of the Convention on Biological Diversity has a direct impact on all Americans: Now, therefore, be it</text></whereas></preamble><resolution-body style="traditional" id="H53A7EB3154954D4AB8B994F2F9793E71"> <section display-inline="yes-display-inline" section-type="undesignated-section" id="H78225F1D011541B8A92DA3A29451409B"><text>That it is in the national interest for the Senate to provide its advice and consent for the ratification of the Convention on Biological Diversity, which was signed by the United States in New York on June 4, 1993. </text></section> 
</resolution-body></resolution>

