<?xml version="1.0"?>
<?xml-stylesheet type="text/xsl" href="billres.xsl"?>
<!DOCTYPE resolution PUBLIC "-//US Congress//DTDs/res.dtd//EN" "res.dtd">
<resolution resolution-stage="Introduced-in-House" dms-id="HA3AF5E340FB64B73A040D9B4AC58625B" public-private="public" resolution-type="house-joint" star-print="no-star-print" key="H"><metadata xmlns:dc="http://purl.org/dc/elements/1.1/">
<dublinCore>
<dc:title>118 HJ 110 IH: Providing for congressional disapproval under chapter 8 of title 5, United States Code, of the rule submitted by the Department of the Treasury relating to “Coronavirus State and Local Fiscal Recovery Funds”.</dc:title>
<dc:publisher>U.S. House of Representatives</dc:publisher>
<dc:date>2024-02-01</dc:date>
<dc:format>text/xml</dc:format>
<dc:language>EN</dc:language>
<dc:rights>Pursuant to Title 17 Section 105 of the United States Code, this file is not subject to copyright protection and is in the public domain.</dc:rights>
</dublinCore>
</metadata>
<form>
<distribution-code display="yes">IA</distribution-code><congress display="yes">118th CONGRESS</congress><session display="yes">2d Session</session><legis-num display="yes">H. J. RES. 110</legis-num><current-chamber>IN THE HOUSE OF REPRESENTATIVES</current-chamber><action display="yes"><action-date date="20240201">February 1, 2024</action-date><action-desc><sponsor name-id="B001306">Mr. Balderson</sponsor> (for himself, <cosponsor name-id="H001082">Mr. Hern</cosponsor>, <cosponsor name-id="C001118">Mr. Cline</cosponsor>, <cosponsor name-id="C001115">Mr. Cloud</cosponsor>, <cosponsor name-id="W000814">Mr. Weber of Texas</cosponsor>, <cosponsor name-id="E000246">Mr. Edwards</cosponsor>, <cosponsor name-id="D000032">Mr. Donalds</cosponsor>, <cosponsor name-id="M001194">Mr. Moolenaar</cosponsor>, <cosponsor name-id="C001116">Mr. Clyde</cosponsor>, <cosponsor name-id="G000576">Mr. Grothman</cosponsor>, <cosponsor name-id="L000578">Mr. LaMalfa</cosponsor>, <cosponsor name-id="C001039">Mrs. Cammack</cosponsor>, <cosponsor name-id="H001096">Ms. Hageman</cosponsor>, <cosponsor name-id="V000134">Ms. Van Duyne</cosponsor>, and <cosponsor name-id="D000615">Mr. Duncan</cosponsor>) submitted the following joint resolution; which was referred to the <committee-name committee-id="HGO00">Committee on Oversight and Accountability</committee-name></action-desc></action><legis-type>JOINT RESOLUTION</legis-type><official-title display="yes">Providing for congressional disapproval under <external-xref legal-doc="usc-chapter" parsable-cite="usc-chapter/5/8">chapter 8</external-xref> of title 5, United States Code, of the rule submitted by the Department of the Treasury relating to <quote>Coronavirus State and Local Fiscal Recovery Funds</quote>.</official-title></form><resolution-body style="traditional" id="HAC46286AC98E45908C8F3A1529C15B60"> 
<section display-inline="yes-display-inline" section-type="undesignated-section" id="H3E4CEE61DC204B1DB117075102902426"><text>That Congress disapproves the rule submitted by the Department of the Treasury relating to <quote>Coronavirus State and Local Fiscal Recovery Funds</quote> (88 Fed. Reg. 80584 (November 20, 2023)), and such rule shall have no force or effect. </text></section> </resolution-body></resolution>

