<mods xmlns:xlink="http://www.w3.org/1999/xlink" xmlns:xsi="http://www.w3.org/2001/XMLSchema-instance" xmlns="http://www.loc.gov/mods/v3" version="3.3" xsi:schemaLocation="http://www.loc.gov/mods/v3 http://www.loc.gov/standards/mods/v3/mods-3-3.xsd" ID="P0b002ee1c500fbc2">
    <name type="corporate">
         <namePart>United States Government Publishing Office</namePart>
         <role>
              <roleTerm authority="marcrelator" type="text">publisher</roleTerm>
              <roleTerm authority="marcrelator" type="code">pbl</roleTerm>
        </role>
         <role>
              <roleTerm authority="marcrelator" type="text">distributor</roleTerm>
              <roleTerm authority="marcrelator" type="code">dst</roleTerm>
        </role>
    </name>
    <name type="corporate">
         <namePart>United States</namePart>
         <namePart>Congress</namePart>
         <namePart>House of Representatives</namePart>
         <role>
              <roleTerm authority="marcrelator" type="text">author</roleTerm>
              <roleTerm authority="marcrelator" type="code">aut</roleTerm>
        </role>
         <description>Government Organization</description>
    </name>
    <typeOfResource>text</typeOfResource>
    <genre authority="marcgt">government publication</genre>
    <language>
         <languageTerm type="code" authority="iso639-2b">eng</languageTerm>
    </language>
    <extension>
         <collectionCode>BILLS</collectionCode>
         <searchTitle>Disapproving the rule submitted by the Department of Agriculture relating to Importation of Fresh Beef From Paraguay.;H.J. Res. 115 (IH)
    </searchTitle>
         <category>Bills and Statutes</category>
         <waisDatabaseName>118_cong_bills</waisDatabaseName>
         <branch>legislative</branch>
         <dateIngested>2024-02-21</dateIngested>
    </extension>
    <titleInfo>
         <title>Disapproving the rule submitted by the Department of Agriculture relating to Importation of Fresh Beef From Paraguay.</title>
    </titleInfo>
    <titleInfo type="alternative">
         <title>H.J. Res. 115 (IH)
    </title>
    </titleInfo>
    <originInfo>
         <publisher>U.S. Government Publishing Office</publisher>
         <dateIssued encoding="w3cdtf">2024-02-20</dateIssued>
         <issuance>monographic</issuance>
    </originInfo>
    <physicalDescription>
         <note type="source content type">deposited</note>
         <digitalOrigin>born digital</digitalOrigin>
         <extent>1 p.</extent>
    </physicalDescription>
    <classification authority="sudocs">Y 1.6:</classification>
    <classification authority="sudocs">Y 1.4/8:</classification>
    <identifier type="local">P0b002ee1c500fbc2</identifier>
    <identifier type="uri">https://www.govinfo.gov/app/details/BILLS-118hjres115ih</identifier>
    <identifier type="preferred citation">H.J. Res. 115</identifier>
    <identifier type="stock number">021-610-00252-9</identifier>
    <identifier type="Parent ILS system id">000501532</identifier>
    <identifier type="Child ILS system id">000325570</identifier>
    <identifier type="Parent ILS title">Congressional bills</identifier>
    <identifier type="Child ILS title">House joint resolutions</identifier>
    <identifier type="former package identifier">f:hj115_ih.txt</identifier>
    <location>
         <url displayLabel="Content Detail" access="object in context">https://www.govinfo.gov/app/details/BILLS-118hjres115ih</url>
         <url displayLabel="HTML rendition" access="raw object">https://www.govinfo.gov/content/pkg/BILLS-118hjres115ih/html/BILLS-118hjres115ih.htm</url>
         <url displayLabel="PDF rendition" access="raw object">https://www.govinfo.gov/content/pkg/BILLS-118hjres115ih/pdf/BILLS-118hjres115ih.pdf</url>
         <url displayLabel="XML rendition" access="raw object">https://www.govinfo.gov/content/pkg/BILLS-118hjres115ih/xml/BILLS-118hjres115ih.xml</url>
    </location>
    <accessCondition type="GPO scope determination">fdlp</accessCondition>
    <recordInfo>
         <recordContentSource authority="marcorg">DGPO</recordContentSource>
         <recordCreationDate encoding="w3cdtf">2024-02-21</recordCreationDate>
         <recordChangeDate encoding="w3cdtf">2024-02-21</recordChangeDate>
         <recordIdentifier source="DGPO">BILLS-118hjres115ih</recordIdentifier>
         <recordOrigin>machine generated</recordOrigin>
         <languageOfCataloging>
              <languageTerm type="code" authority="iso639-2b">eng</languageTerm>
        </languageOfCataloging>
    </recordInfo>
    <name type="personal">
         <namePart>Ronny Jackson</namePart>
         <affiliation>United States House of Representatives</affiliation>
         <role>
              <roleTerm authority="marcrelator" type="text">sponsor</roleTerm>
              <roleTerm authority="marcrelator" type="code">spn</roleTerm>
        </role>
         <description>United States Congress Member</description>
    </name>
    <name type="personal">
         <namePart>Yadira Caraveo</namePart>
         <affiliation>United States House of Representatives</affiliation>
         <role>
              <roleTerm type="text">cosponsor</roleTerm>
        </role>
         <description>United States Congress Member</description>
    </name>
    <name type="personal">
         <namePart>Frank D. Lucas</namePart>
         <affiliation>United States House of Representatives</affiliation>
         <role>
              <roleTerm type="text">cosponsor</roleTerm>
        </role>
         <description>United States Congress Member</description>
    </name>
    <name type="personal">
         <namePart>Doug LaMalfa</namePart>
         <affiliation>United States House of Representatives</affiliation>
         <role>
              <roleTerm type="text">cosponsor</roleTerm>
        </role>
         <description>United States Congress Member</description>
    </name>
    <name type="personal">
         <namePart>David Rouzer</namePart>
         <affiliation>United States House of Representatives</affiliation>
         <role>
              <roleTerm type="text">cosponsor</roleTerm>
        </role>
         <description>United States Congress Member</description>
    </name>
    <name type="personal">
         <namePart>Don Bacon</namePart>
         <affiliation>United States House of Representatives</affiliation>
         <role>
              <roleTerm type="text">cosponsor</roleTerm>
        </role>
         <description>United States Congress Member</description>
    </name>
    <name type="personal">
         <namePart>Mike Bost</namePart>
         <affiliation>United States House of Representatives</affiliation>
         <role>
              <roleTerm type="text">cosponsor</roleTerm>
        </role>
         <description>United States Congress Member</description>
    </name>
    <name type="personal">
         <namePart>Randy Feenstra</namePart>
         <affiliation>United States House of Representatives</affiliation>
         <role>
              <roleTerm type="text">cosponsor</roleTerm>
        </role>
         <description>United States Congress Member</description>
    </name>
    <name type="personal">
         <namePart>Mary E. Miller</namePart>
         <affiliation>United States House of Representatives</affiliation>
         <role>
              <roleTerm type="text">cosponsor</roleTerm>
        </role>
         <description>United States Congress Member</description>
    </name>
    <name type="personal">
         <namePart>Barry Moore</namePart>
         <affiliation>United States House of Representatives</affiliation>
         <role>
              <roleTerm type="text">cosponsor</roleTerm>
        </role>
         <description>United States Congress Member</description>
    </name>
    <name type="personal">
         <namePart>Brad Finstad</namePart>
         <affiliation>United States House of Representatives</affiliation>
         <role>
              <roleTerm type="text">cosponsor</roleTerm>
        </role>
         <description>United States Congress Member</description>
    </name>
    <name type="personal">
         <namePart>John W. Rose</namePart>
         <affiliation>United States House of Representatives</affiliation>
         <role>
              <roleTerm type="text">cosponsor</roleTerm>
        </role>
         <description>United States Congress Member</description>
    </name>
    <name type="personal">
         <namePart>Lori Chavez-DeRemer</namePart>
         <affiliation>United States House of Representatives</affiliation>
         <role>
              <roleTerm type="text">cosponsor</roleTerm>
        </role>
         <description>United States Congress Member</description>
    </name>
    <name type="personal">
         <namePart>Troy E. Nehls</namePart>
         <affiliation>United States House of Representatives</affiliation>
         <role>
              <roleTerm type="text">cosponsor</roleTerm>
        </role>
         <description>United States Congress Member</description>
    </name>
    <name type="personal">
         <namePart>Stephanie I. Bice</namePart>
         <affiliation>United States House of Representatives</affiliation>
         <role>
              <roleTerm type="text">cosponsor</roleTerm>
        </role>
         <description>United States Congress Member</description>
    </name>
    <name type="personal">
         <namePart>Ralph Norman</namePart>
         <affiliation>United States House of Representatives</affiliation>
         <role>
              <roleTerm type="text">cosponsor</roleTerm>
        </role>
         <description>United States Congress Member</description>
    </name>
    <name type="personal">
         <namePart>Brian Babin</namePart>
         <affiliation>United States House of Representatives</affiliation>
         <role>
              <roleTerm type="text">cosponsor</roleTerm>
        </role>
         <description>United States Congress Member</description>
    </name>
    <name type="personal">
         <namePart>Michael Lawler</namePart>
         <affiliation>United States House of Representatives</affiliation>
         <role>
              <roleTerm type="text">cosponsor</roleTerm>
        </role>
         <description>United States Congress Member</description>
    </name>
    <name type="personal">
         <namePart>Mike Flood</namePart>
         <affiliation>United States House of Representatives</affiliation>
         <role>
              <roleTerm type="text">cosponsor</roleTerm>
        </role>
         <description>United States Congress Member</description>
    </name>
    <name type="personal">
         <namePart>August Pfluger</namePart>
         <affiliation>United States House of Representatives</affiliation>
         <role>
              <roleTerm type="text">cosponsor</roleTerm>
        </role>
         <description>United States Congress Member</description>
    </name>
    <name type="corporate">
         <namePart>United States</namePart>
         <namePart>Congress</namePart>
         <namePart>House of Representatives</namePart>
         <namePart>Committee on Agriculture</namePart>
         <role>
              <roleTerm authority="marcrelator" type="text">associated name</roleTerm>
              <roleTerm authority="marcrelator" type="code">asn</roleTerm>
        </role>
    </name>
    <extension>
         <docClass>hjres</docClass>
         <accessId>BILLS-118hjres115ih</accessId>
         <congress>118</congress>
         <session>2</session>
         <originChamber>HOUSE</originChamber>
         <currentChamber>HOUSE</currentChamber>
         <billNumber>115</billNumber>
         <billVersion reprint="false">ih</billVersion>
         <fileSuffix>ih</fileSuffix>
         <officialTitle>Disapproving the rule submitted by the Department of Agriculture relating to Importation of Fresh Beef From Paraguay.</officialTitle>
         <action date="2024-02-20">Mr. Jackson of Texas (for himself, Ms. Caraveo, Mr. Lucas, Mr. LaMalfa, Mr. Rouzer, Mr. Bacon, Mr. Bost, Mr. Feenstra, Mrs. Miller of Illinois, Mr. Moore of Alabama, Mr. Finstad, Mr. Rose, Mrs. Chavez-DeRemer, Mr. Nehls, Mrs. Bice, Mr. Norman, Mr. Babin, Mr. Lawler, Mr. Flood, and Mr. Pfluger) submitted the following joint resolution; which was referred to the Committee on Agriculture</action>
         <congCommittee authorityId="hsag00" chamber="H" congress="118" type="S">
                                
              <name type="authority-standard">Committee on Agriculture</name>
                                
              <name type="authority-short">Agriculture</name>
                            
        </congCommittee>
         <congMember bioGuideId="J000304" chamber="H" congress="118" party="R" role="SPONSOR" state="TX">
                                
              <name type="parsed">Mr. Jackson of Texas</name>
                                
              <name type="authority-fnf">Ronny Jackson</name>
                                
              <name type="authority-lnf">Jackson, Ronny</name>
                            
        </congMember>
         <congMember bioGuideId="C001134" chamber="H" congress="118" party="D" role="COSPONSOR" state="CO">
                                
              <name type="parsed">Ms. Caraveo</name>
                                
              <name type="authority-fnf">Yadira Caraveo</name>
                                
              <name type="authority-lnf">Caraveo, Yadira</name>
                            
        </congMember>
         <congMember bioGuideId="L000491" chamber="H" congress="118" party="R" role="COSPONSOR" state="OK">
                                
              <name type="parsed">Mr. Lucas</name>
                                
              <name type="authority-fnf">Frank D. Lucas</name>
                                
              <name type="authority-lnf">Lucas, Frank D.</name>
                                
              <name type="authority-other">Frank Lucas</name>
                            
        </congMember>
         <congMember bioGuideId="L000578" chamber="H" congress="118" party="R" role="COSPONSOR" state="CA">
                                
              <name type="parsed">Mr. LaMalfa</name>
                                
              <name type="authority-fnf">Doug LaMalfa</name>
                                
              <name type="authority-lnf">LaMalfa, Doug</name>
                            
        </congMember>
         <congMember bioGuideId="R000603" chamber="H" congress="118" party="R" role="COSPONSOR" state="NC">
                                
              <name type="parsed">Mr. Rouzer</name>
                                
              <name type="authority-fnf">David Rouzer</name>
                                
              <name type="authority-lnf">Rouzer, David</name>
                            
        </congMember>
         <congMember bioGuideId="B001298" chamber="H" congress="118" party="R" role="COSPONSOR" state="NE">
                                
              <name type="parsed">Mr. Bacon</name>
                                
              <name type="authority-fnf">Don Bacon</name>
                                
              <name type="authority-lnf">Bacon, Don</name>
                            
        </congMember>
         <congMember bioGuideId="B001295" chamber="H" congress="118" party="R" role="COSPONSOR" state="IL">
                                
              <name type="parsed">Mr. Bost</name>
                                
              <name type="authority-fnf">Mike Bost</name>
                                
              <name type="authority-lnf">Bost, Mike</name>
                            
        </congMember>
         <congMember bioGuideId="F000446" chamber="H" congress="118" party="R" role="COSPONSOR" state="IA">
                                
              <name type="parsed">Mr. Feenstra</name>
                                
              <name type="authority-fnf">Randy Feenstra</name>
                                
              <name type="authority-lnf">Feenstra, Randy</name>
                            
        </congMember>
         <congMember bioGuideId="M001211" chamber="H" congress="118" party="R" role="COSPONSOR" state="IL">
                                
              <name type="parsed">Mrs. Miller of Illinois</name>
                                
              <name type="authority-fnf">Mary E. Miller</name>
                                
              <name type="authority-lnf">Miller, Mary E.</name>
                                
              <name type="authority-other">Mrs. Mary Miller</name>
                            
        </congMember>
         <congMember bioGuideId="M001212" chamber="H" congress="118" party="R" role="COSPONSOR" state="AL">
                                
              <name type="parsed">Mr. Moore of Alabama</name>
                                
              <name type="authority-fnf">Barry Moore</name>
                                
              <name type="authority-lnf">Moore, Barry</name>
                            
        </congMember>
         <congMember bioGuideId="F000475" chamber="H" congress="118" party="R" role="COSPONSOR" state="MN">
                                
              <name type="parsed">Mr. Finstad</name>
                                
              <name type="authority-fnf">Brad Finstad</name>
                                
              <name type="authority-lnf">Finstad, Brad</name>
                            
        </congMember>
         <congMember bioGuideId="R000612" chamber="H" congress="118" party="R" role="COSPONSOR" state="TN">
                                
              <name type="parsed">Mr. Rose</name>
                                
              <name type="authority-fnf">John W. Rose</name>
                                
              <name type="authority-lnf">Rose, John W.</name>
                                
              <name type="authority-other">Mr. John Rose</name>
                            
        </congMember>
         <congMember bioGuideId="C001135" chamber="H" congress="118" party="R" role="COSPONSOR" state="OR">
                                
              <name type="parsed">Mrs. Chavez-DeRemer</name>
                                
              <name type="authority-fnf">Lori Chavez-DeRemer</name>
                                
              <name type="authority-lnf">Chavez-DeRemer, Lori</name>
                            
        </congMember>
         <congMember bioGuideId="N000026" chamber="H" congress="118" party="R" role="COSPONSOR" state="TX">
                                
              <name type="parsed">Mr. Nehls</name>
                                
              <name type="authority-fnf">Troy E. Nehls</name>
                                
              <name type="authority-lnf">Nehls, Troy E.</name>
                                
              <name type="authority-other">Mr. Troy Nehls</name>
                            
        </congMember>
         <congMember bioGuideId="B000740" chamber="H" congress="118" party="R" role="COSPONSOR" state="OK">
                                
              <name type="parsed">Mrs. Bice</name>
                                
              <name type="authority-fnf">Stephanie I. Bice</name>
                                
              <name type="authority-lnf">Bice, Stephanie I.</name>
                                
              <name type="authority-other">Mrs. Stephanie Bice</name>
                            
        </congMember>
         <congMember bioGuideId="N000190" chamber="H" congress="118" party="R" role="COSPONSOR" state="SC">
                                
              <name type="parsed">Mr. Norman</name>
                                
              <name type="authority-fnf">Ralph Norman</name>
                                
              <name type="authority-lnf">Norman, Ralph</name>
                            
        </congMember>
         <congMember bioGuideId="B001291" chamber="H" congress="118" party="R" role="COSPONSOR" state="TX">
                                
              <name type="parsed">Mr. Babin</name>
                                
              <name type="authority-fnf">Brian Babin</name>
                                
              <name type="authority-lnf">Babin, Brian</name>
                            
        </congMember>
         <congMember bioGuideId="L000599" chamber="H" congress="118" party="R" role="COSPONSOR" state="NY">
                                
              <name type="parsed">Mr. Lawler</name>
                                
              <name type="authority-fnf">Michael Lawler</name>
                                
              <name type="authority-lnf">Lawler, Michael</name>
                            
        </congMember>
         <congMember bioGuideId="F000474" chamber="H" congress="118" party="R" role="COSPONSOR" state="NE">
                                
              <name type="parsed">Mr. Flood</name>
                                
              <name type="authority-fnf">Mike Flood</name>
                                
              <name type="authority-lnf">Flood, Mike</name>
                            
        </congMember>
         <congMember bioGuideId="P000048" chamber="H" congress="118" party="R" role="COSPONSOR" state="TX">
                                
              <name type="parsed">Mr. Pfluger</name>
                                
              <name type="authority-fnf">August Pfluger</name>
                                
              <name type="authority-lnf">Pfluger, August</name>
                            
        </congMember>
         <isPrivate>false</isPrivate>
         <isAppropriation>false</isAppropriation>
    </extension>
</mods>