<?xml version="1.0"?>
<?xml-stylesheet type="text/xsl" href="billres.xsl"?>
<!DOCTYPE resolution PUBLIC "-//US Congress//DTDs/res.dtd//EN" "res.dtd">
<resolution resolution-stage="Introduced-in-House" dms-id="HFBB21B5F97B0479AB7A30DC5D2BF2782" public-private="public" resolution-type="house-joint" star-print="no-star-print" key="H"><metadata xmlns:dc="http://purl.org/dc/elements/1.1/">
<dublinCore>
<dc:title>118 HJ 185 IH: Providing for congressional disapproval under chapter 8 of title 5, United States Code, of the rule submitted by the Securities and Exchange Commission relating to “Regulation S–P: Privacy of Consumer Financial Information and Safeguarding Customer Information”.</dc:title>
<dc:publisher>U.S. House of Representatives</dc:publisher>
<dc:date>2024-07-11</dc:date>
<dc:format>text/xml</dc:format>
<dc:language>EN</dc:language>
<dc:rights>Pursuant to Title 17 Section 105 of the United States Code, this file is not subject to copyright protection and is in the public domain.</dc:rights>
</dublinCore>
</metadata>
<form>
<distribution-code display="yes">IA</distribution-code><congress display="yes">118th CONGRESS</congress><session display="yes">2d Session</session><legis-num display="yes">H. J. RES. 185</legis-num><current-chamber>IN THE HOUSE OF REPRESENTATIVES</current-chamber><action display="yes"><action-date date="20240711">July 11, 2024</action-date><action-desc><sponsor name-id="P000609">Mr. Palmer</sponsor> submitted the following joint resolution; which was referred to the <committee-name committee-id="HBA00">Committee on Financial Services</committee-name></action-desc></action><legis-type>JOINT RESOLUTION</legis-type><official-title display="yes">Providing for congressional disapproval under <external-xref legal-doc="usc-chapter" parsable-cite="usc-chapter/5/8">chapter 8</external-xref> of title 5, United States Code, of the rule submitted by the Securities and Exchange Commission relating to <quote>Regulation S–P: Privacy of Consumer Financial Information and Safeguarding Customer Information</quote>.</official-title></form><resolution-body style="traditional" id="H8BAA6C42A5674F949A89CBE6E46949DE"><section display-inline="yes-display-inline" section-type="undesignated-section" id="HD8147A91401A4DD6B5C3F64AB5231ACE"><enum/><text>That Congress disapproves the rule submitted by the Securities and Exchange Commission relating to <quote>Regulation S–P: Privacy of Consumer Financial Information and Safeguarding Consumer Information</quote> (89 Fed. Reg. 47688; published June 3, 2024), and such rule shall have no force or effect.</text></section></resolution-body></resolution> 

