<?xml version="1.0"?>
<?xml-stylesheet type="text/xsl" href="billres.xsl"?>
<!DOCTYPE resolution PUBLIC "-//US Congress//DTDs/res.dtd//EN" "res.dtd">
<resolution resolution-stage="Introduced-in-House" dms-id="H534F9ADDCA3F4CA79B5583508E15E648" public-private="public" resolution-type="house-joint" star-print="no-star-print" key="H"><metadata xmlns:dc="http://purl.org/dc/elements/1.1/">
<dublinCore>
<dc:title>118 HJ 186 IH: Providing for congressional disapproval under chapter 8 of title 5, United States Code, of the rule submitted by the Federal Trade Commission entitled “Non-Compete Clause Rule”.</dc:title>
<dc:publisher>U.S. House of Representatives</dc:publisher>
<dc:date>2024-07-11</dc:date>
<dc:format>text/xml</dc:format>
<dc:language>EN</dc:language>
<dc:rights>Pursuant to Title 17 Section 105 of the United States Code, this file is not subject to copyright protection and is in the public domain.</dc:rights>
</dublinCore>
</metadata>
<form>
<distribution-code display="yes">IA</distribution-code><congress display="yes">118th CONGRESS</congress><session display="yes">2d Session</session><legis-num display="yes">H. J. RES. 186</legis-num><current-chamber>IN THE HOUSE OF REPRESENTATIVES</current-chamber><action display="yes"><action-date date="20240711">July 11, 2024</action-date><action-desc><sponsor name-id="P000609">Mr. Palmer</sponsor> submitted the following joint resolution; which was referred to the <committee-name committee-id="HJU00">Committee on the Judiciary</committee-name></action-desc></action><legis-type>JOINT RESOLUTION</legis-type><official-title display="yes">Providing for congressional disapproval under <external-xref legal-doc="usc-chapter" parsable-cite="usc-chapter/5/8">chapter 8</external-xref> of title 5, United States Code, of the rule submitted by the Federal Trade Commission entitled <quote>Non-Compete Clause Rule</quote>.</official-title></form><resolution-body style="traditional" id="H46602B302D3243089F6B549BCC03355F"><section display-inline="yes-display-inline" section-type="undesignated-section" id="H9FA57A8F193F4581B586F046C04CE562"><enum/><text>That </text></section><section id="H8C66A2F9FD5C467E8965920EEDF5E3D6" display-inline="yes-display-inline" section-type="undesignated-section"><text display-inline="yes-display-inline">Congress disapproves the rule submitted by the Federal Trade Commission entitled <quote>Non-Compete Clause Rule</quote> (89 Fed. Reg. 38342; published May 7, 2024), and such rule shall have no force or effect.</text></section></resolution-body></resolution> 

