<?xml version="1.0" encoding="UTF-8" standalone="no"?><?xml-stylesheet type="text/css" href="uslm.css"?><resolution xmlns="http://schemas.gpo.gov/xml/uslm" xmlns:dc="http://purl.org/dc/elements/1.1/" xmlns:xsi="http://www.w3.org/2001/XMLSchema-instance" xml:lang="en" xsi:schemaLocation="http://schemas.gpo.gov/xml/uslm https://www.govinfo.gov/schemas/xml/uslm/uslm-2.0.12.xsd">
<!--Disclaimer: Legislative measures that include compacts or other non-standard data structures will require additional modeling and may contain inconsistencies in the converted USLM XML.-->
<meta><dc:title>118 HJRES 64 ENR: Providing for the reappointment of Roger W. Ferguson as a citizen regent of the Board of Regents of the Smithsonian Institution.</dc:title>
<dc:type>House Joint Resolution</dc:type><docNumber>64</docNumber><citableAs>118 HJRES 64 ENR</citableAs>
<citableAs>118hjres64enr</citableAs>
<citableAs>118 H.J. Res. 64 ENR</citableAs>
<dc:creator>United States House of Representatives</dc:creator><dc:publisher>United States Government Publishing Office</dc:publisher><dc:format>text/xml</dc:format><dc:language>EN</dc:language><dc:rights>Pursuant to Title 17 Section 105 of the United States Code, this file is not subject to copyright protection and is in the public domain.</dc:rights><docStage>ENR</docStage>
<processedBy>GPO Locator to USLM Converter 3.11.8;Stage2.20230403</processedBy><processedDate>2023-12-19</processedDate>
<congress>118</congress><session>1</session><publicPrivate>public</publicPrivate>
</meta>
<preface><dc:type>H. J. RES.</dc:type><docNumber>64</docNumber>

<congress style="-uslm-lc:I665502" value="118">One Hundred Eighteenth Congress of the United States of America</congress><session style="-uslm-lc:I665503" value="1">A T T  H  E F  I  R  S  T S  E  S  S  I  O  N</session>
<enrolledDateline style="-uslm-lc:I665504">Begun and held at the City of Washington on Tuesday, the third day of January, two thousand and twenty-three</enrolledDateline>
</preface>
<main>
<longTitle>
<docTitle class="centered fontsize18" style="-uslm-lc:I665505">Joint Resolution</docTitle>
<officialTitle class="centered fontsize8" style="-uslm-lc:I665511">Providing for the reappointment of Roger W. Ferguson as a citizen regent of the Board of Regents of the Smithsonian Institution.<?GPOvSpace 08?></officialTitle>
</longTitle>
<resolvingClause class="indentUp0 firstIndent1 fontsize10" style="-uslm-lc:I650120">  Resolved   by   the   Senate   and   House   of   Representatives   of   the   United   States   of   America   in   Congress   assembled,</resolvingClause>
<section class="inline">
<content class="inline"> That in accordance with section 5581 of the Revised Statutes of the United States (<ref href="/us/usc/t20/s43">20 U.S.C. 43</ref>) the vacancy on the Board of Regents of the Smithsonian Institution, in the class other than Members of Congress, occurring by reason of the expiration of the term of Roger W. Ferguson of Florida on April 25, 2023, is filled by the reappointment of the incumbent. The reappointment is for a term of six years, beginning on the later of April 25, 2023, or the date of enactment of this joint resolution.</content>
</section>
</main>
<signatures>
<signature><role style="-uslm-lc:I650114">Speaker of the House of Representatives.</role></signature>
<signature><role style="-uslm-lc:I650114">Vice President of the United States and  President of the Senate.</role></signature>
</signatures>
</resolution>