<?xml version="1.0"?>
<?xml-stylesheet type="text/xsl" href="billres.xsl"?>
<!DOCTYPE resolution PUBLIC "-//US Congress//DTDs/res.dtd//EN" "res.dtd">
<resolution resolution-stage="Introduced-in-House" dms-id="HE83A0BBE5C6746969D206D3F891D48FD" public-private="public" resolution-type="constitutional-amendment" star-print="no-star-print" key="H"><metadata xmlns:dc="http://purl.org/dc/elements/1.1/">
<dublinCore>
<dc:title>118 HJ 113 IH: Proposing a balanced budget amendment to the Constitution of the United States.</dc:title>
<dc:publisher>U.S. House of Representatives</dc:publisher>
<dc:date>2024-02-07</dc:date>
<dc:format>text/xml</dc:format>
<dc:language>EN</dc:language>
<dc:rights>Pursuant to Title 17 Section 105 of the United States Code, this file is not subject to copyright protection and is in the public domain.</dc:rights>
</dublinCore>
</metadata>
<form>
<distribution-code display="yes">IA</distribution-code><congress display="yes">118th CONGRESS</congress><session display="yes">2d Session</session><legis-num display="yes">H. J. RES. 113</legis-num><current-chamber>IN THE HOUSE OF REPRESENTATIVES</current-chamber><action display="yes"><action-date date="20240207">February 7, 2024</action-date><action-desc><sponsor name-id="A000375">Mr. Arrington</sponsor> (for himself, <cosponsor name-id="Y000067">Mr. Yakym</cosponsor>, <cosponsor name-id="E000298">Mr. Estes</cosponsor>, <cosponsor name-id="B001309">Mr. Burchett</cosponsor>, <cosponsor name-id="E000071">Mr. Ellzey</cosponsor>, <cosponsor name-id="D000615">Mr. Duncan</cosponsor>, and <cosponsor name-id="H001058">Mr. Huizenga</cosponsor>) submitted the following joint resolution; which was referred to the <committee-name committee-id="HJU00">Committee on the Judiciary</committee-name></action-desc></action><legis-type>JOINT RESOLUTION</legis-type><official-title display="yes">Proposing a balanced budget amendment to the Constitution of the United States.</official-title></form><resolution-body style="OLC" id="H1F3762FF9EC042AABEF620296EA8BF74"><section id="H2D4E16C89CE941C399FE37887B582C9B" display-inline="yes-display-inline" section-type="undesignated-section"><text>That the following article is proposed as an amendment to the Constitution of the United States, which shall be valid to all intents and purposes as part of the Constitution when ratified by the legislatures of three-fourths of the several States: </text><quoted-block style="traditional" id="H6F0583F591A44925801EBC85C9121FE2" display-inline="no-display-inline"><constitution-article id="HD0C0C471BB1442228A8900CF8209BF4E"><enum> —</enum><section id="H1454CF5FBA554FD4A6D8703A371A8C2F" section-type="section-one"><enum>1.</enum><text display-inline="yes-display-inline">Total expenditures for a year shall not exceed the average annual revenue collected in the three prior years, adjusted in proportion to changes in population and inflation. Total expenditures shall include all expenditures of the United States except those for payment of debt, and revenue shall include all revenue of the United States except that derived from borrowing.</text></section><section id="HFE6DE9EEBB104E00ACED827E0471B5FC" display-inline="no-display-inline" section-type="section-one"><enum>2.</enum><text display-inline="yes-display-inline">Congress may by a roll call vote of two-thirds of each House declare an emergency and provide by law for specific expenditures in excess of the limit in section 1. The declaration shall specify reasons for the emergency designation and may authorize expenditures in excess of the limit in section 1 for up to one year.</text></section><section id="H42CEC75703DF414996A1214BE6967684" section-type="section-one"><enum>3.</enum><text display-inline="yes-display-inline">Congress shall have power to enforce this article by appropriate legislation.</text></section><section id="HF9AC1E1F13A64B2499C963652F987C76" section-type="section-one"><enum>4.</enum><text display-inline="yes-display-inline">This article shall take effect in the first year beginning at least 90 days following ratification, except that expenditures may exceed the limit in section 1 by the following portion of the prior year’s expenditures exceeding that limit (excepting emergency expenditures provided for by section 2): nine-tenths in the first year, eight-ninths in the second, seven-eighths in the third, six-sevenths in the fourth, five-sixths in the fifth, four-fifths in the sixth, three-fourths in the seventh, two-thirds in the eighth, and one-half in the ninth.</text></section></constitution-article><after-quoted-block>.</after-quoted-block></quoted-block></section></resolution-body></resolution> 

