<?xml version="1.0"?>
<?xml-stylesheet type="text/xsl" href="billres.xsl"?>
<!DOCTYPE resolution PUBLIC "-//US Congress//DTDs/res.dtd//EN" "res.dtd">
<resolution resolution-stage="Introduced-in-House" dms-id="H824CCFDA62914747BF9B7B87F7A4856A" public-private="public" resolution-type="house-joint" star-print="no-star-print" key="H"><metadata xmlns:dc="http://purl.org/dc/elements/1.1/">
<dublinCore>
<dc:title>118 HJ 203 IH: Providing for congressional disapproval under chapter 8 of title 5, United States Code, of the rule submitted by the National Labor Relations Board relating to “Representation-Case Procedures: Election Bars; Proof of Majority Support in Construction Industry Collective-Bargaining Relationships”.</dc:title>
<dc:publisher>U.S. House of Representatives</dc:publisher>
<dc:date>2024-09-16</dc:date>
<dc:format>text/xml</dc:format>
<dc:language>EN</dc:language>
<dc:rights>Pursuant to Title 17 Section 105 of the United States Code, this file is not subject to copyright protection and is in the public domain.</dc:rights>
</dublinCore>
</metadata>
<form>
<distribution-code display="yes">IA</distribution-code><congress display="yes">118th CONGRESS</congress><session display="yes">2d Session</session><legis-num display="yes">H. J. RES. 203</legis-num><current-chamber>IN THE HOUSE OF REPRESENTATIVES</current-chamber><action display="yes"><action-date date="20240916">September 16, 2024</action-date><action-desc><sponsor name-id="B001316">Mr. Burlison</sponsor> (for himself, <cosponsor name-id="F000450">Ms. Foxx</cosponsor>, <cosponsor name-id="O000086">Mr. Owens</cosponsor>, <cosponsor name-id="W000814">Mr. Weber of Texas</cosponsor>, and <cosponsor name-id="O000175">Mr. Ogles</cosponsor>) submitted the following joint resolution; which was referred to the <committee-name committee-id="HED00">Committee on Education and the Workforce</committee-name></action-desc></action><legis-type>JOINT RESOLUTION</legis-type><official-title display="yes">Providing for congressional disapproval under <external-xref legal-doc="usc-chapter" parsable-cite="usc-chapter/5/8">chapter 8</external-xref> of title 5, United States Code, of the rule submitted by the National Labor Relations Board relating to <quote>Representation-Case Procedures: Election Bars; Proof of Majority Support in Construction Industry Collective-Bargaining Relationships</quote>.</official-title></form><resolution-body style="traditional" id="H8856F489F4844BA59A439CC2DFA0650D"><section display-inline="yes-display-inline" section-type="undesignated-section" id="H16F664A88FA64F1AAACF81EEAA427C93"><enum/><text>That Congress disapproves the rule submitted by the National Labor Relations Board relating to <quote>Representation-Case Procedures: Election Bars; Proof of Majority Support in Construction Industry Collective-Bargaining Relationships</quote> (89 Fed. Reg. 62952 (August 1, 2024)), and such rule shall have no force or effect.</text></section></resolution-body></resolution> 

