<mods xmlns:xlink="http://www.w3.org/1999/xlink" xmlns:xsi="http://www.w3.org/2001/XMLSchema-instance" xmlns="http://www.loc.gov/mods/v3" version="3.3" xsi:schemaLocation="http://www.loc.gov/mods/v3 http://www.loc.gov/standards/mods/v3/mods-3-3.xsd" ID="P0b002ee1bad8e365">
    <name type="corporate">
         <namePart>United States Government Publishing Office</namePart>
         <role>
              <roleTerm authority="marcrelator" type="text">publisher</roleTerm>
              <roleTerm authority="marcrelator" type="code">pbl</roleTerm>
        </role>
         <role>
              <roleTerm authority="marcrelator" type="text">distributor</roleTerm>
              <roleTerm authority="marcrelator" type="code">dst</roleTerm>
        </role>
    </name>
    <name type="corporate">
         <namePart>United States</namePart>
         <namePart>Congress</namePart>
         <namePart>House of Representatives</namePart>
         <role>
              <roleTerm authority="marcrelator" type="text">author</roleTerm>
              <roleTerm authority="marcrelator" type="code">aut</roleTerm>
        </role>
         <description>Government Organization</description>
    </name>
    <typeOfResource>text</typeOfResource>
    <genre authority="marcgt">government publication</genre>
    <language>
         <languageTerm type="code" authority="iso639-2b">eng</languageTerm>
    </language>
    <extension>
         <collectionCode>BILLS</collectionCode>
         <searchTitle>Proposing an amendment to the Constitution of the United States to limit the number of terms an individual may serve as a Member of Congress.;H.J. Res. 5 (IH)
    </searchTitle>
         <category>Bills and Statutes</category>
         <waisDatabaseName>118_cong_bills</waisDatabaseName>
         <branch>legislative</branch>
         <dateIngested>2023-01-10</dateIngested>
    </extension>
    <titleInfo>
         <title>Proposing an amendment to the Constitution of the United States to limit the number of terms an individual may serve as a Member of Congress.</title>
    </titleInfo>
    <titleInfo type="alternative">
         <title>H.J. Res. 5 (IH)
    </title>
    </titleInfo>
    <originInfo>
         <publisher>U.S. Government Publishing Office</publisher>
         <dateIssued encoding="w3cdtf">2023-01-09</dateIssued>
         <issuance>monographic</issuance>
    </originInfo>
    <physicalDescription>
         <note type="source content type">deposited</note>
         <digitalOrigin>born digital</digitalOrigin>
         <extent>2 p.</extent>
    </physicalDescription>
    <classification authority="sudocs">Y 1.6:</classification>
    <classification authority="sudocs">Y 1.4/8:</classification>
    <identifier type="local">P0b002ee1bad8e365</identifier>
    <identifier type="uri">https://www.govinfo.gov/app/details/BILLS-118hjres5ih</identifier>
    <identifier type="preferred citation">H.J. Res. 5</identifier>
    <identifier type="stock number">021-610-00252-9</identifier>
    <identifier type="Parent ILS system id">000501532</identifier>
    <identifier type="Child ILS system id">000325570</identifier>
    <identifier type="Parent ILS title">Congressional bills</identifier>
    <identifier type="Child ILS title">House joint resolutions</identifier>
    <identifier type="former package identifier">f:hj5_ih.txt</identifier>
    <location>
         <url displayLabel="Content Detail" access="object in context">https://www.govinfo.gov/app/details/BILLS-118hjres5ih</url>
         <url displayLabel="HTML rendition" access="raw object">https://www.govinfo.gov/content/pkg/BILLS-118hjres5ih/html/BILLS-118hjres5ih.htm</url>
         <url displayLabel="PDF rendition" access="raw object">https://www.govinfo.gov/content/pkg/BILLS-118hjres5ih/pdf/BILLS-118hjres5ih.pdf</url>
         <url displayLabel="XML rendition" access="raw object">https://www.govinfo.gov/content/pkg/BILLS-118hjres5ih/xml/BILLS-118hjres5ih.xml</url>
    </location>
    <accessCondition type="GPO scope determination">fdlp</accessCondition>
    <recordInfo>
         <recordContentSource authority="marcorg">DGPO</recordContentSource>
         <recordCreationDate encoding="w3cdtf">2023-01-10</recordCreationDate>
         <recordChangeDate encoding="w3cdtf">2023-01-10</recordChangeDate>
         <recordIdentifier source="DGPO">BILLS-118hjres5ih</recordIdentifier>
         <recordOrigin>machine generated</recordOrigin>
         <languageOfCataloging>
              <languageTerm type="code" authority="iso639-2b">eng</languageTerm>
        </languageOfCataloging>
    </recordInfo>
    <name type="personal">
         <namePart>Brian K. Fitzpatrick</namePart>
         <affiliation>United States House of Representatives</affiliation>
         <role>
              <roleTerm authority="marcrelator" type="text">sponsor</roleTerm>
              <roleTerm authority="marcrelator" type="code">spn</roleTerm>
        </role>
         <description>United States Congress Member</description>
    </name>
    <name type="personal">
         <namePart>Mike Gallagher</namePart>
         <affiliation>United States House of Representatives</affiliation>
         <role>
              <roleTerm type="text">cosponsor</roleTerm>
        </role>
         <description>United States Congress Member</description>
    </name>
    <name type="corporate">
         <namePart>United States</namePart>
         <namePart>Congress</namePart>
         <namePart>House of Representatives</namePart>
         <namePart>Committee on the Judiciary</namePart>
         <role>
              <roleTerm authority="marcrelator" type="text">associated name</roleTerm>
              <roleTerm authority="marcrelator" type="code">asn</roleTerm>
        </role>
    </name>
    <extension>
         <docClass>hjres</docClass>
         <accessId>BILLS-118hjres5ih</accessId>
         <congress>118</congress>
         <session>1</session>
         <originChamber>HOUSE</originChamber>
         <currentChamber>HOUSE</currentChamber>
         <billNumber>5</billNumber>
         <billVersion reprint="false">ih</billVersion>
         <fileSuffix>ih</fileSuffix>
         <officialTitle>Proposing an amendment to the Constitution of the United States to limit the number of terms an individual may serve as a Member of Congress.</officialTitle>
         <action date="2023-01-09">Mr. Fitzpatrick (for himself and Mr. Gallagher) submitted the following joint resolution; which was referred to the Committee on the Judiciary</action>
         <congCommittee authorityId="hsju00" chamber="H" congress="118" type="S">
                                
              <name type="authority-standard">Committee on the Judiciary</name>
                                
              <name type="authority-short">Judiciary</name>
                            
        </congCommittee>
         <congMember bioGuideId="F000466" chamber="H" congress="118" party="R" role="SPONSOR" state="PA">
                                
              <name type="parsed">Mr. Fitzpatrick</name>
                                
              <name type="authority-fnf">Brian K. Fitzpatrick</name>
                                
              <name type="authority-lnf">Fitzpatrick, Brian K.</name>
                                
              <name type="authority-other">Mr. Brian Fitzpatrick</name>
                            
        </congMember>
         <congMember bioGuideId="G000579" chamber="H" congress="118" party="R" role="COSPONSOR" state="WI">
                                
              <name type="parsed">Mr. Gallagher</name>
                                
              <name type="authority-fnf">Mike Gallagher</name>
                                
              <name type="authority-lnf">Gallagher, Mike</name>
                            
        </congMember>
         <isPrivate>false</isPrivate>
         <isAppropriation>false</isAppropriation>
    </extension>
</mods>