<?xml version="1.0"?>
<?xml-stylesheet type="text/xsl" href="billres.xsl"?>
<!DOCTYPE resolution PUBLIC "-//US Congress//DTDs/res.dtd//EN" "res.dtd">
<resolution resolution-stage="Introduced-in-House" dms-id="H78B379A099064ACFAD70D8AA35B24ACD" public-private="public" resolution-type="house-joint" star-print="no-star-print" key="H"><metadata xmlns:dc="http://purl.org/dc/elements/1.1/">
<dublinCore>
<dc:title>118 HJ 211 IH: Providing for congressional disapproval under chapter 8 of title 5, United States Code, of the rule submitted by the Federal Communications Commission relating to “The Emergency Alert System and Wireless Emergency Alerts”.</dc:title>
<dc:publisher>U.S. House of Representatives</dc:publisher>
<dc:date>2024-10-18</dc:date>
<dc:format>text/xml</dc:format>
<dc:language>EN</dc:language>
<dc:rights>Pursuant to Title 17 Section 105 of the United States Code, this file is not subject to copyright protection and is in the public domain.</dc:rights>
</dublinCore>
</metadata>
<form>
<distribution-code display="yes">IA</distribution-code><congress display="yes">118th CONGRESS</congress><session display="yes">2d Session</session><legis-num display="yes">H. J. RES. 211</legis-num><current-chamber>IN THE HOUSE OF REPRESENTATIVES</current-chamber><action display="yes"><action-date date="20241018">October 18, 2024</action-date><action-desc><sponsor name-id="P000609">Mr. Palmer</sponsor> submitted the following joint resolution; which was referred to the <committee-name committee-id="HIF00">Committee on Energy and Commerce</committee-name></action-desc></action><legis-type>JOINT RESOLUTION</legis-type><official-title display="yes">Providing for congressional disapproval under <external-xref legal-doc="usc-chapter" parsable-cite="usc-chapter/5/8">chapter 8</external-xref> of title 5, United States Code, of the rule submitted by the Federal Communications Commission relating to <quote>The Emergency Alert System and Wireless Emergency Alerts</quote>.</official-title></form><resolution-body style="traditional" id="H1CC6E7E5A81C4FAAB4BEEDDE4374BBB1"><section display-inline="yes-display-inline" section-type="undesignated-section" id="H5305AE3A080E4A1CBAAD7C158E7891E2"><enum/><text display-inline="yes-display-inline">That Congress disapproves the rule submitted by the Federal Communications Commission relating to <quote>The Emergency Alert System and Wireless Emergency Alerts</quote> (89 Fed. Reg. 72724; published September 6, 2024), and such rule shall have no force or effect.</text></section></resolution-body></resolution> 

