<mods xmlns:xlink="http://www.w3.org/1999/xlink" xmlns:xsi="http://www.w3.org/2001/XMLSchema-instance" xmlns="http://www.loc.gov/mods/v3" version="3.3" xsi:schemaLocation="http://www.loc.gov/mods/v3 http://www.loc.gov/standards/mods/v3/mods-3-3.xsd" ID="P0b002ee1bde21d4e">
    <name type="corporate">
         <namePart>United States Government Publishing Office</namePart>
         <role>
              <roleTerm authority="marcrelator" type="text">publisher</roleTerm>
              <roleTerm authority="marcrelator" type="code">pbl</roleTerm>
        </role>
         <role>
              <roleTerm authority="marcrelator" type="text">distributor</roleTerm>
              <roleTerm authority="marcrelator" type="code">dst</roleTerm>
        </role>
    </name>
    <name type="corporate">
         <namePart>United States</namePart>
         <namePart>Congress</namePart>
         <namePart>House of Representatives</namePart>
         <role>
              <roleTerm authority="marcrelator" type="text">author</roleTerm>
              <roleTerm authority="marcrelator" type="code">aut</roleTerm>
        </role>
         <description>Government Organization</description>
    </name>
    <typeOfResource>text</typeOfResource>
    <genre authority="marcgt">government publication</genre>
    <language>
         <languageTerm type="code" authority="iso639-2b">eng</languageTerm>
    </language>
    <extension>
         <collectionCode>BILLS</collectionCode>
         <searchTitle>Expressing the sense of Congress that there is a climate emergency which demands a massive-scale mobilization to halt, reverse, and address its consequences and causes.;H. Con. Res. 37 (IH)
    </searchTitle>
         <category>Bills and Statutes</category>
         <waisDatabaseName>118_cong_bills</waisDatabaseName>
         <branch>legislative</branch>
         <dateIngested>2023-05-03</dateIngested>
    </extension>
    <titleInfo>
         <title>Expressing the sense of Congress that there is a climate emergency which demands a massive-scale mobilization to halt, reverse, and address its consequences and causes.</title>
    </titleInfo>
    <titleInfo type="alternative">
         <title>H. Con. Res. 37 (IH)
    </title>
    </titleInfo>
    <originInfo>
         <publisher>U.S. Government Publishing Office</publisher>
         <dateIssued encoding="w3cdtf">2023-05-02</dateIssued>
         <issuance>monographic</issuance>
    </originInfo>
    <physicalDescription>
         <note type="source content type">deposited</note>
         <digitalOrigin>born digital</digitalOrigin>
         <extent>10 p.</extent>
    </physicalDescription>
    <classification authority="sudocs">Y 1.6:</classification>
    <classification authority="sudocs">Y 1.4/9:</classification>
    <identifier type="local">P0b002ee1bde21d4e</identifier>
    <identifier type="uri">https://www.govinfo.gov/app/details/BILLS-118hconres37ih</identifier>
    <identifier type="preferred citation">H. Con. Res. 37</identifier>
    <identifier type="stock number">021-610-00252-9</identifier>
    <identifier type="Parent ILS system id">000501532</identifier>
    <identifier type="Child ILS system id">000325575</identifier>
    <identifier type="Parent ILS title">Congressional bills</identifier>
    <identifier type="Child ILS title">House concurrent resolutions</identifier>
    <identifier type="former package identifier">f:hc37_ih.txt</identifier>
    <location>
         <url displayLabel="Content Detail" access="object in context">https://www.govinfo.gov/app/details/BILLS-118hconres37ih</url>
         <url displayLabel="HTML rendition" access="raw object">https://www.govinfo.gov/content/pkg/BILLS-118hconres37ih/html/BILLS-118hconres37ih.htm</url>
         <url displayLabel="PDF rendition" access="raw object">https://www.govinfo.gov/content/pkg/BILLS-118hconres37ih/pdf/BILLS-118hconres37ih.pdf</url>
         <url displayLabel="XML rendition" access="raw object">https://www.govinfo.gov/content/pkg/BILLS-118hconres37ih/xml/BILLS-118hconres37ih.xml</url>
    </location>
    <accessCondition type="GPO scope determination">fdlp</accessCondition>
    <recordInfo>
         <recordContentSource authority="marcorg">DGPO</recordContentSource>
         <recordCreationDate encoding="w3cdtf">2023-05-03</recordCreationDate>
         <recordChangeDate encoding="w3cdtf">2023-05-03</recordChangeDate>
         <recordIdentifier source="DGPO">BILLS-118hconres37ih</recordIdentifier>
         <recordOrigin>machine generated</recordOrigin>
         <languageOfCataloging>
              <languageTerm type="code" authority="iso639-2b">eng</languageTerm>
        </languageOfCataloging>
    </recordInfo>
    <name type="personal">
         <namePart>Earl Blumenauer</namePart>
         <affiliation>United States House of Representatives</affiliation>
         <role>
              <roleTerm authority="marcrelator" type="text">sponsor</roleTerm>
              <roleTerm authority="marcrelator" type="code">spn</roleTerm>
        </role>
         <description>United States Congress Member</description>
    </name>
    <name type="personal">
         <namePart>Alexandria Ocasio-Cortez</namePart>
         <affiliation>United States House of Representatives</affiliation>
         <role>
              <roleTerm type="text">cosponsor</roleTerm>
        </role>
         <description>United States Congress Member</description>
    </name>
    <name type="personal">
         <namePart>Barbara Lee</namePart>
         <affiliation>United States House of Representatives</affiliation>
         <role>
              <roleTerm type="text">cosponsor</roleTerm>
        </role>
         <description>United States Congress Member</description>
    </name>
    <name type="personal">
         <namePart>Lisa Blunt Rochester</namePart>
         <affiliation>United States House of Representatives</affiliation>
         <role>
              <roleTerm type="text">cosponsor</roleTerm>
        </role>
         <description>United States Congress Member</description>
    </name>
    <name type="personal">
         <namePart>Suzanne Bonamici</namePart>
         <affiliation>United States House of Representatives</affiliation>
         <role>
              <roleTerm type="text">cosponsor</roleTerm>
        </role>
         <description>United States Congress Member</description>
    </name>
    <name type="personal">
         <namePart>Jamaal Bowman</namePart>
         <affiliation>United States House of Representatives</affiliation>
         <role>
              <roleTerm type="text">cosponsor</roleTerm>
        </role>
         <description>United States Congress Member</description>
    </name>
    <name type="personal">
         <namePart>Greg Casar</namePart>
         <affiliation>United States House of Representatives</affiliation>
         <role>
              <roleTerm type="text">cosponsor</roleTerm>
        </role>
         <description>United States Congress Member</description>
    </name>
    <name type="personal">
         <namePart>Judy Chu</namePart>
         <affiliation>United States House of Representatives</affiliation>
         <role>
              <roleTerm type="text">cosponsor</roleTerm>
        </role>
         <description>United States Congress Member</description>
    </name>
    <name type="personal">
         <namePart>Yvette D. Clarke</namePart>
         <affiliation>United States House of Representatives</affiliation>
         <role>
              <roleTerm type="text">cosponsor</roleTerm>
        </role>
         <description>United States Congress Member</description>
    </name>
    <name type="personal">
         <namePart>Emanuel Cleaver</namePart>
         <affiliation>United States House of Representatives</affiliation>
         <role>
              <roleTerm type="text">cosponsor</roleTerm>
        </role>
         <description>United States Congress Member</description>
    </name>
    <name type="personal">
         <namePart>Steve Cohen</namePart>
         <affiliation>United States House of Representatives</affiliation>
         <role>
              <roleTerm type="text">cosponsor</roleTerm>
        </role>
         <description>United States Congress Member</description>
    </name>
    <name type="personal">
         <namePart>Lloyd Doggett</namePart>
         <affiliation>United States House of Representatives</affiliation>
         <role>
              <roleTerm type="text">cosponsor</roleTerm>
        </role>
         <description>United States Congress Member</description>
    </name>
    <name type="personal">
         <namePart>Adriano Espaillat</namePart>
         <affiliation>United States House of Representatives</affiliation>
         <role>
              <roleTerm type="text">cosponsor</roleTerm>
        </role>
         <description>United States Congress Member</description>
    </name>
    <name type="personal">
         <namePart>Dwight Evans</namePart>
         <affiliation>United States House of Representatives</affiliation>
         <role>
              <roleTerm type="text">cosponsor</roleTerm>
        </role>
         <description>United States Congress Member</description>
    </name>
    <name type="personal">
         <namePart>Jimmy Gomez</namePart>
         <affiliation>United States House of Representatives</affiliation>
         <role>
              <roleTerm type="text">cosponsor</roleTerm>
        </role>
         <description>United States Congress Member</description>
    </name>
    <name type="personal">
         <namePart>Eleanor Holmes Norton</namePart>
         <affiliation>United States House of Representatives</affiliation>
         <role>
              <roleTerm type="text">cosponsor</roleTerm>
        </role>
         <description>United States Congress Member</description>
    </name>
    <name type="personal">
         <namePart>Val T. Hoyle</namePart>
         <affiliation>United States House of Representatives</affiliation>
         <role>
              <roleTerm type="text">cosponsor</roleTerm>
        </role>
         <description>United States Congress Member</description>
    </name>
    <name type="personal">
         <namePart>Jared Huffman</namePart>
         <affiliation>United States House of Representatives</affiliation>
         <role>
              <roleTerm type="text">cosponsor</roleTerm>
        </role>
         <description>United States Congress Member</description>
    </name>
    <name type="personal">
         <namePart>Pramila Jayapal</namePart>
         <affiliation>United States House of Representatives</affiliation>
         <role>
              <roleTerm type="text">cosponsor</roleTerm>
        </role>
         <description>United States Congress Member</description>
    </name>
    <name type="personal">
         <namePart>Sydney Kamlager-Dove</namePart>
         <affiliation>United States House of Representatives</affiliation>
         <role>
              <roleTerm type="text">cosponsor</roleTerm>
        </role>
         <description>United States Congress Member</description>
    </name>
    <name type="personal">
         <namePart>Raja Krishnamoorthi</namePart>
         <affiliation>United States House of Representatives</affiliation>
         <role>
              <roleTerm type="text">cosponsor</roleTerm>
        </role>
         <description>United States Congress Member</description>
    </name>
    <name type="personal">
         <namePart>Ted Lieu</namePart>
         <affiliation>United States House of Representatives</affiliation>
         <role>
              <roleTerm type="text">cosponsor</roleTerm>
        </role>
         <description>United States Congress Member</description>
    </name>
    <name type="personal">
         <namePart>Grace Meng</namePart>
         <affiliation>United States House of Representatives</affiliation>
         <role>
              <roleTerm type="text">cosponsor</roleTerm>
        </role>
         <description>United States Congress Member</description>
    </name>
    <name type="personal">
         <namePart>Grace F. Napolitano</namePart>
         <affiliation>United States House of Representatives</affiliation>
         <role>
              <roleTerm type="text">cosponsor</roleTerm>
        </role>
         <description>United States Congress Member</description>
    </name>
    <name type="personal">
         <namePart>Ilhan Omar</namePart>
         <affiliation>United States House of Representatives</affiliation>
         <role>
              <roleTerm type="text">cosponsor</roleTerm>
        </role>
         <description>United States Congress Member</description>
    </name>
    <name type="personal">
         <namePart>Chellie Pingree</namePart>
         <affiliation>United States House of Representatives</affiliation>
         <role>
              <roleTerm type="text">cosponsor</roleTerm>
        </role>
         <description>United States Congress Member</description>
    </name>
    <name type="personal">
         <namePart>Mark Pocan</namePart>
         <affiliation>United States House of Representatives</affiliation>
         <role>
              <roleTerm type="text">cosponsor</roleTerm>
        </role>
         <description>United States Congress Member</description>
    </name>
    <name type="personal">
         <namePart>Katie Porter</namePart>
         <affiliation>United States House of Representatives</affiliation>
         <role>
              <roleTerm type="text">cosponsor</roleTerm>
        </role>
         <description>United States Congress Member</description>
    </name>
    <name type="personal">
         <namePart>Mike Quigley</namePart>
         <affiliation>United States House of Representatives</affiliation>
         <role>
              <roleTerm type="text">cosponsor</roleTerm>
        </role>
         <description>United States Congress Member</description>
    </name>
    <name type="personal">
         <namePart>Jamie Raskin</namePart>
         <affiliation>United States House of Representatives</affiliation>
         <role>
              <roleTerm type="text">cosponsor</roleTerm>
        </role>
         <description>United States Congress Member</description>
    </name>
    <name type="personal">
         <namePart>Andrea Salinas</namePart>
         <affiliation>United States House of Representatives</affiliation>
         <role>
              <roleTerm type="text">cosponsor</roleTerm>
        </role>
         <description>United States Congress Member</description>
    </name>
    <name type="personal">
         <namePart>Janice D. Schakowsky</namePart>
         <affiliation>United States House of Representatives</affiliation>
         <role>
              <roleTerm type="text">cosponsor</roleTerm>
        </role>
         <description>United States Congress Member</description>
    </name>
    <name type="personal">
         <namePart>Adam B. Schiff</namePart>
         <affiliation>United States House of Representatives</affiliation>
         <role>
              <roleTerm type="text">cosponsor</roleTerm>
        </role>
         <description>United States Congress Member</description>
    </name>
    <name type="personal">
         <namePart>Melanie Stansbury</namePart>
         <affiliation>United States House of Representatives</affiliation>
         <role>
              <roleTerm type="text">cosponsor</roleTerm>
        </role>
         <description>United States Congress Member</description>
    </name>
    <name type="personal">
         <namePart>Rashida Tlaib</namePart>
         <affiliation>United States House of Representatives</affiliation>
         <role>
              <roleTerm type="text">cosponsor</roleTerm>
        </role>
         <description>United States Congress Member</description>
    </name>
    <name type="personal">
         <namePart>Jill N. Tokuda</namePart>
         <affiliation>United States House of Representatives</affiliation>
         <role>
              <roleTerm type="text">cosponsor</roleTerm>
        </role>
         <description>United States Congress Member</description>
    </name>
    <name type="personal">
         <namePart>Paul Tonko</namePart>
         <affiliation>United States House of Representatives</affiliation>
         <role>
              <roleTerm type="text">cosponsor</roleTerm>
        </role>
         <description>United States Congress Member</description>
    </name>
    <name type="personal">
         <namePart>Nydia M. Velazquez</namePart>
         <affiliation>United States House of Representatives</affiliation>
         <role>
              <roleTerm type="text">cosponsor</roleTerm>
        </role>
         <description>United States Congress Member</description>
    </name>
    <name type="personal">
         <namePart>Bonnie Watson Coleman</namePart>
         <affiliation>United States House of Representatives</affiliation>
         <role>
              <roleTerm type="text">cosponsor</roleTerm>
        </role>
         <description>United States Congress Member</description>
    </name>
    <name type="personal">
         <namePart>Jerrold Nadler</namePart>
         <affiliation>United States House of Representatives</affiliation>
         <role>
              <roleTerm type="text">cosponsor</roleTerm>
        </role>
         <description>United States Congress Member</description>
    </name>
    <name type="personal">
         <namePart>Maxwell Frost</namePart>
         <affiliation>United States House of Representatives</affiliation>
         <role>
              <roleTerm type="text">cosponsor</roleTerm>
        </role>
         <description>United States Congress Member</description>
    </name>
    <name type="personal">
         <namePart>Cori Bush</namePart>
         <affiliation>United States House of Representatives</affiliation>
         <role>
              <roleTerm type="text">cosponsor</roleTerm>
        </role>
         <description>United States Congress Member</description>
    </name>
    <name type="personal">
         <namePart>Julia Brownley</namePart>
         <affiliation>United States House of Representatives</affiliation>
         <role>
              <roleTerm type="text">cosponsor</roleTerm>
        </role>
         <description>United States Congress Member</description>
    </name>
    <name type="personal">
         <namePart>Juan Vargas</namePart>
         <affiliation>United States House of Representatives</affiliation>
         <role>
              <roleTerm type="text">cosponsor</roleTerm>
        </role>
         <description>United States Congress Member</description>
    </name>
    <name type="personal">
         <namePart>Veronica Escobar</namePart>
         <affiliation>United States House of Representatives</affiliation>
         <role>
              <roleTerm type="text">cosponsor</roleTerm>
        </role>
         <description>United States Congress Member</description>
    </name>
    <name type="personal">
         <namePart>Mark Takano</namePart>
         <affiliation>United States House of Representatives</affiliation>
         <role>
              <roleTerm type="text">cosponsor</roleTerm>
        </role>
         <description>United States Congress Member</description>
    </name>
    <name type="personal">
         <namePart>Ro Khanna</namePart>
         <affiliation>United States House of Representatives</affiliation>
         <role>
              <roleTerm type="text">cosponsor</roleTerm>
        </role>
         <description>United States Congress Member</description>
    </name>
    <name type="personal">
         <namePart>Raul M. Grijalva</namePart>
         <affiliation>United States House of Representatives</affiliation>
         <role>
              <roleTerm type="text">cosponsor</roleTerm>
        </role>
         <description>United States Congress Member</description>
    </name>
    <name type="personal">
         <namePart>Frederica S. Wilson</namePart>
         <affiliation>United States House of Representatives</affiliation>
         <role>
              <roleTerm type="text">cosponsor</roleTerm>
        </role>
         <description>United States Congress Member</description>
    </name>
    <name type="personal">
         <namePart>Henry C. &quot;Hank&quot; Johnson, Jr.</namePart>
         <affiliation>United States House of Representatives</affiliation>
         <role>
              <roleTerm type="text">cosponsor</roleTerm>
        </role>
         <description>United States Congress Member</description>
    </name>
    <name type="personal">
         <namePart>Jahana Hayes</namePart>
         <affiliation>United States House of Representatives</affiliation>
         <role>
              <roleTerm type="text">cosponsor</roleTerm>
        </role>
         <description>United States Congress Member</description>
    </name>
    <name type="personal">
         <namePart>Donald S. Beyer, Jr.</namePart>
         <affiliation>United States House of Representatives</affiliation>
         <role>
              <roleTerm type="text">cosponsor</roleTerm>
        </role>
         <description>United States Congress Member</description>
    </name>
    <name type="personal">
         <namePart>Becca Balint</namePart>
         <affiliation>United States House of Representatives</affiliation>
         <role>
              <roleTerm type="text">cosponsor</roleTerm>
        </role>
         <description>United States Congress Member</description>
    </name>
    <name type="personal">
         <namePart>Zoe Lofgren</namePart>
         <affiliation>United States House of Representatives</affiliation>
         <role>
              <roleTerm type="text">cosponsor</roleTerm>
        </role>
         <description>United States Congress Member</description>
    </name>
    <name type="personal">
         <namePart>Jimmy Panetta</namePart>
         <affiliation>United States House of Representatives</affiliation>
         <role>
              <roleTerm type="text">cosponsor</roleTerm>
        </role>
         <description>United States Congress Member</description>
    </name>
    <name type="personal">
         <namePart>Sara Jacobs</namePart>
         <affiliation>United States House of Representatives</affiliation>
         <role>
              <roleTerm type="text">cosponsor</roleTerm>
        </role>
         <description>United States Congress Member</description>
    </name>
    <name type="personal">
         <namePart>James P. McGovern</namePart>
         <affiliation>United States House of Representatives</affiliation>
         <role>
              <roleTerm type="text">cosponsor</roleTerm>
        </role>
         <description>United States Congress Member</description>
    </name>
    <name type="personal">
         <namePart>Tony Cardenas</namePart>
         <affiliation>United States House of Representatives</affiliation>
         <role>
              <roleTerm type="text">cosponsor</roleTerm>
        </role>
         <description>United States Congress Member</description>
    </name>
    <name type="personal">
         <namePart>Patrick Ryan</namePart>
         <affiliation>United States House of Representatives</affiliation>
         <role>
              <roleTerm type="text">cosponsor</roleTerm>
        </role>
         <description>United States Congress Member</description>
    </name>
    <name type="personal">
         <namePart>Nikema Williams</namePart>
         <affiliation>United States House of Representatives</affiliation>
         <role>
              <roleTerm type="text">cosponsor</roleTerm>
        </role>
         <description>United States Congress Member</description>
    </name>
    <name type="personal">
         <namePart>Stephen F. Lynch</namePart>
         <affiliation>United States House of Representatives</affiliation>
         <role>
              <roleTerm type="text">cosponsor</roleTerm>
        </role>
         <description>United States Congress Member</description>
    </name>
    <name type="corporate">
         <namePart>United States</namePart>
         <namePart>Congress</namePart>
         <namePart>House of Representatives</namePart>
         <namePart>Committee on Energy and Commerce</namePart>
         <role>
              <roleTerm authority="marcrelator" type="text">associated name</roleTerm>
              <roleTerm authority="marcrelator" type="code">asn</roleTerm>
        </role>
    </name>
    <extension>
         <docClass>hconres</docClass>
         <accessId>BILLS-118hconres37ih</accessId>
         <congress>118</congress>
         <session>1</session>
         <originChamber>HOUSE</originChamber>
         <currentChamber>HOUSE</currentChamber>
         <billNumber>37</billNumber>
         <billVersion reprint="false">ih</billVersion>
         <fileSuffix>ih</fileSuffix>
         <officialTitle>Expressing the sense of Congress that there is a climate emergency which demands a massive-scale mobilization to halt, reverse, and address its consequences and causes.</officialTitle>
         <action date="2023-05-02">Mr. Blumenauer (for himself, Ms. Ocasio-Cortez, Ms. Lee of California, Ms. Barragán, Ms. Blunt Rochester, Ms. Bonamici, Mr. Bowman, Mr. Casar, Ms. Chu, Ms. Clarke of New York, Mr. Cleaver, Mr. Cohen, Mr. Doggett, Mr. Espaillat, Mr. Evans, Mr. Gomez, Ms. Norton, Ms. Hoyle of Oregon, Mr. Huffman, Ms. Jayapal, Ms. Kamlager-Dove, Mr. Krishnamoorthi, Mr. Lieu, Ms. Meng, Mrs. Napolitano, Ms. Omar, Ms. Pingree, Mr. Pocan, Ms. Porter, Mr. Quigley, Mr. Raskin, Ms. Salinas, Ms. Schakowsky, Mr. Schiff, Ms. Stansbury, Ms. Tlaib, Ms. Tokuda, Mr. Tonko, Ms. Velázquez, Mrs. Watson Coleman, Mr. Nadler, Mr. Frost, Ms. Bush, Mr. García of Illinois, Ms. Brownley, Mr. Vargas, Ms. Escobar, Mr. Takano, Mr. Khanna, Mr. Grijalva, Ms. Wilson of Florida, Mr. Johnson of Georgia, Mrs. Hayes, Mr. Beyer, Ms. Balint, Ms. Lofgren, Mr. Panetta, Ms. Jacobs, Mr. McGovern, Mr. Cárdenas, Mr. Ryan, Ms. Williams of Georgia, and Mr. Lynch) submitted the following concurrent resolution; which was referred to the Committee on Energy and Commerce</action>
         <congCommittee authorityId="hsif00" chamber="H" congress="118" type="S">
                                
              <name type="authority-standard">Committee on Energy and Commerce</name>
                                
              <name type="authority-short">Energy and Commerce</name>
                            
        </congCommittee>
         <congMember bioGuideId="B000574" chamber="H" congress="118" party="D" role="SPONSOR" state="OR">
                                
              <name type="parsed">Mr. Blumenauer</name>
                                
              <name type="authority-fnf">Earl Blumenauer</name>
                                
              <name type="authority-lnf">Blumenauer, Earl</name>
                            
        </congMember>
         <congMember bioGuideId="O000172" chamber="H" congress="118" party="D" role="COSPONSOR" state="NY">
                                
              <name type="parsed">Ms. Ocasio-Cortez</name>
                                
              <name type="authority-fnf">Alexandria Ocasio-Cortez</name>
                                
              <name type="authority-lnf">Ocasio-Cortez, Alexandria</name>
                            
        </congMember>
         <congMember bioGuideId="L000551" chamber="H" congress="118" party="D" role="COSPONSOR" state="CA">
                                
              <name type="parsed">Ms. Lee of California</name>
                                
              <name type="authority-fnf">Barbara Lee</name>
                                
              <name type="authority-lnf">Lee, Barbara</name>
                            
        </congMember>
         <congMember bioGuideId="B001303" chamber="H" congress="118" party="D" role="COSPONSOR" state="DE">
                                
              <name type="parsed">Ms. Blunt Rochester</name>
                                
              <name type="authority-fnf">Lisa Blunt Rochester</name>
                                
              <name type="authority-lnf">Blunt Rochester, Lisa</name>
                            
        </congMember>
         <congMember bioGuideId="B001278" chamber="H" congress="118" party="D" role="COSPONSOR" state="OR">
                                
              <name type="parsed">Ms. Bonamici</name>
                                
              <name type="authority-fnf">Suzanne Bonamici</name>
                                
              <name type="authority-lnf">Bonamici, Suzanne</name>
                            
        </congMember>
         <congMember bioGuideId="B001223" chamber="H" congress="118" party="D" role="COSPONSOR" state="NY">
                                
              <name type="parsed">Mr. Bowman</name>
                                
              <name type="authority-fnf">Jamaal Bowman</name>
                                
              <name type="authority-lnf">Bowman, Jamaal</name>
                            
        </congMember>
         <congMember bioGuideId="C001131" chamber="H" congress="118" party="D" role="COSPONSOR" state="TX">
                                
              <name type="parsed">Mr. Casar</name>
                                
              <name type="authority-fnf">Greg Casar</name>
                                
              <name type="authority-lnf">Casar, Greg</name>
                            
        </congMember>
         <congMember bioGuideId="C001080" chamber="H" congress="118" party="D" role="COSPONSOR" state="CA">
                                
              <name type="parsed">Ms. Chu</name>
                                
              <name type="authority-fnf">Judy Chu</name>
                                
              <name type="authority-lnf">Chu, Judy</name>
                            
        </congMember>
         <congMember bioGuideId="C001067" chamber="H" congress="118" party="D" role="COSPONSOR" state="NY">
                                
              <name type="parsed">Ms. Clarke of New York</name>
                                
              <name type="authority-fnf">Yvette D. Clarke</name>
                                
              <name type="authority-lnf">Clarke, Yvette D.</name>
                                
              <name type="authority-other">Ms. Yvette Clarke</name>
                            
        </congMember>
         <congMember bioGuideId="C001061" chamber="H" congress="118" party="D" role="COSPONSOR" state="MO">
                                
              <name type="parsed">Mr. Cleaver</name>
                                
              <name type="authority-fnf">Emanuel Cleaver</name>
                                
              <name type="authority-lnf">Cleaver, Emanuel</name>
                            
        </congMember>
         <congMember bioGuideId="C001068" chamber="H" congress="118" party="D" role="COSPONSOR" state="TN">
                                
              <name type="parsed">Mr. Cohen</name>
                                
              <name type="authority-fnf">Steve Cohen</name>
                                
              <name type="authority-lnf">Cohen, Steve</name>
                            
        </congMember>
         <congMember bioGuideId="D000399" chamber="H" congress="118" party="D" role="COSPONSOR" state="TX">
                                
              <name type="parsed">Mr. Doggett</name>
                                
              <name type="authority-fnf">Lloyd Doggett</name>
                                
              <name type="authority-lnf">Doggett, Lloyd</name>
                            
        </congMember>
         <congMember bioGuideId="E000297" chamber="H" congress="118" party="D" role="COSPONSOR" state="NY">
                                
              <name type="parsed">Mr. Espaillat</name>
                                
              <name type="authority-fnf">Adriano Espaillat</name>
                                
              <name type="authority-lnf">Espaillat, Adriano</name>
                            
        </congMember>
         <congMember bioGuideId="E000296" chamber="H" congress="118" party="D" role="COSPONSOR" state="PA">
                                
              <name type="parsed">Mr. Evans</name>
                                
              <name type="authority-fnf">Dwight Evans</name>
                                
              <name type="authority-lnf">Evans, Dwight</name>
                            
        </congMember>
         <congMember bioGuideId="G000585" chamber="H" congress="118" party="D" role="COSPONSOR" state="CA">
                                
              <name type="parsed">Mr. Gomez</name>
                                
              <name type="authority-fnf">Jimmy Gomez</name>
                                
              <name type="authority-lnf">Gomez, Jimmy</name>
                            
        </congMember>
         <congMember bioGuideId="N000147" chamber="H" congress="118" party="D" role="COSPONSOR" state="DC">
                                
              <name type="parsed">Ms. Norton</name>
                                
              <name type="authority-fnf">Eleanor Holmes Norton</name>
                                
              <name type="authority-lnf">Norton, Eleanor Holmes</name>
                                
              <name type="authority-other">Eleanor Norton</name>
                            
        </congMember>
         <congMember bioGuideId="H001094" chamber="H" congress="118" party="D" role="COSPONSOR" state="OR">
                                
              <name type="parsed">Ms. Hoyle of Oregon</name>
                                
              <name type="authority-fnf">Val T. Hoyle</name>
                                
              <name type="authority-lnf">Hoyle, Val T.</name>
                                
              <name type="authority-other">Val Hoyle</name>
                            
        </congMember>
         <congMember bioGuideId="H001068" chamber="H" congress="118" party="D" role="COSPONSOR" state="CA">
                                
              <name type="parsed">Mr. Huffman</name>
                                
              <name type="authority-fnf">Jared Huffman</name>
                                
              <name type="authority-lnf">Huffman, Jared</name>
                            
        </congMember>
         <congMember bioGuideId="J000298" chamber="H" congress="118" party="D" role="COSPONSOR" state="WA">
                                
              <name type="parsed">Ms. Jayapal</name>
                                
              <name type="authority-fnf">Pramila Jayapal</name>
                                
              <name type="authority-lnf">Jayapal, Pramila</name>
                            
        </congMember>
         <congMember bioGuideId="K000400" chamber="H" congress="118" party="D" role="COSPONSOR" state="CA">
                                
              <name type="parsed">Ms. Kamlager-Dove</name>
                                
              <name type="authority-fnf">Sydney Kamlager-Dove</name>
                                
              <name type="authority-lnf">Kamlager-Dove, Sydney</name>
                            
        </congMember>
         <congMember bioGuideId="K000391" chamber="H" congress="118" party="D" role="COSPONSOR" state="IL">
                                
              <name type="parsed">Mr. Krishnamoorthi</name>
                                
              <name type="authority-fnf">Raja Krishnamoorthi</name>
                                
              <name type="authority-lnf">Krishnamoorthi, Raja</name>
                            
        </congMember>
         <congMember bioGuideId="L000582" chamber="H" congress="118" party="D" role="COSPONSOR" state="CA">
                                
              <name type="parsed">Mr. Lieu</name>
                                
              <name type="authority-fnf">Ted Lieu</name>
                                
              <name type="authority-lnf">Lieu, Ted</name>
                            
        </congMember>
         <congMember bioGuideId="M001188" chamber="H" congress="118" party="D" role="COSPONSOR" state="NY">
                                
              <name type="parsed">Ms. Meng</name>
                                
              <name type="authority-fnf">Grace Meng</name>
                                
              <name type="authority-lnf">Meng, Grace</name>
                            
        </congMember>
         <congMember bioGuideId="N000179" chamber="H" congress="118" party="D" role="COSPONSOR" state="CA">
                                
              <name type="parsed">Mrs. Napolitano</name>
                                
              <name type="authority-fnf">Grace F. Napolitano</name>
                                
              <name type="authority-lnf">Napolitano, Grace F.</name>
                                
              <name type="authority-other">Grace Napolitano</name>
                            
        </congMember>
         <congMember bioGuideId="O000173" chamber="H" congress="118" party="D" role="COSPONSOR" state="MN">
                                
              <name type="parsed">Ms. Omar</name>
                                
              <name type="authority-fnf">Ilhan Omar</name>
                                
              <name type="authority-lnf">Omar, Ilhan</name>
                            
        </congMember>
         <congMember bioGuideId="P000597" chamber="H" congress="118" party="D" role="COSPONSOR" state="ME">
                                
              <name type="parsed">Ms. Pingree</name>
                                
              <name type="authority-fnf">Chellie Pingree</name>
                                
              <name type="authority-lnf">Pingree, Chellie</name>
                            
        </congMember>
         <congMember bioGuideId="P000607" chamber="H" congress="118" party="D" role="COSPONSOR" state="WI">
                                
              <name type="parsed">Mr. Pocan</name>
                                
              <name type="authority-fnf">Mark Pocan</name>
                                
              <name type="authority-lnf">Pocan, Mark</name>
                            
        </congMember>
         <congMember bioGuideId="P000618" chamber="H" congress="118" party="D" role="COSPONSOR" state="CA">
                                
              <name type="parsed">Ms. Porter</name>
                                
              <name type="authority-fnf">Katie Porter</name>
                                
              <name type="authority-lnf">Porter, Katie</name>
                            
        </congMember>
         <congMember bioGuideId="Q000023" chamber="H" congress="118" party="D" role="COSPONSOR" state="IL">
                                
              <name type="parsed">Mr. Quigley</name>
                                
              <name type="authority-fnf">Mike Quigley</name>
                                
              <name type="authority-lnf">Quigley, Mike</name>
                            
        </congMember>
         <congMember bioGuideId="R000606" chamber="H" congress="118" party="D" role="COSPONSOR" state="MD">
                                
              <name type="parsed">Mr. Raskin</name>
                                
              <name type="authority-fnf">Jamie Raskin</name>
                                
              <name type="authority-lnf">Raskin, Jamie</name>
                            
        </congMember>
         <congMember bioGuideId="S001226" chamber="H" congress="118" party="D" role="COSPONSOR" state="OR">
                                
              <name type="parsed">Ms. Salinas</name>
                                
              <name type="authority-fnf">Andrea Salinas</name>
                                
              <name type="authority-lnf">Salinas, Andrea</name>
                            
        </congMember>
         <congMember bioGuideId="S001145" chamber="H" congress="118" party="D" role="COSPONSOR" state="IL">
                                
              <name type="parsed">Ms. Schakowsky</name>
                                
              <name type="authority-fnf">Janice D. Schakowsky</name>
                                
              <name type="authority-lnf">Schakowsky, Janice D.</name>
                                
              <name type="authority-other">Janice Schakowsky</name>
                            
        </congMember>
         <congMember bioGuideId="S001150" chamber="H" congress="118" party="D" role="COSPONSOR" state="CA">
                                
              <name type="parsed">Mr. Schiff</name>
                                
              <name type="authority-fnf">Adam B. Schiff</name>
                                
              <name type="authority-lnf">Schiff, Adam B.</name>
                                
              <name type="authority-other">Adam Schiff</name>
                            
        </congMember>
         <congMember bioGuideId="S001218" chamber="H" congress="118" party="D" role="COSPONSOR" state="NM">
                                
              <name type="parsed">Ms. Stansbury</name>
                                
              <name type="authority-fnf">Melanie Stansbury</name>
                                
              <name type="authority-lnf">Stansbury, Melanie Ann</name>
                                
              <name type="authority-other">Ms. Melanie Ann Stansbury</name>
                            
        </congMember>
         <congMember bioGuideId="T000481" chamber="H" congress="118" party="D" role="COSPONSOR" state="MI">
                                
              <name type="parsed">Ms. Tlaib</name>
                                
              <name type="authority-fnf">Rashida Tlaib</name>
                                
              <name type="authority-lnf">Tlaib, Rashida</name>
                            
        </congMember>
         <congMember bioGuideId="T000487" chamber="H" congress="118" party="D" role="COSPONSOR" state="HI">
                                
              <name type="parsed">Ms. Tokuda</name>
                                
              <name type="authority-fnf">Jill N. Tokuda</name>
                                
              <name type="authority-lnf">Tokuda, Jill N.</name>
                                
              <name type="authority-other">Jill Tokuda</name>
                            
        </congMember>
         <congMember bioGuideId="T000469" chamber="H" congress="118" party="D" role="COSPONSOR" state="NY">
                                
              <name type="parsed">Mr. Tonko</name>
                                
              <name type="authority-fnf">Paul Tonko</name>
                                
              <name type="authority-lnf">Tonko, Paul</name>
                            
        </congMember>
         <congMember bioGuideId="V000081" chamber="H" congress="118" party="D" role="COSPONSOR" state="NY">
                                
              <name type="parsed">Ms. Velázquez</name>
                                
              <name type="authority-fnf">Nydia M. Velazquez</name>
                                
              <name type="authority-lnf">Velazquez, Nydia M.</name>
                                
              <name type="authority-other">Nydia Velazquez</name>
                            
        </congMember>
         <congMember bioGuideId="W000822" chamber="H" congress="118" party="D" role="COSPONSOR" state="NJ">
                                
              <name type="parsed">Mrs. Watson Coleman</name>
                                
              <name type="authority-fnf">Bonnie Watson Coleman</name>
                                
              <name type="authority-lnf">Watson Coleman, Bonnie</name>
                            
        </congMember>
         <congMember bioGuideId="N000002" chamber="H" congress="118" party="D" role="COSPONSOR" state="NY">
                                
              <name type="parsed">Mr. Nadler</name>
                                
              <name type="authority-fnf">Jerrold Nadler</name>
                                
              <name type="authority-lnf">Nadler, Jerrold</name>
                            
        </congMember>
         <congMember bioGuideId="F000476" chamber="H" congress="118" party="D" role="COSPONSOR" state="FL">
                                
              <name type="parsed">Mr. Frost</name>
                                
              <name type="authority-fnf">Maxwell Frost</name>
                                
              <name type="authority-lnf">Frost, Maxwell</name>
                            
        </congMember>
         <congMember bioGuideId="B001224" chamber="H" congress="118" party="D" role="COSPONSOR" state="MO">
                                
              <name type="parsed">Ms. Bush</name>
                                
              <name type="authority-fnf">Cori Bush</name>
                                
              <name type="authority-lnf">Bush, Cori</name>
                            
        </congMember>
         <congMember bioGuideId="B001285" chamber="H" congress="118" party="D" role="COSPONSOR" state="CA">
                                
              <name type="parsed">Ms. Brownley</name>
                                
              <name type="authority-fnf">Julia Brownley</name>
                                
              <name type="authority-lnf">Brownley, Julia</name>
                            
        </congMember>
         <congMember bioGuideId="V000130" chamber="H" congress="118" party="D" role="COSPONSOR" state="CA">
                                
              <name type="parsed">Mr. Vargas</name>
                                
              <name type="authority-fnf">Juan Vargas</name>
                                
              <name type="authority-lnf">Vargas, Juan</name>
                            
        </congMember>
         <congMember bioGuideId="E000299" chamber="H" congress="118" party="D" role="COSPONSOR" state="TX">
                                
              <name type="parsed">Ms. Escobar</name>
                                
              <name type="authority-fnf">Veronica Escobar</name>
                                
              <name type="authority-lnf">Escobar, Veronica</name>
                            
        </congMember>
         <congMember bioGuideId="T000472" chamber="H" congress="118" party="D" role="COSPONSOR" state="CA">
                                
              <name type="parsed">Mr. Takano</name>
                                
              <name type="authority-fnf">Mark Takano</name>
                                
              <name type="authority-lnf">Takano, Mark</name>
                            
        </congMember>
         <congMember bioGuideId="K000389" chamber="H" congress="118" party="D" role="COSPONSOR" state="CA">
                                
              <name type="parsed">Mr. Khanna</name>
                                
              <name type="authority-fnf">Ro Khanna</name>
                                
              <name type="authority-lnf">Khanna, Ro</name>
                            
        </congMember>
         <congMember bioGuideId="G000551" chamber="H" congress="118" party="D" role="COSPONSOR" state="AZ">
                                
              <name type="parsed">Mr. Grijalva</name>
                                
              <name type="authority-fnf">Raul M. Grijalva</name>
                                
              <name type="authority-lnf">Grijalva, Raul M.</name>
                                
              <name type="authority-other">Mr. Raul Grijalva</name>
                            
        </congMember>
         <congMember bioGuideId="W000808" chamber="H" congress="118" party="D" role="COSPONSOR" state="FL">
                                
              <name type="parsed">Ms. Wilson of Florida</name>
                                
              <name type="authority-fnf">Frederica S. Wilson</name>
                                
              <name type="authority-lnf">Wilson, Frederica S.</name>
                                
              <name type="authority-other">Frederica Wilson</name>
                            
        </congMember>
         <congMember bioGuideId="J000288" chamber="H" congress="118" party="D" role="COSPONSOR" state="GA">
                                
              <name type="parsed">Mr. Johnson of Georgia</name>
                                
              <name type="authority-fnf">Henry C. &quot;Hank&quot; Johnson, Jr.</name>
                                
              <name type="authority-lnf">Johnson, Henry C. &quot;Hank,&quot; Jr.</name>
                                
              <name type="authority-other">Mr. Henry C. &quot;Hank&quot; Johnson</name>
                            
        </congMember>
         <congMember bioGuideId="H001081" chamber="H" congress="118" party="D" role="COSPONSOR" state="CT">
                                
              <name type="parsed">Mrs. Hayes</name>
                                
              <name type="authority-fnf">Jahana Hayes</name>
                                
              <name type="authority-lnf">Hayes, Jahana</name>
                            
        </congMember>
         <congMember bioGuideId="B001292" chamber="H" congress="118" party="D" role="COSPONSOR" state="VA">
                                
              <name type="parsed">Mr. Beyer</name>
                                
              <name type="authority-fnf">Donald S. Beyer, Jr.</name>
                                
              <name type="authority-lnf">Beyer, Donald S., Jr.</name>
                                
              <name type="authority-other">Mr. Donald Beyer</name>
                            
        </congMember>
         <congMember bioGuideId="B001318" chamber="H" congress="118" party="D" role="COSPONSOR" state="VT">
                                
              <name type="parsed">Ms. Balint</name>
                                
              <name type="authority-fnf">Becca Balint</name>
                                
              <name type="authority-lnf">Balint, Becca</name>
                            
        </congMember>
         <congMember bioGuideId="L000397" chamber="H" congress="118" party="D" role="COSPONSOR" state="CA">
                                
              <name type="parsed">Ms. Lofgren</name>
                                
              <name type="authority-fnf">Zoe Lofgren</name>
                                
              <name type="authority-lnf">Lofgren, Zoe</name>
                            
        </congMember>
         <congMember bioGuideId="P000613" chamber="H" congress="118" party="D" role="COSPONSOR" state="CA">
                                
              <name type="parsed">Mr. Panetta</name>
                                
              <name type="authority-fnf">Jimmy Panetta</name>
                                
              <name type="authority-lnf">Panetta, Jimmy</name>
                            
        </congMember>
         <congMember bioGuideId="J000305" chamber="H" congress="118" party="D" role="COSPONSOR" state="CA">
                                
              <name type="parsed">Ms. Jacobs</name>
                                
              <name type="authority-fnf">Sara Jacobs</name>
                                
              <name type="authority-lnf">Jacobs, Sara</name>
                            
        </congMember>
         <congMember bioGuideId="M000312" chamber="H" congress="118" party="D" role="COSPONSOR" state="MA">
                                
              <name type="parsed">Mr. McGovern</name>
                                
              <name type="authority-fnf">James P. McGovern</name>
                                
              <name type="authority-lnf">McGovern, James P.</name>
                                
              <name type="authority-other">James Mcgovern</name>
                            
        </congMember>
         <congMember bioGuideId="C001097" chamber="H" congress="118" party="D" role="COSPONSOR" state="CA">
                                
              <name type="parsed">Mr. Cárdenas</name>
                                
              <name type="authority-fnf">Tony Cardenas</name>
                                
              <name type="authority-lnf">Cardenas, Tony</name>
                            
        </congMember>
         <congMember bioGuideId="R000579" chamber="H" congress="118" party="D" role="COSPONSOR" state="NY">
                                
              <name type="parsed">Mr. Ryan</name>
                                
              <name type="authority-fnf">Patrick Ryan</name>
                                
              <name type="authority-lnf">Ryan, Patrick</name>
                            
        </congMember>
         <congMember bioGuideId="W000788" chamber="H" congress="118" party="D" role="COSPONSOR" state="GA">
                                
              <name type="parsed">Ms. Williams of Georgia</name>
                                
              <name type="authority-fnf">Nikema Williams</name>
                                
              <name type="authority-lnf">Williams, Nikema</name>
                            
        </congMember>
         <congMember bioGuideId="L000562" chamber="H" congress="118" party="D" role="COSPONSOR" state="MA">
                                
              <name type="parsed">Mr. Lynch</name>
                                
              <name type="authority-fnf">Stephen F. Lynch</name>
                                
              <name type="authority-lnf">Lynch, Stephen F.</name>
                                
              <name type="authority-other">Mr. Stephen Lynch</name>
                            
        </congMember>
         <isPrivate>false</isPrivate>
         <isAppropriation>false</isAppropriation>
    </extension>
</mods>