<?xml version="1.0"?>
<?xml-stylesheet type="text/xsl" href="billres.xsl"?>
<!DOCTYPE resolution PUBLIC "-//US Congress//DTDs/res.dtd//EN" "res.dtd">
<resolution resolution-stage="Introduced-in-House" dms-id="H5F5DF562FB79418FA6B7F43D3C60E9BE" public-private="public" resolution-type="house-joint" star-print="no-star-print" key="H"><metadata xmlns:dc="http://purl.org/dc/elements/1.1/">
<dublinCore>
<dc:title>118 HJ 183 IH: Providing for congressional disapproval under chapter 8 of title 5, United States Code, of the rule submitted by the Office of Energy Efficiency and Renewable Energy of the Department of Energy relating to “Energy Conservation Program: Energy Conservation Standards for Circulator Pumps”.</dc:title>
<dc:publisher>U.S. House of Representatives</dc:publisher>
<dc:date>2024-07-11</dc:date>
<dc:format>text/xml</dc:format>
<dc:language>EN</dc:language>
<dc:rights>Pursuant to Title 17 Section 105 of the United States Code, this file is not subject to copyright protection and is in the public domain.</dc:rights>
</dublinCore>
</metadata>
<form>
<distribution-code display="yes">IA</distribution-code><congress display="yes">118th CONGRESS</congress><session display="yes">2d Session</session><legis-num display="yes">H. J. RES. 183</legis-num><current-chamber>IN THE HOUSE OF REPRESENTATIVES</current-chamber><action display="yes"><action-date date="20240711">July 11, 2024</action-date><action-desc><sponsor name-id="P000609">Mr. Palmer</sponsor> submitted the following joint resolution; which was referred to the <committee-name committee-id="HIF00">Committee on Energy and Commerce</committee-name></action-desc></action><legis-type>JOINT RESOLUTION</legis-type><official-title display="yes">Providing for congressional disapproval under <external-xref legal-doc="usc-chapter" parsable-cite="usc-chapter/5/8">chapter 8</external-xref> of title 5, United States Code, of the rule submitted by the Office of Energy Efficiency and Renewable Energy of the Department of Energy relating to <quote>Energy Conservation Program: Energy Conservation Standards for Circulator Pumps</quote>.</official-title></form><resolution-body style="OLC" id="H1C80001EE3434A10BB73CC8A36C69D82"><section display-inline="yes-display-inline" section-type="undesignated-section" id="H94B775B3459345D18DF3713BA04284C8"><text display-inline="yes-display-inline">That Congress disapproves the final rule submitted by the Office of Energy Efficiency and Renewable Energy of the Department of Energy relating to <quote>Energy Conservation Program: Energy Conservation Standards for Circulator Pumps</quote> (89 Fed. Reg. 44464 (May 20, 2024)), and such rule shall have no force or effect. </text></section></resolution-body></resolution> 

