<?xml version="1.0"?>
<?xml-stylesheet type="text/xsl" href="billres.xsl"?>
<!DOCTYPE resolution PUBLIC "-//US Congress//DTDs/res.dtd//EN" "res.dtd">
<resolution resolution-stage="Introduced-in-House" dms-id="HB44B7FB1E54240968FC64A8EFE589320" public-private="public" resolution-type="constitutional-amendment" star-print="no-star-print" key="H"><metadata xmlns:dc="http://purl.org/dc/elements/1.1/">
<dublinCore>
<dc:title>118 HJ 75 IH: Proposing an amendment to the Constitution of the United States requiring that the Federal budget be balanced.</dc:title>
<dc:publisher>U.S. House of Representatives</dc:publisher>
<dc:date>2023-06-15</dc:date>
<dc:format>text/xml</dc:format>
<dc:language>EN</dc:language>
<dc:rights>Pursuant to Title 17 Section 105 of the United States Code, this file is not subject to copyright protection and is in the public domain.</dc:rights>
</dublinCore>
</metadata>
<form>
<distribution-code display="yes">IA</distribution-code><congress display="yes">118th CONGRESS</congress><session display="yes">1st Session</session><legis-num display="yes">H. J. RES. 75</legis-num><current-chamber>IN THE HOUSE OF REPRESENTATIVES</current-chamber><action display="yes"><action-date date="20230615">June 15, 2023</action-date><action-desc><sponsor name-id="L000583">Mr. Loudermilk</sponsor> submitted the following joint resolution; which was referred to the <committee-name committee-id="HJU00">Committee on the Judiciary</committee-name></action-desc></action><legis-type>JOINT RESOLUTION</legis-type><official-title display="yes">Proposing an amendment to the Constitution of the United States requiring that the Federal budget be balanced.</official-title></form><resolution-body style="OLC" id="HDBB3CC2CEC4A4C5BB725BD044D8D7D29"><section display-inline="yes-display-inline" id="HFF8FB72378BF48EAA639A8671FCA98EC" section-type="undesignated-section"><text>That the following article is proposed as an amendment to the Constitution of the United States, which shall be valid to all intents and purposes as part of the Constitution when ratified by the legislatures of three-fourths of the several States:</text><quoted-block id="HE6A075A903AA4ECDB757E058B46B9693" style="constitutional-amendment"><constitution-article id="HA9F52D2A5DB74582A7EA376AD9613EE0"><enum> —</enum><section id="HAC15CA04C39D429A974F619C18618ABB" section-type="section-one"><enum>1.</enum><text>Total outlays for any fiscal year shall not exceed total receipts for that fiscal year.</text></section><section id="HAACA70197B0B49869FB97ED4C80078D6" section-type="section-one"><enum>2.</enum><text>Total outlays shall not exceed 18 percent of the gross domestic product of the United States for the calendar year ending prior to the beginning of such fiscal year.</text></section><section id="H08CF0C937F024791A547740685514248" section-type="section-one"><enum>3.</enum><text>The Congress may provide for suspension of the limitations imposed by section 1 or 2 of this article for any fiscal year for which two-thirds of the whole number of each House shall provide, by a rollcall vote, for a specific excess of outlays over receipts or over 18 percent of the gross domestic product of the United States for the calendar year ending prior to the beginning of such fiscal year.</text></section><section id="H36BD0E350B5F4D7BA138A083821E2AFF" section-type="section-one"><enum>4.</enum><text>Any bill to levy a new tax or increase the rate of any tax shall not become law unless approved by two-thirds of the whole number of each House of Congress by a rollcall vote.</text></section><section id="H716804EB7BB74E4D906B1FA9AC7F581D" section-type="section-one"><enum>5.</enum><text>The limit on the debt of the United States held by the public shall not be increased, unless two-thirds of the whole number of each House of Congress shall provide for such an increase by a rollcall vote.</text></section><section id="HBA4FB5B8D66C4E6BACBA6B16F86DB32D" section-type="section-one"><enum>6.</enum><text>Any Member of Congress shall have standing and a cause of action to seek judicial enforcement of this article, when authorized to do so by a petition signed by one-third of the Members of either House of Congress. No court of the United States or of any State shall order any increase in revenue to enforce this article.</text></section><section id="H5C64E5D258EA4231B3BB8CF39F7B70B5" section-type="section-one"><enum>7.</enum><text>The Congress shall have the power to enforce this article by appropriate legislation.</text></section><section id="H3B59B17BA3814EC7927038B92CAD3439" section-type="section-one"><enum>8.</enum><text>Total receipts shall include all receipts of the United States except those derived from borrowing. Total outlays shall include all outlays of the United States except those for repayment of debt principal.</text></section><section id="HD4D7063234064635AA308205C5548EEB" section-type="section-one"><enum>9.</enum><text display-inline="yes-display-inline">This article shall become effective beginning with the tenth fiscal year commencing after its ratification by the legislatures of three-fourths of the several States.</text></section></constitution-article><after-quoted-block>.</after-quoted-block></quoted-block></section></resolution-body></resolution> 

