<?xml version="1.0"?>
<?xml-stylesheet type="text/xsl" href="billres.xsl"?>
<!DOCTYPE resolution PUBLIC "-//US Congress//DTDs/res.dtd//EN" "res.dtd">
<resolution resolution-stage="Introduced-in-House" dms-id="HEAC6FE7534EA4F2F8A20B7D9C46C9D57" public-private="public" resolution-type="house-concurrent" star-print="no-star-print" key="H"><metadata xmlns:dc="http://purl.org/dc/elements/1.1/">
<dublinCore>
<dc:title>118 HCON 92 IH: Honoring the Mary Meachum Freedom Crossing.</dc:title>
<dc:publisher>U.S. House of Representatives</dc:publisher>
<dc:date>2024-02-20</dc:date>
<dc:format>text/xml</dc:format>
<dc:language>EN</dc:language>
<dc:rights>Pursuant to Title 17 Section 105 of the United States Code, this file is not subject to copyright protection and is in the public domain.</dc:rights>
</dublinCore>
</metadata>
<form>
<distribution-code display="yes">IV</distribution-code><congress display="yes">118th CONGRESS</congress><session display="yes">2d Session</session><legis-num display="yes">H. CON. RES. 92</legis-num><current-chamber>IN THE HOUSE OF REPRESENTATIVES</current-chamber><action display="yes"><action-date date="20240220">February 20, 2024</action-date><action-desc><sponsor name-id="B001224">Ms. Bush</sponsor> submitted the following concurrent resolution; which was referred to the <committee-name committee-id="HJU00">Committee on the Judiciary</committee-name></action-desc></action><legis-type>CONCURRENT RESOLUTION</legis-type><official-title display="yes">Honoring the Mary Meachum Freedom Crossing.</official-title></form><preamble> 
<whereas><text>Whereas the Mary Meachum Freedom Crossing is dedicated as part of the National Underground Railroad Network to Freedom, located on the Mississippi Greenway along the St. Louis riverfront;</text></whereas> <whereas><text>Whereas Mary Meachum and her husband, Reverend John Berry Meachum, were abolitionists who dedicated their entire lives to educating and freeing enslaved people;</text></whereas> 
<whereas><text>Whereas John Berry Meachum, born enslaved on May 3, 1789, in Goochland County, Virginia, worked as a carpenter and purchased his own freedom at the age of 21;</text></whereas> <whereas><text>Whereas, after freeing himself from enslavement, Meachum walked 700 miles to Hanover County, Virginia, to purchase his father’s freedom;</text></whereas> 
<whereas><text>Whereas, after purchasing his father’s freedom, the pair walked 700 miles back to Kentucky, where they promptly purchased the freedom of John’s mother and siblings, with John meeting his future wife soon after;</text></whereas> <whereas><text>Whereas Mary Meachum was born into slavery in Kentucky in 1801 and forcibly relocated to St. Louis, Missouri, when she was only 14 years old;</text></whereas> 
<whereas><text>Whereas Mary was forced to leave behind her newly beloved, John Berry Meachum, but John followed her to St. Louis and bought her freedom;</text></whereas> <whereas><text>Whereas, in 1825, St. Louis passed an ordinance that made it illegal for Black Americans to assemble without a permit from the city and a police officer present, making education nearly impossible to attain;</text></whereas> 
<whereas><text>Whereas, in 1827, the couple established the First African Baptist Church in St. Louis, the oldest Black American church west of the Mississippi River, whose congregation primarily consisted of enslaved people who were permitted by their owners to attend;</text></whereas> <whereas><text>Whereas Reverend Meachum began a school for Black Americans and secretly taught students in the basement of the church by candlelight, also known as a candle tallow school;</text></whereas> 
<whereas><text>Whereas, in 1847, soon after Missouri outlawed all education for both freed and enslaved Black Missourians, the school was dismantled by the police;</text></whereas> <whereas><text>Whereas, in defiance of the Fugitive Slave Act of 1850, the Meachums’ home was a waypoint on the Underground Railroad, where they helped countless enslaved people escape to Illinois, where slavery was outlawed;</text></whereas> 
<whereas><text>Whereas, after John’s death in February 1854, Mary Meachum continued their tireless abolitionist work educating and freeing enslaved people;</text></whereas> <whereas><text>Whereas, on the night of May 21, 1855, a small group of enslaved people were captured by enslavers and law enforcement, giving up Mary Meachum’s name as the arranger of the escape attempt and listing her home as the rendezvous point where they began their journey;</text></whereas> 
<whereas><text>Whereas Mary Meachum was arrested and charged with slave theft under the Fugitive Slave Act of 1850;</text></whereas> <whereas><text>Whereas, following a long series of heroic, selfless, and historic fights for the freedom and education of enslaved people, Mary Meachum passed away in St. Louis in 1869; and</text></whereas> 
<whereas><text>Whereas, in 2001, the Mary Meachum Freedom Crossing was dedicated as part of the National Underground Railroad Network to Freedom, a congressionally mandated program of the National Park Service that honors, preserves, and promotes the history of resistance to enslavement through escape and flight: Now, therefore, be it</text></whereas></preamble><resolution-body style="traditional" id="HFBF947424A9546749CEABECBF657563C"> <section id="HB68BF8950E8F425FBD289574EB70C2A0" section-type="undesignated-section" display-inline="yes-display-inline"><text display-inline="yes-display-inline">That Congress—</text> 
<paragraph id="HCA19CAD4B8A846988674AF86446A3425"><enum>(1)</enum><text>honors the lives and work of Mary and John Meachum and recognizes the importance of the Mary Meachum Freedom Crossing as a part of this Nation’s history; and</text></paragraph> <paragraph id="HDBD6B0EA2A6744C592562012A62D7180"><enum>(2)</enum><text>elevates Black History Month as a time to evoke historical memory about the sacrifices and contributions made by Black Americans, particularly Black abolitionists.</text></paragraph></section> 
</resolution-body></resolution>

