<?xml version="1.0"?>
<?xml-stylesheet type="text/xsl" href="billres.xsl"?>
<!DOCTYPE resolution PUBLIC "-//US Congress//DTDs/res.dtd//EN" "res.dtd">
<resolution resolution-stage="Enrolled-Bill" dms-id="H937051AED60B44E49C835003146B3EBC" public-private="public" resolution-type="house-joint" star-print="no-star-print" key="H" stage-count="1"> 
<metadata xmlns:dc="http://purl.org/dc/elements/1.1/">
<dublinCore>
<dc:title> HJ 7 ENR: Relating to a national emergency declared by the President on March 13, 2020.</dc:title>
<dc:publisher>U.S. House of Representatives</dc:publisher>
<dc:date></dc:date>
<dc:format>text/xml</dc:format>
<dc:language>EN</dc:language>
<dc:rights>Pursuant to Title 17 Section 105 of the United States Code, this file is not subject to copyright protection and is in the public domain.</dc:rights>
</dublinCore>
</metadata>
<form>
<distribution-code display="no">IA</distribution-code> 
<congress display="yes">One Hundred Eighteenth Congress of the United States of America</congress> 
<session display="yes">At the First Session</session><enrolled-dateline>Begun and held at the City of Washington on Tuesday, the third day of January, two thousand and twenty-three</enrolled-dateline> 
<legis-num display="yes">H. J. RES. 7</legis-num> 
<current-chamber display="no"></current-chamber> 
<legis-type>JOINT RESOLUTION</legis-type> 
<official-title display="yes">Relating to a national emergency declared by the President on March 13, 2020.</official-title> 
</form> 
<resolution-body style="traditional" id="H8DF0D5CE95584A1E900330FE8A3730A0"> 
<section display-inline="yes-display-inline" section-type="undesignated-section" id="HC62D69E7CD204B06B51252796D01FC58"><text>That, pursuant to section 202 of the National Emergencies Act (<external-xref legal-doc="usc" parsable-cite="usc/50/1622">50 U.S.C. 1622</external-xref>), the national emergency declared by the finding of the President on March 13, 2020, in Proclamation 9994 (85 Fed. Reg. 15337) is hereby terminated.</text></section> </resolution-body> <attestation><attestation-group><role>Speaker of the House of Representatives.</role></attestation-group><attestation-group><role>Vice President of the United States and President of the Senate.</role></attestation-group></attestation> </resolution> 

