<mods xmlns:xlink="http://www.w3.org/1999/xlink" xmlns:xsi="http://www.w3.org/2001/XMLSchema-instance" xmlns="http://www.loc.gov/mods/v3" version="3.3" xsi:schemaLocation="http://www.loc.gov/mods/v3 http://www.loc.gov/standards/mods/v3/mods-3-3.xsd" ID="P0b002ee1bd9351db">
    <name type="corporate">
         <namePart>United States Government Publishing Office</namePart>
         <role>
              <roleTerm authority="marcrelator" type="text">publisher</roleTerm>
              <roleTerm authority="marcrelator" type="code">pbl</roleTerm>
        </role>
         <role>
              <roleTerm authority="marcrelator" type="text">distributor</roleTerm>
              <roleTerm authority="marcrelator" type="code">dst</roleTerm>
        </role>
    </name>
    <name type="corporate">
         <namePart>United States</namePart>
         <namePart>Congress</namePart>
         <namePart>House of Representatives</namePart>
         <role>
              <roleTerm authority="marcrelator" type="text">author</roleTerm>
              <roleTerm authority="marcrelator" type="code">aut</roleTerm>
        </role>
         <description>Government Organization</description>
    </name>
    <typeOfResource>text</typeOfResource>
    <genre authority="marcgt">government publication</genre>
    <language>
         <languageTerm type="code" authority="iso639-2b">eng</languageTerm>
    </language>
    <extension>
         <collectionCode>BILLS</collectionCode>
         <searchTitle>Proposing an amendment to the Constitution of the United States providing that the rights protected and extended by the Constitution are the rights of natural persons only.;H.J. Res. 54 (IH)
    </searchTitle>
         <category>Bills and Statutes</category>
         <waisDatabaseName>118_cong_bills</waisDatabaseName>
         <branch>legislative</branch>
         <dateIngested>2023-04-20</dateIngested>
    </extension>
    <titleInfo>
         <title>Proposing an amendment to the Constitution of the United States providing that the rights protected and extended by the Constitution are the rights of natural persons only.</title>
    </titleInfo>
    <titleInfo type="alternative">
         <title>H.J. Res. 54 (IH)
    </title>
    </titleInfo>
    <originInfo>
         <publisher>U.S. Government Publishing Office</publisher>
         <dateIssued encoding="w3cdtf">2023-04-10</dateIssued>
         <issuance>monographic</issuance>
    </originInfo>
    <physicalDescription>
         <note type="source content type">deposited</note>
         <digitalOrigin>born digital</digitalOrigin>
         <extent>3 p.</extent>
    </physicalDescription>
    <classification authority="sudocs">Y 1.6:</classification>
    <classification authority="sudocs">Y 1.4/8:</classification>
    <identifier type="local">P0b002ee1bd9351db</identifier>
    <identifier type="uri">https://www.govinfo.gov/app/details/BILLS-118hjres54ih</identifier>
    <identifier type="preferred citation">H.J. Res. 54</identifier>
    <identifier type="stock number">021-610-00252-9</identifier>
    <identifier type="Parent ILS system id">000501532</identifier>
    <identifier type="Child ILS system id">000325570</identifier>
    <identifier type="Parent ILS title">Congressional bills</identifier>
    <identifier type="Child ILS title">House joint resolutions</identifier>
    <identifier type="former package identifier">f:hj54_ih.txt</identifier>
    <location>
         <url displayLabel="Content Detail" access="object in context">https://www.govinfo.gov/app/details/BILLS-118hjres54ih</url>
         <url displayLabel="HTML rendition" access="raw object">https://www.govinfo.gov/content/pkg/BILLS-118hjres54ih/html/BILLS-118hjres54ih.htm</url>
         <url displayLabel="PDF rendition" access="raw object">https://www.govinfo.gov/content/pkg/BILLS-118hjres54ih/pdf/BILLS-118hjres54ih.pdf</url>
         <url displayLabel="XML rendition" access="raw object">https://www.govinfo.gov/content/pkg/BILLS-118hjres54ih/xml/BILLS-118hjres54ih.xml</url>
    </location>
    <accessCondition type="GPO scope determination">fdlp</accessCondition>
    <recordInfo>
         <recordContentSource authority="marcorg">DGPO</recordContentSource>
         <recordCreationDate encoding="w3cdtf">2023-04-20</recordCreationDate>
         <recordChangeDate encoding="w3cdtf">2023-04-20</recordChangeDate>
         <recordIdentifier source="DGPO">BILLS-118hjres54ih</recordIdentifier>
         <recordOrigin>machine generated</recordOrigin>
         <languageOfCataloging>
              <languageTerm type="code" authority="iso639-2b">eng</languageTerm>
        </languageOfCataloging>
    </recordInfo>
    <name type="personal">
         <namePart>Pramila Jayapal</namePart>
         <affiliation>United States House of Representatives</affiliation>
         <role>
              <roleTerm authority="marcrelator" type="text">sponsor</roleTerm>
              <roleTerm authority="marcrelator" type="code">spn</roleTerm>
        </role>
         <description>United States Congress Member</description>
    </name>
    <name type="personal">
         <namePart>Derek Kilmer</namePart>
         <affiliation>United States House of Representatives</affiliation>
         <role>
              <roleTerm type="text">cosponsor</roleTerm>
        </role>
         <description>United States Congress Member</description>
    </name>
    <name type="personal">
         <namePart>Suzan K. DelBene</namePart>
         <affiliation>United States House of Representatives</affiliation>
         <role>
              <roleTerm type="text">cosponsor</roleTerm>
        </role>
         <description>United States Congress Member</description>
    </name>
    <name type="personal">
         <namePart>Joe Neguse</namePart>
         <affiliation>United States House of Representatives</affiliation>
         <role>
              <roleTerm type="text">cosponsor</roleTerm>
        </role>
         <description>United States Congress Member</description>
    </name>
    <name type="personal">
         <namePart>Brendan F. Boyle</namePart>
         <affiliation>United States House of Representatives</affiliation>
         <role>
              <roleTerm type="text">cosponsor</roleTerm>
        </role>
         <description>United States Congress Member</description>
    </name>
    <name type="personal">
         <namePart>Matt Cartwright</namePart>
         <affiliation>United States House of Representatives</affiliation>
         <role>
              <roleTerm type="text">cosponsor</roleTerm>
        </role>
         <description>United States Congress Member</description>
    </name>
    <name type="personal">
         <namePart>Jared Huffman</namePart>
         <affiliation>United States House of Representatives</affiliation>
         <role>
              <roleTerm type="text">cosponsor</roleTerm>
        </role>
         <description>United States Congress Member</description>
    </name>
    <name type="personal">
         <namePart>Henry C. &quot;Hank&quot; Johnson, Jr.</namePart>
         <affiliation>United States House of Representatives</affiliation>
         <role>
              <roleTerm type="text">cosponsor</roleTerm>
        </role>
         <description>United States Congress Member</description>
    </name>
    <name type="personal">
         <namePart>Adam Smith</namePart>
         <affiliation>United States House of Representatives</affiliation>
         <role>
              <roleTerm type="text">cosponsor</roleTerm>
        </role>
         <description>United States Congress Member</description>
    </name>
    <name type="personal">
         <namePart>Nydia M. Velazquez</namePart>
         <affiliation>United States House of Representatives</affiliation>
         <role>
              <roleTerm type="text">cosponsor</roleTerm>
        </role>
         <description>United States Congress Member</description>
    </name>
    <name type="personal">
         <namePart>Mark DeSaulnier</namePart>
         <affiliation>United States House of Representatives</affiliation>
         <role>
              <roleTerm type="text">cosponsor</roleTerm>
        </role>
         <description>United States Congress Member</description>
    </name>
    <name type="personal">
         <namePart>Earl Blumenauer</namePart>
         <affiliation>United States House of Representatives</affiliation>
         <role>
              <roleTerm type="text">cosponsor</roleTerm>
        </role>
         <description>United States Congress Member</description>
    </name>
    <name type="personal">
         <namePart>Zoe Lofgren</namePart>
         <affiliation>United States House of Representatives</affiliation>
         <role>
              <roleTerm type="text">cosponsor</roleTerm>
        </role>
         <description>United States Congress Member</description>
    </name>
    <name type="personal">
         <namePart>Rashida Tlaib</namePart>
         <affiliation>United States House of Representatives</affiliation>
         <role>
              <roleTerm type="text">cosponsor</roleTerm>
        </role>
         <description>United States Congress Member</description>
    </name>
    <name type="personal">
         <namePart>Scott H. Peters</namePart>
         <affiliation>United States House of Representatives</affiliation>
         <role>
              <roleTerm type="text">cosponsor</roleTerm>
        </role>
         <description>United States Congress Member</description>
    </name>
    <name type="personal">
         <namePart>Jill N. Tokuda</namePart>
         <affiliation>United States House of Representatives</affiliation>
         <role>
              <roleTerm type="text">cosponsor</roleTerm>
        </role>
         <description>United States Congress Member</description>
    </name>
    <name type="personal">
         <namePart>Stephen F. Lynch</namePart>
         <affiliation>United States House of Representatives</affiliation>
         <role>
              <roleTerm type="text">cosponsor</roleTerm>
        </role>
         <description>United States Congress Member</description>
    </name>
    <name type="personal">
         <namePart>Mark Pocan</namePart>
         <affiliation>United States House of Representatives</affiliation>
         <role>
              <roleTerm type="text">cosponsor</roleTerm>
        </role>
         <description>United States Congress Member</description>
    </name>
    <name type="personal">
         <namePart>Lori Trahan</namePart>
         <affiliation>United States House of Representatives</affiliation>
         <role>
              <roleTerm type="text">cosponsor</roleTerm>
        </role>
         <description>United States Congress Member</description>
    </name>
    <name type="personal">
         <namePart>Yvette D. Clarke</namePart>
         <affiliation>United States House of Representatives</affiliation>
         <role>
              <roleTerm type="text">cosponsor</roleTerm>
        </role>
         <description>United States Congress Member</description>
    </name>
    <name type="personal">
         <namePart>Dwight Evans</namePart>
         <affiliation>United States House of Representatives</affiliation>
         <role>
              <roleTerm type="text">cosponsor</roleTerm>
        </role>
         <description>United States Congress Member</description>
    </name>
    <name type="corporate">
         <namePart>United States</namePart>
         <namePart>Congress</namePart>
         <namePart>House of Representatives</namePart>
         <namePart>Committee on the Judiciary</namePart>
         <role>
              <roleTerm authority="marcrelator" type="text">associated name</roleTerm>
              <roleTerm authority="marcrelator" type="code">asn</roleTerm>
        </role>
    </name>
    <extension>
         <docClass>hjres</docClass>
         <accessId>BILLS-118hjres54ih</accessId>
         <congress>118</congress>
         <session>1</session>
         <originChamber>HOUSE</originChamber>
         <currentChamber>HOUSE</currentChamber>
         <billNumber>54</billNumber>
         <billVersion reprint="false">ih</billVersion>
         <fileSuffix>ih</fileSuffix>
         <officialTitle>Proposing an amendment to the Constitution of the United States providing that the rights protected and extended by the Constitution are the rights of natural persons only.</officialTitle>
         <action date="2023-04-10">Ms. Jayapal (for herself, Mr. Kilmer, Ms. DelBene, Mr. Neguse, Mr. Boyle of Pennsylvania, Mr. Cartwright, Mr. Huffman, Mr. Johnson of Georgia, Mr. Smith of Washington, Ms. Velázquez, Mr. DeSaulnier, Mr. Blumenauer, Ms. Lofgren, Ms. Tlaib, Mr. Peters, Ms. Tokuda, Mr. Lynch, Mr. Pocan, Mrs. Trahan, Ms. Clarke of New York, and Mr. Evans) submitted the following joint resolution; which was referred to the Committee on the Judiciary</action>
         <congCommittee authorityId="hsju00" chamber="H" congress="118" type="S">
                                
              <name type="authority-standard">Committee on the Judiciary</name>
                                
              <name type="authority-short">Judiciary</name>
                            
        </congCommittee>
         <congMember bioGuideId="J000298" chamber="H" congress="118" party="D" role="SPONSOR" state="WA">
                                
              <name type="parsed">Ms. Jayapal</name>
                                
              <name type="authority-fnf">Pramila Jayapal</name>
                                
              <name type="authority-lnf">Jayapal, Pramila</name>
                            
        </congMember>
         <congMember bioGuideId="K000381" chamber="H" congress="118" party="D" role="COSPONSOR" state="WA">
                                
              <name type="parsed">Mr. Kilmer</name>
                                
              <name type="authority-fnf">Derek Kilmer</name>
                                
              <name type="authority-lnf">Kilmer, Derek</name>
                            
        </congMember>
         <congMember bioGuideId="D000617" chamber="H" congress="118" party="D" role="COSPONSOR" state="WA">
                                
              <name type="parsed">Ms. DelBene</name>
                                
              <name type="authority-fnf">Suzan K. DelBene</name>
                                
              <name type="authority-lnf">DelBene, Suzan K.</name>
                                
              <name type="authority-other">Ms. Suzan Delbene</name>
                            
        </congMember>
         <congMember bioGuideId="N000191" chamber="H" congress="118" party="D" role="COSPONSOR" state="CO">
                                
              <name type="parsed">Mr. Neguse</name>
                                
              <name type="authority-fnf">Joe Neguse</name>
                                
              <name type="authority-lnf">Neguse, Joe</name>
                            
        </congMember>
         <congMember bioGuideId="B001296" chamber="H" congress="118" party="D" role="COSPONSOR" state="PA">
                                
              <name type="parsed">Mr. Boyle of Pennsylvania</name>
                                
              <name type="authority-fnf">Brendan F. Boyle</name>
                                
              <name type="authority-lnf">Boyle, Brendan F.</name>
                                
              <name type="authority-other">Mr. Brendan Boyle</name>
                            
        </congMember>
         <congMember bioGuideId="C001090" chamber="H" congress="118" party="D" role="COSPONSOR" state="PA">
                                
              <name type="parsed">Mr. Cartwright</name>
                                
              <name type="authority-fnf">Matt Cartwright</name>
                                
              <name type="authority-lnf">Cartwright, Matt</name>
                            
        </congMember>
         <congMember bioGuideId="H001068" chamber="H" congress="118" party="D" role="COSPONSOR" state="CA">
                                
              <name type="parsed">Mr. Huffman</name>
                                
              <name type="authority-fnf">Jared Huffman</name>
                                
              <name type="authority-lnf">Huffman, Jared</name>
                            
        </congMember>
         <congMember bioGuideId="J000288" chamber="H" congress="118" party="D" role="COSPONSOR" state="GA">
                                
              <name type="parsed">Mr. Johnson of Georgia</name>
                                
              <name type="authority-fnf">Henry C. &quot;Hank&quot; Johnson, Jr.</name>
                                
              <name type="authority-lnf">Johnson, Henry C. &quot;Hank,&quot; Jr.</name>
                                
              <name type="authority-other">Mr. Henry C. &quot;Hank&quot; Johnson</name>
                            
        </congMember>
         <congMember bioGuideId="S000510" chamber="H" congress="118" party="D" role="COSPONSOR" state="WA">
                                
              <name type="parsed">Mr. Smith of Washington</name>
                                
              <name type="authority-fnf">Adam Smith</name>
                                
              <name type="authority-lnf">Smith, Adam</name>
                            
        </congMember>
         <congMember bioGuideId="V000081" chamber="H" congress="118" party="D" role="COSPONSOR" state="NY">
                                
              <name type="parsed">Ms. Velázquez</name>
                                
              <name type="authority-fnf">Nydia M. Velazquez</name>
                                
              <name type="authority-lnf">Velazquez, Nydia M.</name>
                                
              <name type="authority-other">Nydia Velazquez</name>
                            
        </congMember>
         <congMember bioGuideId="D000623" chamber="H" congress="118" party="D" role="COSPONSOR" state="CA">
                                
              <name type="parsed">Mr. DeSaulnier</name>
                                
              <name type="authority-fnf">Mark DeSaulnier</name>
                                
              <name type="authority-lnf">DeSaulnier, Mark</name>
                            
        </congMember>
         <congMember bioGuideId="B000574" chamber="H" congress="118" party="D" role="COSPONSOR" state="OR">
                                
              <name type="parsed">Mr. Blumenauer</name>
                                
              <name type="authority-fnf">Earl Blumenauer</name>
                                
              <name type="authority-lnf">Blumenauer, Earl</name>
                            
        </congMember>
         <congMember bioGuideId="L000397" chamber="H" congress="118" party="D" role="COSPONSOR" state="CA">
                                
              <name type="parsed">Ms. Lofgren</name>
                                
              <name type="authority-fnf">Zoe Lofgren</name>
                                
              <name type="authority-lnf">Lofgren, Zoe</name>
                            
        </congMember>
         <congMember bioGuideId="T000481" chamber="H" congress="118" party="D" role="COSPONSOR" state="MI">
                                
              <name type="parsed">Ms. Tlaib</name>
                                
              <name type="authority-fnf">Rashida Tlaib</name>
                                
              <name type="authority-lnf">Tlaib, Rashida</name>
                            
        </congMember>
         <congMember bioGuideId="P000608" chamber="H" congress="118" party="D" role="COSPONSOR" state="CA">
                                
              <name type="parsed">Mr. Peters</name>
                                
              <name type="authority-fnf">Scott H. Peters</name>
                                
              <name type="authority-lnf">Peters, Scott H.</name>
                                
              <name type="authority-other">Mr. Scott Peters</name>
                            
        </congMember>
         <congMember bioGuideId="T000487" chamber="H" congress="118" party="D" role="COSPONSOR" state="HI">
                                
              <name type="parsed">Ms. Tokuda</name>
                                
              <name type="authority-fnf">Jill N. Tokuda</name>
                                
              <name type="authority-lnf">Tokuda, Jill N.</name>
                                
              <name type="authority-other">Jill Tokuda</name>
                            
        </congMember>
         <congMember bioGuideId="L000562" chamber="H" congress="118" party="D" role="COSPONSOR" state="MA">
                                
              <name type="parsed">Mr. Lynch</name>
                                
              <name type="authority-fnf">Stephen F. Lynch</name>
                                
              <name type="authority-lnf">Lynch, Stephen F.</name>
                                
              <name type="authority-other">Mr. Stephen Lynch</name>
                            
        </congMember>
         <congMember bioGuideId="P000607" chamber="H" congress="118" party="D" role="COSPONSOR" state="WI">
                                
              <name type="parsed">Mr. Pocan</name>
                                
              <name type="authority-fnf">Mark Pocan</name>
                                
              <name type="authority-lnf">Pocan, Mark</name>
                            
        </congMember>
         <congMember bioGuideId="T000482" chamber="H" congress="118" party="D" role="COSPONSOR" state="MA">
                                
              <name type="parsed">Mrs. Trahan</name>
                                
              <name type="authority-fnf">Lori Trahan</name>
                                
              <name type="authority-lnf">Trahan, Lori</name>
                            
        </congMember>
         <congMember bioGuideId="C001067" chamber="H" congress="118" party="D" role="COSPONSOR" state="NY">
                                
              <name type="parsed">Ms. Clarke of New York</name>
                                
              <name type="authority-fnf">Yvette D. Clarke</name>
                                
              <name type="authority-lnf">Clarke, Yvette D.</name>
                                
              <name type="authority-other">Ms. Yvette Clarke</name>
                            
        </congMember>
         <congMember bioGuideId="E000296" chamber="H" congress="118" party="D" role="COSPONSOR" state="PA">
                                
              <name type="parsed">Mr. Evans</name>
                                
              <name type="authority-fnf">Dwight Evans</name>
                                
              <name type="authority-lnf">Evans, Dwight</name>
                            
        </congMember>
         <isPrivate>false</isPrivate>
         <isAppropriation>false</isAppropriation>
    </extension>
</mods>