<mods xmlns:xlink="http://www.w3.org/1999/xlink" xmlns:xsi="http://www.w3.org/2001/XMLSchema-instance" xmlns="http://www.loc.gov/mods/v3" version="3.3" xsi:schemaLocation="http://www.loc.gov/mods/v3 http://www.loc.gov/standards/mods/v3/mods-3-3.xsd" ID="P0b002ee1beeda91f">
    <name type="corporate">
         <namePart>United States Government Publishing Office</namePart>
         <role>
              <roleTerm authority="marcrelator" type="text">publisher</roleTerm>
              <roleTerm authority="marcrelator" type="code">pbl</roleTerm>
        </role>
         <role>
              <roleTerm authority="marcrelator" type="text">distributor</roleTerm>
              <roleTerm authority="marcrelator" type="code">dst</roleTerm>
        </role>
    </name>
    <name type="corporate">
         <namePart>United States</namePart>
         <namePart>Congress</namePart>
         <namePart>House of Representatives</namePart>
         <role>
              <roleTerm authority="marcrelator" type="text">author</roleTerm>
              <roleTerm authority="marcrelator" type="code">aut</roleTerm>
        </role>
         <description>Government Organization</description>
    </name>
    <typeOfResource>text</typeOfResource>
    <genre authority="marcgt">government publication</genre>
    <language>
         <languageTerm type="code" authority="iso639-2b">eng</languageTerm>
    </language>
    <extension>
         <collectionCode>BILLS</collectionCode>
         <searchTitle>Redesignating the Robert E. Lee Memorial in Arlington National Cemetery as the Arlington House National Historic Site.;H.J. Res. 76 (IH)
    </searchTitle>
         <category>Bills and Statutes</category>
         <waisDatabaseName>118_cong_bills</waisDatabaseName>
         <branch>legislative</branch>
         <dateIngested>2023-06-22</dateIngested>
    </extension>
    <titleInfo>
         <title>Redesignating the Robert E. Lee Memorial in Arlington National Cemetery as the Arlington House National Historic Site.</title>
    </titleInfo>
    <titleInfo type="alternative">
         <title>H.J. Res. 76 (IH)
    </title>
    </titleInfo>
    <originInfo>
         <publisher>U.S. Government Publishing Office</publisher>
         <dateIssued encoding="w3cdtf">2023-06-21</dateIssued>
         <issuance>monographic</issuance>
    </originInfo>
    <physicalDescription>
         <note type="source content type">deposited</note>
         <digitalOrigin>born digital</digitalOrigin>
         <extent>2 p.</extent>
    </physicalDescription>
    <classification authority="sudocs">Y 1.6:</classification>
    <classification authority="sudocs">Y 1.4/8:</classification>
    <identifier type="local">P0b002ee1beeda91f</identifier>
    <identifier type="uri">https://www.govinfo.gov/app/details/BILLS-118hjres76ih</identifier>
    <identifier type="preferred citation">H.J. Res. 76</identifier>
    <identifier type="stock number">021-610-00252-9</identifier>
    <identifier type="Parent ILS system id">000501532</identifier>
    <identifier type="Child ILS system id">000325570</identifier>
    <identifier type="Parent ILS title">Congressional bills</identifier>
    <identifier type="Child ILS title">House joint resolutions</identifier>
    <identifier type="former package identifier">f:hj76_ih.txt</identifier>
    <location>
         <url displayLabel="Content Detail" access="object in context">https://www.govinfo.gov/app/details/BILLS-118hjres76ih</url>
         <url displayLabel="HTML rendition" access="raw object">https://www.govinfo.gov/content/pkg/BILLS-118hjres76ih/html/BILLS-118hjres76ih.htm</url>
         <url displayLabel="PDF rendition" access="raw object">https://www.govinfo.gov/content/pkg/BILLS-118hjres76ih/pdf/BILLS-118hjres76ih.pdf</url>
         <url displayLabel="XML rendition" access="raw object">https://www.govinfo.gov/content/pkg/BILLS-118hjres76ih/xml/BILLS-118hjres76ih.xml</url>
    </location>
    <accessCondition type="GPO scope determination">fdlp</accessCondition>
    <recordInfo>
         <recordContentSource authority="marcorg">DGPO</recordContentSource>
         <recordCreationDate encoding="w3cdtf">2023-06-22</recordCreationDate>
         <recordChangeDate encoding="w3cdtf">2023-06-22</recordChangeDate>
         <recordIdentifier source="DGPO">BILLS-118hjres76ih</recordIdentifier>
         <recordOrigin>machine generated</recordOrigin>
         <languageOfCataloging>
              <languageTerm type="code" authority="iso639-2b">eng</languageTerm>
        </languageOfCataloging>
    </recordInfo>
    <name type="personal">
         <namePart>Donald S. Beyer, Jr.</namePart>
         <affiliation>United States House of Representatives</affiliation>
         <role>
              <roleTerm authority="marcrelator" type="text">sponsor</roleTerm>
              <roleTerm authority="marcrelator" type="code">spn</roleTerm>
        </role>
         <description>United States Congress Member</description>
    </name>
    <name type="personal">
         <namePart>Jennifer L. McClellan</namePart>
         <affiliation>United States House of Representatives</affiliation>
         <role>
              <roleTerm type="text">cosponsor</roleTerm>
        </role>
         <description>United States Congress Member</description>
    </name>
    <name type="personal">
         <namePart>Eleanor Holmes Norton</namePart>
         <affiliation>United States House of Representatives</affiliation>
         <role>
              <roleTerm type="text">cosponsor</roleTerm>
        </role>
         <description>United States Congress Member</description>
    </name>
    <name type="personal">
         <namePart>Robert C. &quot;Bobby&quot; Scott</namePart>
         <affiliation>United States House of Representatives</affiliation>
         <role>
              <roleTerm type="text">cosponsor</roleTerm>
        </role>
         <description>United States Congress Member</description>
    </name>
    <name type="personal">
         <namePart>Gerald E. Connolly</namePart>
         <affiliation>United States House of Representatives</affiliation>
         <role>
              <roleTerm type="text">cosponsor</roleTerm>
        </role>
         <description>United States Congress Member</description>
    </name>
    <name type="personal">
         <namePart>Abigail Davis Spanberger</namePart>
         <affiliation>United States House of Representatives</affiliation>
         <role>
              <roleTerm type="text">cosponsor</roleTerm>
        </role>
         <description>United States Congress Member</description>
    </name>
    <name type="personal">
         <namePart>Jennifer Wexton</namePart>
         <affiliation>United States House of Representatives</affiliation>
         <role>
              <roleTerm type="text">cosponsor</roleTerm>
        </role>
         <description>United States Congress Member</description>
    </name>
    <name type="corporate">
         <namePart>United States</namePart>
         <namePart>Congress</namePart>
         <namePart>House of Representatives</namePart>
         <namePart>Committee on Armed Services</namePart>
         <role>
              <roleTerm authority="marcrelator" type="text">associated name</roleTerm>
              <roleTerm authority="marcrelator" type="code">asn</roleTerm>
        </role>
    </name>
    <name type="corporate">
         <namePart>United States</namePart>
         <namePart>Congress</namePart>
         <namePart>House of Representatives</namePart>
         <namePart>Committee on Veterans&apos; Affairs</namePart>
         <role>
              <roleTerm authority="marcrelator" type="text">associated name</roleTerm>
              <roleTerm authority="marcrelator" type="code">asn</roleTerm>
        </role>
    </name>
    <relatedItem type="isReferencedBy">
         <titleInfo>
              <title>United States Statutes at Large</title>
              <partNumber>Volume 69 Page 190</partNumber>
        </titleInfo>
         <identifier type="Statute citation">69 Stat. 190</identifier>
    </relatedItem>
    <relatedItem type="isReferencedBy">
         <titleInfo>
              <title>United States Statutes at Large</title>
              <partNumber>Volume 86 Page 401</partNumber>
        </titleInfo>
         <identifier type="Statute citation">86 Stat. 401</identifier>
    </relatedItem>
    <relatedItem type="isReferencedBy">
         <titleInfo>
              <title>United States Public Law 107 (84th Congress)</title>
        </titleInfo>
         <identifier type="public law citation">Public Law 84-107</identifier>
    </relatedItem>
    <relatedItem type="isReferencedBy">
         <titleInfo>
              <title>United States Public Law 333 (92nd Congress)</title>
        </titleInfo>
         <identifier type="public law citation">Public Law 92-333</identifier>
    </relatedItem>
    <extension>
         <docClass>hjres</docClass>
         <accessId>BILLS-118hjres76ih</accessId>
         <congress>118</congress>
         <session>1</session>
         <originChamber>HOUSE</originChamber>
         <currentChamber>HOUSE</currentChamber>
         <billNumber>76</billNumber>
         <billVersion reprint="false">ih</billVersion>
         <fileSuffix>ih</fileSuffix>
         <officialTitle>Redesignating the Robert E. Lee Memorial in Arlington National Cemetery as the Arlington House National Historic Site.</officialTitle>
         <action date="2023-06-21">Mr. Beyer (for himself, Mrs. McClellan, Ms. Norton, Mr. Scott of Virginia, Mr. Connolly, Ms. Spanberger, and Ms. Wexton) submitted the following joint resolution; which was referred to the Committee on Veterans&apos; Affairs, and in addition to the Committee on Armed Services, for a period to be subsequently determined by the Speaker, in each case for consideration of such provisions as fall within the jurisdiction of the committee concerned</action>
         <congCommittee authorityId="hsas00" chamber="H" congress="118" type="S">
                                
              <name type="authority-standard">Committee on Armed Services</name>
                                
              <name type="authority-short">Armed Services</name>
                            
        </congCommittee>
         <congCommittee authorityId="hsvr00" chamber="H" congress="118" type="S">
                                
              <name type="authority-standard">Committee on Veterans&apos; Affairs</name>
                                
              <name type="authority-short">Veterans&apos; Affairs</name>
                            
        </congCommittee>
         <congMember bioGuideId="B001292" chamber="H" congress="118" party="D" role="SPONSOR" state="VA">
                                
              <name type="parsed">Mr. Beyer</name>
                                
              <name type="authority-fnf">Donald S. Beyer, Jr.</name>
                                
              <name type="authority-lnf">Beyer, Donald S., Jr.</name>
                                
              <name type="authority-other">Mr. Donald Beyer</name>
                            
        </congMember>
         <congMember bioGuideId="M001227" chamber="H" congress="118" party="D" role="COSPONSOR" state="VA">
                                
              <name type="parsed">Mrs. McClellan</name>
                                
              <name type="authority-fnf">Jennifer L. McClellan</name>
                                
              <name type="authority-lnf">McClellan, Jennifer L.</name>
                                
              <name type="authority-other">Jennifer Mcclellan</name>
                            
        </congMember>
         <congMember bioGuideId="N000147" chamber="H" congress="118" party="D" role="COSPONSOR" state="DC">
                                
              <name type="parsed">Ms. Norton</name>
                                
              <name type="authority-fnf">Eleanor Holmes Norton</name>
                                
              <name type="authority-lnf">Norton, Eleanor Holmes</name>
                                
              <name type="authority-other">Eleanor Norton</name>
                            
        </congMember>
         <congMember bioGuideId="S000185" chamber="H" congress="118" party="D" role="COSPONSOR" state="VA">
                                
              <name type="parsed">Mr. Scott of Virginia</name>
                                
              <name type="authority-fnf">Robert C. &quot;Bobby&quot; Scott</name>
                                
              <name type="authority-lnf">Scott, Robert C. &quot;Bobby&quot;</name>
                                
              <name type="authority-other">Robert Scott</name>
                            
        </congMember>
         <congMember bioGuideId="C001078" chamber="H" congress="118" party="D" role="COSPONSOR" state="VA">
                                
              <name type="parsed">Mr. Connolly</name>
                                
              <name type="authority-fnf">Gerald E. Connolly</name>
                                
              <name type="authority-lnf">Connolly, Gerald E.</name>
                                
              <name type="authority-other">Mr. Gerald Connolly</name>
                            
        </congMember>
         <congMember bioGuideId="S001209" chamber="H" congress="118" party="D" role="COSPONSOR" state="VA">
                                
              <name type="parsed">Ms. Spanberger</name>
                                
              <name type="authority-fnf">Abigail Davis Spanberger</name>
                                
              <name type="authority-lnf">Spanberger, Abigail Davis</name>
                                
              <name type="authority-other">Ms. Abigail Spanberger</name>
                            
        </congMember>
         <congMember bioGuideId="W000825" chamber="H" congress="118" party="D" role="COSPONSOR" state="VA">
                                
              <name type="parsed">Ms. Wexton</name>
                                
              <name type="authority-fnf">Jennifer Wexton</name>
                                
              <name type="authority-lnf">Wexton, Jennifer</name>
                            
        </congMember>
         <law congress="84" isPrivate="false" number="107"></law>
         <law congress="92" isPrivate="false" number="333"></law>
         <isPrivate>false</isPrivate>
         <isAppropriation>false</isAppropriation>
         <statuteAtLarge volume="69">
                                
              <pages pages="190"></pages>
                            
        </statuteAtLarge>
         <statuteAtLarge volume="86">
                                
              <pages pages="401"></pages>
                            
        </statuteAtLarge>
    </extension>
</mods>