<?xml version="1.0"?>
<?xml-stylesheet type="text/xsl" href="billres.xsl"?>
<!DOCTYPE resolution PUBLIC "-//US Congress//DTDs/res.dtd//EN" "res.dtd">
<resolution resolution-stage="Engrossed-in-House" dms-id="H6F6B462243E5471C992A092ACEE2E5E5" public-private="public" resolution-type="house-concurrent" star-print="no-star-print" key="H" stage-count="1">
<metadata xmlns:dc="http://purl.org/dc/elements/1.1/">
<dublinCore>
<dc:title>118 HCON 86 EH: Expressing the sense of Congress that a carbon tax would be detrimental to the United States economy.</dc:title>
<dc:publisher>U.S. House of Representatives</dc:publisher>
<dc:date></dc:date>
<dc:format>text/xml</dc:format>
<dc:language>EN</dc:language>
<dc:rights>Pursuant to Title 17 Section 105 of the United States Code, this file is not subject to copyright protection and is in the public domain.</dc:rights>
</dublinCore>
</metadata>
<form>
<distribution-code display="no">IV</distribution-code>
<congress display="yes">118th CONGRESS</congress>
<session display="yes">2d Session</session>
<legis-num display="yes">H. CON. RES. 86</legis-num>
<current-chamber display="no">IN THE HOUSE OF REPRESENTATIVES</current-chamber>
<legis-type>CONCURRENT RESOLUTION</legis-type>
<official-title display="no">Expressing the sense of Congress that a carbon tax would be detrimental to the United States economy.</official-title>
</form>
<preamble>
<whereas><text>Whereas a carbon tax is a Federal tax on carbon released from fossil fuels;</text></whereas> <whereas><text>Whereas a carbon tax will increase energy prices, including the price of gasoline, electricity, natural gas, and home heating oil;</text></whereas>
<whereas><text>Whereas a carbon tax will mean that families and consumers will pay more for essentials like food, gasoline, and electricity;</text></whereas> <whereas><text>Whereas a carbon tax will fall hardest on the poor, the elderly, and those on fixed incomes;</text></whereas>
<whereas><text>Whereas a carbon tax will lead to more jobs and businesses moving overseas;</text></whereas> <whereas><text>Whereas a carbon tax will lead to less economic growth;</text></whereas>
<whereas><text>Whereas American families will be harmed the most from a carbon tax;</text></whereas> <whereas><text>Whereas, according to the Energy Information Administration, the share of energy consumption during 2023 in the United States that was derived from fossil fuels was approximately 80 percent;</text></whereas>
<whereas commented="no"><text>Whereas a carbon tax will increase the cost of every good manufactured in the United States;</text></whereas> <whereas><text>Whereas a carbon tax will impose disproportionate burdens on certain industries, jobs, States, and geographic regions and would further restrict the global competitiveness of the United States;</text></whereas>
<whereas><text>Whereas American ingenuity has led to innovations in energy exploration and development and has increased production of domestic energy resources on private and State-owned land which has created significant job growth and private capital investment;</text></whereas> <whereas><text>Whereas the energy policy of the United States should encourage continued private sector innovation and development and not increase the existing tax burden on manufacturers;</text></whereas>
<whereas><text>Whereas the production of American energy resources increases the ability of the United States to maintain a competitive advantage in today’s global economy;</text></whereas> <whereas><text>Whereas a carbon tax would reduce America’s global competitiveness and would encourage development abroad in countries that do not impose this exorbitant tax burden; and</text></whereas>
<whereas><text>Whereas the Congress and the President should focus on pro-growth solutions that encourage increased development of domestic resources: Now, therefore, be it</text></whereas></preamble> <resolution-body style="traditional" id="H37CA92A175134FE79228AF1C5FE6F84A"> <section display-inline="yes-display-inline" section-type="undesignated-section" id="H1B2813098EE2453FAF562559CC1A0157"><enum/><text>That it is the sense of Congress that a carbon tax would be detrimental to American families and businesses, and is not in the best interest of the United States.</text></section>
</resolution-body>
<attestation><attestation-group><attestation-date date="20240321" chamber="House">Passed the House of Representatives March 21, 2024.</attestation-date><attestor display="no">Cheryl L. Johnson,</attestor><role>Clerk.</role></attestation-group></attestation>
<endorsement display="yes"></endorsement>
</resolution> 


