<mods xmlns:xlink="http://www.w3.org/1999/xlink" xmlns:xsi="http://www.w3.org/2001/XMLSchema-instance" xmlns="http://www.loc.gov/mods/v3" version="3.3" xsi:schemaLocation="http://www.loc.gov/mods/v3 http://www.loc.gov/standards/mods/v3/mods-3-3.xsd" ID="P0b002ee1ca08c715">
    <name type="corporate">
         <namePart>United States Government Publishing Office</namePart>
         <role>
              <roleTerm authority="marcrelator" type="text">publisher</roleTerm>
              <roleTerm authority="marcrelator" type="code">pbl</roleTerm>
        </role>
         <role>
              <roleTerm authority="marcrelator" type="text">distributor</roleTerm>
              <roleTerm authority="marcrelator" type="code">dst</roleTerm>
        </role>
    </name>
    <name type="corporate">
         <namePart>United States</namePart>
         <namePart>Congress</namePart>
         <namePart>House of Representatives</namePart>
         <role>
              <roleTerm authority="marcrelator" type="text">author</roleTerm>
              <roleTerm authority="marcrelator" type="code">aut</roleTerm>
        </role>
         <description>Government Organization</description>
    </name>
    <typeOfResource>text</typeOfResource>
    <genre authority="marcgt">government publication</genre>
    <language>
         <languageTerm type="code" authority="iso639-2b">eng</languageTerm>
    </language>
    <extension>
         <collectionCode>BILLS</collectionCode>
         <searchTitle>Providing for congressional disapproval under chapter 8 of title 5, United States Code, of the rule submitted by the Bureau of Consumer Financial Protection relating to Credit Card Penalty Fees (Regulation Z).;H.J. Res. 122 (RH)
    </searchTitle>
         <category>Bills and Statutes</category>
         <waisDatabaseName>118_cong_bills</waisDatabaseName>
         <branch>legislative</branch>
         <dateIngested>2024-07-31</dateIngested>
    </extension>
    <titleInfo>
         <title>Providing for congressional disapproval under chapter 8 of title 5, United States Code, of the rule submitted by the Bureau of Consumer Financial Protection relating to Credit Card Penalty Fees (Regulation Z).</title>
    </titleInfo>
    <titleInfo type="alternative">
         <title>H.J. Res. 122 (RH)
    </title>
    </titleInfo>
    <originInfo>
         <publisher>U.S. Government Publishing Office</publisher>
         <dateIssued encoding="w3cdtf">2024-07-30</dateIssued>
         <issuance>monographic</issuance>
    </originInfo>
    <physicalDescription>
         <note type="source content type">deposited</note>
         <digitalOrigin>born digital</digitalOrigin>
         <extent>4 p.</extent>
    </physicalDescription>
    <classification authority="sudocs">Y 1.6:</classification>
    <classification authority="sudocs">Y 1.4/8:</classification>
    <identifier type="local">P0b002ee1ca08c715</identifier>
    <identifier type="uri">https://www.govinfo.gov/app/details/BILLS-118hjres122rh</identifier>
    <identifier type="preferred citation">H.J. Res. 122</identifier>
    <identifier type="stock number">021-610-00252-9</identifier>
    <identifier type="Parent ILS system id">000501532</identifier>
    <identifier type="Child ILS system id">000325570</identifier>
    <identifier type="Parent ILS title">Congressional bills</identifier>
    <identifier type="Child ILS title">House joint resolutions</identifier>
    <identifier type="former package identifier">f:hj122_rh.txt</identifier>
    <location>
         <url displayLabel="Content Detail" access="object in context">https://www.govinfo.gov/app/details/BILLS-118hjres122rh</url>
         <url displayLabel="HTML rendition" access="raw object">https://www.govinfo.gov/content/pkg/BILLS-118hjres122rh/html/BILLS-118hjres122rh.htm</url>
         <url displayLabel="PDF rendition" access="raw object">https://www.govinfo.gov/content/pkg/BILLS-118hjres122rh/pdf/BILLS-118hjres122rh.pdf</url>
         <url displayLabel="XML rendition" access="raw object">https://www.govinfo.gov/content/pkg/BILLS-118hjres122rh/xml/BILLS-118hjres122rh.xml</url>
    </location>
    <accessCondition type="GPO scope determination">fdlp</accessCondition>
    <recordInfo>
         <recordContentSource authority="marcorg">DGPO</recordContentSource>
         <recordCreationDate encoding="w3cdtf">2024-07-31</recordCreationDate>
         <recordChangeDate encoding="w3cdtf">2024-07-31</recordChangeDate>
         <recordIdentifier source="DGPO">BILLS-118hjres122rh</recordIdentifier>
         <recordOrigin>machine generated</recordOrigin>
         <languageOfCataloging>
              <languageTerm type="code" authority="iso639-2b">eng</languageTerm>
        </languageOfCataloging>
    </recordInfo>
    <name type="personal">
         <namePart>Andy Barr</namePart>
         <affiliation>United States House of Representatives</affiliation>
         <role>
              <roleTerm authority="marcrelator" type="text">sponsor</roleTerm>
              <roleTerm authority="marcrelator" type="code">spn</roleTerm>
        </role>
         <description>United States Congress Member</description>
    </name>
    <name type="personal">
         <namePart>Blaine Luetkemeyer</namePart>
         <affiliation>United States House of Representatives</affiliation>
         <role>
              <roleTerm type="text">cosponsor</roleTerm>
        </role>
         <description>United States Congress Member</description>
    </name>
    <name type="personal">
         <namePart>Ann Wagner</namePart>
         <affiliation>United States House of Representatives</affiliation>
         <role>
              <roleTerm type="text">cosponsor</roleTerm>
        </role>
         <description>United States Congress Member</description>
    </name>
    <name type="personal">
         <namePart>Bill Posey</namePart>
         <affiliation>United States House of Representatives</affiliation>
         <role>
              <roleTerm type="text">cosponsor</roleTerm>
        </role>
         <description>United States Congress Member</description>
    </name>
    <name type="personal">
         <namePart>Pete Sessions</namePart>
         <affiliation>United States House of Representatives</affiliation>
         <role>
              <roleTerm type="text">cosponsor</roleTerm>
        </role>
         <description>United States Congress Member</description>
    </name>
    <name type="personal">
         <namePart>Bill Huizenga</namePart>
         <affiliation>United States House of Representatives</affiliation>
         <role>
              <roleTerm type="text">cosponsor</roleTerm>
        </role>
         <description>United States Congress Member</description>
    </name>
    <name type="personal">
         <namePart>Steve Womack</namePart>
         <affiliation>United States House of Representatives</affiliation>
         <role>
              <roleTerm type="text">cosponsor</roleTerm>
        </role>
         <description>United States Congress Member</description>
    </name>
    <name type="personal">
         <namePart>Randy K. Weber, Sr.</namePart>
         <affiliation>United States House of Representatives</affiliation>
         <role>
              <roleTerm type="text">cosponsor</roleTerm>
        </role>
         <description>United States Congress Member</description>
    </name>
    <name type="personal">
         <namePart>Roger Williams</namePart>
         <affiliation>United States House of Representatives</affiliation>
         <role>
              <roleTerm type="text">cosponsor</roleTerm>
        </role>
         <description>United States Congress Member</description>
    </name>
    <name type="personal">
         <namePart>Zachary Nunn</namePart>
         <affiliation>United States House of Representatives</affiliation>
         <role>
              <roleTerm type="text">cosponsor</roleTerm>
        </role>
         <description>United States Congress Member</description>
    </name>
    <name type="personal">
         <namePart>Byron Donalds</namePart>
         <affiliation>United States House of Representatives</affiliation>
         <role>
              <roleTerm type="text">cosponsor</roleTerm>
        </role>
         <description>United States Congress Member</description>
    </name>
    <name type="personal">
         <namePart>Scott Fitzgerald</namePart>
         <affiliation>United States House of Representatives</affiliation>
         <role>
              <roleTerm type="text">cosponsor</roleTerm>
        </role>
         <description>United States Congress Member</description>
    </name>
    <name type="personal">
         <namePart>William R. Timmons IV</namePart>
         <affiliation>United States House of Representatives</affiliation>
         <role>
              <roleTerm type="text">cosponsor</roleTerm>
        </role>
         <description>United States Congress Member</description>
    </name>
    <name type="personal">
         <namePart>Daniel Meuser</namePart>
         <affiliation>United States House of Representatives</affiliation>
         <role>
              <roleTerm type="text">cosponsor</roleTerm>
        </role>
         <description>United States Congress Member</description>
    </name>
    <name type="personal">
         <namePart>J. French Hill</namePart>
         <affiliation>United States House of Representatives</affiliation>
         <role>
              <roleTerm type="text">cosponsor</roleTerm>
        </role>
         <description>United States Congress Member</description>
    </name>
    <name type="personal">
         <namePart>Adrian Smith</namePart>
         <affiliation>United States House of Representatives</affiliation>
         <role>
              <roleTerm type="text">cosponsor</roleTerm>
        </role>
         <description>United States Congress Member</description>
    </name>
    <name type="personal">
         <namePart>Brad Finstad</namePart>
         <affiliation>United States House of Representatives</affiliation>
         <role>
              <roleTerm type="text">cosponsor</roleTerm>
        </role>
         <description>United States Congress Member</description>
    </name>
    <name type="personal">
         <namePart>Barry Loudermilk</namePart>
         <affiliation>United States House of Representatives</affiliation>
         <role>
              <roleTerm type="text">cosponsor</roleTerm>
        </role>
         <description>United States Congress Member</description>
    </name>
    <name type="personal">
         <namePart>Brian Babin</namePart>
         <affiliation>United States House of Representatives</affiliation>
         <role>
              <roleTerm type="text">cosponsor</roleTerm>
        </role>
         <description>United States Congress Member</description>
    </name>
    <name type="personal">
         <namePart>Ralph Norman</namePart>
         <affiliation>United States House of Representatives</affiliation>
         <role>
              <roleTerm type="text">cosponsor</roleTerm>
        </role>
         <description>United States Congress Member</description>
    </name>
    <name type="personal">
         <namePart>John W. Rose</namePart>
         <affiliation>United States House of Representatives</affiliation>
         <role>
              <roleTerm type="text">cosponsor</roleTerm>
        </role>
         <description>United States Congress Member</description>
    </name>
    <name type="personal">
         <namePart>Michael Lawler</namePart>
         <affiliation>United States House of Representatives</affiliation>
         <role>
              <roleTerm type="text">cosponsor</roleTerm>
        </role>
         <description>United States Congress Member</description>
    </name>
    <name type="corporate">
         <namePart>United States</namePart>
         <namePart>Congress</namePart>
         <namePart>House of Representatives</namePart>
         <namePart>Committee on Financial Services</namePart>
         <role>
              <roleTerm authority="marcrelator" type="text">associated name</roleTerm>
              <roleTerm authority="marcrelator" type="code">asn</roleTerm>
        </role>
    </name>
    <relatedItem type="isReferencedBy">
         <titleInfo>
              <title>United States Code</title>
              <partNumber>Title 5 Chapter 8</partNumber>
        </titleInfo>
         <identifier type="USC citation">5 U.S.C. Chapter 8</identifier>
    </relatedItem>
    <relatedItem type="isReferencedBy">
         <titleInfo>
              <title>United States House Report 618 (118th Congress)</title>
        </titleInfo>
         <identifier type="congressional report citation">H. Rept. 118-618</identifier>
    </relatedItem>
    <relatedItem type="isReferencedBy">
         <titleInfo>
              <title>United States Union Calendar No. 516</title>
        </titleInfo>
         <identifier type="congressional calendar citation">Union Calendar No. 516</identifier>
    </relatedItem>
    <extension>
         <docClass>hjres</docClass>
         <accessId>BILLS-118hjres122rh</accessId>
         <congress>118</congress>
         <session>2</session>
         <originChamber>HOUSE</originChamber>
         <currentChamber>HOUSE</currentChamber>
         <billNumber>122</billNumber>
         <billVersion reprint="false">rh</billVersion>
         <fileSuffix>rh</fileSuffix>
         <officialTitle>Providing for congressional disapproval under chapter 8 of title 5, United States Code, of the rule submitted by the Bureau of Consumer Financial Protection relating to Credit Card Penalty Fees (Regulation Z).</officialTitle>
         <action date="2024-07-30">Additional sponsors: Mr. Huizenga, Mr. Womack, Mr. Weber of Texas, Mr. Williams of Texas, Mr. Nunn of Iowa, Mr. Donalds, Mr. Fitzgerald, Mr. Timmons, Mr. Meuser, Mr. Hill, Mr. Smith of Nebraska, Mr. Finstad, Mr. Loudermilk, Mr. Babin, Mr. Norman, Mr. Rose, and Mr. Lawler</action>
         <action date="2024-07-30">Committed to the Committee of the Whole House on the State of the Union and ordered to be printed</action>
         <action date="2024-03-29">Mr. Barr (for himself, Mr. Luetkemeyer, Mrs. Wagner, Mr. Posey, and Mr. Sessions) submitted the following joint resolution; which was referred to the Committee on Financial Services</action>
         <congCommittee authorityId="hsba00" chamber="H" congress="118" type="S">
                                
              <name type="authority-standard">Committee on Financial Services</name>
                                
              <name type="authority-short">Financial Services</name>
                            
        </congCommittee>
         <congMember bioGuideId="B001282" chamber="H" congress="118" party="R" role="SPONSOR" state="KY">
                                
              <name type="parsed">Mr. Barr</name>
                                
              <name type="authority-fnf">Andy Barr</name>
                                
              <name type="authority-lnf">Barr, Andy</name>
                            
        </congMember>
         <congMember bioGuideId="L000569" chamber="H" congress="118" party="R" role="COSPONSOR" state="MO">
                                
              <name type="parsed">Mr. Luetkemeyer</name>
                                
              <name type="authority-fnf">Blaine Luetkemeyer</name>
                                
              <name type="authority-lnf">Luetkemeyer, Blaine</name>
                            
        </congMember>
         <congMember bioGuideId="W000812" chamber="H" congress="118" party="R" role="COSPONSOR" state="MO">
                                
              <name type="parsed">Mrs. Wagner</name>
                                
              <name type="authority-fnf">Ann Wagner</name>
                                
              <name type="authority-lnf">Wagner, Ann</name>
                            
        </congMember>
         <congMember bioGuideId="P000599" chamber="H" congress="118" party="R" role="COSPONSOR" state="FL">
                                
              <name type="parsed">Mr. Posey</name>
                                
              <name type="authority-fnf">Bill Posey</name>
                                
              <name type="authority-lnf">Posey, Bill</name>
                            
        </congMember>
         <congMember bioGuideId="S000250" chamber="H" congress="118" party="R" role="COSPONSOR" state="TX">
                                
              <name type="parsed">Mr. Sessions</name>
                                
              <name type="authority-fnf">Pete Sessions</name>
                                
              <name type="authority-lnf">Sessions, Pete</name>
                            
        </congMember>
         <congMember bioGuideId="H001058" chamber="H" congress="118" party="R" role="COSPONSOR" state="MI">
                                
              <name type="parsed">Mr. Huizenga</name>
                                
              <name type="authority-fnf">Bill Huizenga</name>
                                
              <name type="authority-lnf">Huizenga, Bill</name>
                            
        </congMember>
         <congMember bioGuideId="W000809" chamber="H" congress="118" party="R" role="COSPONSOR" state="AR">
                                
              <name type="parsed">Mr. Womack</name>
                                
              <name type="authority-fnf">Steve Womack</name>
                                
              <name type="authority-lnf">Womack, Steve</name>
                            
        </congMember>
         <congMember bioGuideId="W000814" chamber="H" congress="118" party="R" role="COSPONSOR" state="TX">
                                
              <name type="parsed">Mr. Weber of Texas</name>
                                
              <name type="authority-fnf">Randy K. Weber, Sr.</name>
                                
              <name type="authority-lnf">Weber, Randy K.</name>
                                
              <name type="authority-other">Mr. Randy Weber Sr.</name>
                            
        </congMember>
         <congMember bioGuideId="W000816" chamber="H" congress="118" party="R" role="COSPONSOR" state="TX">
                                
              <name type="parsed">Mr. Williams of Texas</name>
                                
              <name type="authority-fnf">Roger Williams</name>
                                
              <name type="authority-lnf">Williams, Roger</name>
                            
        </congMember>
         <congMember bioGuideId="N000193" chamber="H" congress="118" party="R" role="COSPONSOR" state="IA">
                                
              <name type="parsed">Mr. Nunn of Iowa</name>
                                
              <name type="authority-fnf">Zachary Nunn</name>
                                
              <name type="authority-lnf">Nunn, Zachary</name>
                            
        </congMember>
         <congMember bioGuideId="D000032" chamber="H" congress="118" party="R" role="COSPONSOR" state="FL">
                                
              <name type="parsed">Mr. Donalds</name>
                                
              <name type="authority-fnf">Byron Donalds</name>
                                
              <name type="authority-lnf">Donalds, Byron</name>
                            
        </congMember>
         <congMember bioGuideId="F000471" chamber="H" congress="118" party="R" role="COSPONSOR" state="WI">
                                
              <name type="parsed">Mr. Fitzgerald</name>
                                
              <name type="authority-fnf">Scott Fitzgerald</name>
                                
              <name type="authority-lnf">Fitzgerald, Scott</name>
                            
        </congMember>
         <congMember bioGuideId="T000480" chamber="H" congress="118" party="R" role="COSPONSOR" state="SC">
                                
              <name type="parsed">Mr. Timmons</name>
                                
              <name type="authority-fnf">William R. Timmons IV</name>
                                
              <name type="authority-lnf">Timmons, William R.</name>
                                
              <name type="authority-other">Mr. William Timmons IV</name>
                            
        </congMember>
         <congMember bioGuideId="M001204" chamber="H" congress="118" party="R" role="COSPONSOR" state="PA">
                                
              <name type="parsed">Mr. Meuser</name>
                                
              <name type="authority-fnf">Daniel Meuser</name>
                                
              <name type="authority-lnf">Meuser, Daniel</name>
                            
        </congMember>
         <congMember bioGuideId="H001072" chamber="H" congress="118" party="R" role="COSPONSOR" state="AR">
                                
              <name type="parsed">Mr. Hill</name>
                                
              <name type="authority-fnf">J. French Hill</name>
                                
              <name type="authority-lnf">Hill, J. French</name>
                            
        </congMember>
         <congMember bioGuideId="S001172" chamber="H" congress="118" party="R" role="COSPONSOR" state="NE">
                                
              <name type="parsed">Mr. Smith of Nebraska</name>
                                
              <name type="authority-fnf">Adrian Smith</name>
                                
              <name type="authority-lnf">Smith, Adrian</name>
                            
        </congMember>
         <congMember bioGuideId="F000475" chamber="H" congress="118" party="R" role="COSPONSOR" state="MN">
                                
              <name type="parsed">Mr. Finstad</name>
                                
              <name type="authority-fnf">Brad Finstad</name>
                                
              <name type="authority-lnf">Finstad, Brad</name>
                            
        </congMember>
         <congMember bioGuideId="L000583" chamber="H" congress="118" party="R" role="COSPONSOR" state="GA">
                                
              <name type="parsed">Mr. Loudermilk</name>
                                
              <name type="authority-fnf">Barry Loudermilk</name>
                                
              <name type="authority-lnf">Loudermilk, Barry</name>
                            
        </congMember>
         <congMember bioGuideId="B001291" chamber="H" congress="118" party="R" role="COSPONSOR" state="TX">
                                
              <name type="parsed">Mr. Babin</name>
                                
              <name type="authority-fnf">Brian Babin</name>
                                
              <name type="authority-lnf">Babin, Brian</name>
                            
        </congMember>
         <congMember bioGuideId="N000190" chamber="H" congress="118" party="R" role="COSPONSOR" state="SC">
                                
              <name type="parsed">Mr. Norman</name>
                                
              <name type="authority-fnf">Ralph Norman</name>
                                
              <name type="authority-lnf">Norman, Ralph</name>
                            
        </congMember>
         <congMember bioGuideId="R000612" chamber="H" congress="118" party="R" role="COSPONSOR" state="TN">
                                
              <name type="parsed">Mr. Rose</name>
                                
              <name type="authority-fnf">John W. Rose</name>
                                
              <name type="authority-lnf">Rose, John W.</name>
                                
              <name type="authority-other">Mr. John Rose</name>
                            
        </congMember>
         <congMember bioGuideId="L000599" chamber="H" congress="118" party="R" role="COSPONSOR" state="NY">
                                
              <name type="parsed">Mr. Lawler</name>
                                
              <name type="authority-fnf">Michael Lawler</name>
                                
              <name type="authority-lnf">Lawler, Michael</name>
                            
        </congMember>
         <congReport congress="118" number="618" type="H"></congReport>
         <congCalendar congress="118" number="516" type="UNION"></congCalendar>
         <isPrivate>false</isPrivate>
         <isAppropriation>false</isAppropriation>
         <USCode title="5">
                                
              <chapter number="8"></chapter>
                            
        </USCode>
    </extension>
</mods>