<?xml version="1.0"?>
<?xml-stylesheet type="text/xsl" href="billres.xsl"?>
<!DOCTYPE resolution PUBLIC "-//US Congress//DTDs/res.dtd//EN" "res.dtd">
<resolution resolution-stage="Introduced-in-House" dms-id="H30D27ED5465C4798960D69326F270BC9" public-private="public" resolution-type="house-concurrent" star-print="no-star-print" key="H"><metadata xmlns:dc="http://purl.org/dc/elements/1.1/">
<dublinCore>
<dc:title>118 HCON 130 IH: Commending State and local governments for championing reproductive rights as human rights.</dc:title>
<dc:publisher>U.S. House of Representatives</dc:publisher>
<dc:date>2024-09-24</dc:date>
<dc:format>text/xml</dc:format>
<dc:language>EN</dc:language>
<dc:rights>Pursuant to Title 17 Section 105 of the United States Code, this file is not subject to copyright protection and is in the public domain.</dc:rights>
</dublinCore>
</metadata>
<form>
<distribution-code display="yes">IV</distribution-code><congress display="yes">118th CONGRESS</congress><session display="yes">2d Session</session><legis-num display="yes">H. CON. RES. 130</legis-num><current-chamber>IN THE HOUSE OF REPRESENTATIVES</current-chamber><action display="yes"><action-date date="20240924">September 24, 2024</action-date><action-desc><sponsor name-id="W000788">Ms. Williams of Georgia</sponsor> (for herself, <cosponsor name-id="A000370">Ms. Adams</cosponsor>, <cosponsor name-id="C001125">Mr. Carter of Louisiana</cosponsor>, <cosponsor name-id="C001131">Mr. Casar</cosponsor>, <cosponsor name-id="M001227">Ms. McClellan</cosponsor>, <cosponsor name-id="R000606">Mr. Raskin</cosponsor>, <cosponsor name-id="D000399">Mr. Doggett</cosponsor>, <cosponsor name-id="E000299">Ms. Escobar</cosponsor>, <cosponsor name-id="K000400">Ms. Kamlager-Dove</cosponsor>, <cosponsor name-id="N000147">Ms. Norton</cosponsor>, <cosponsor name-id="V000081">Ms. Velázquez</cosponsor>, <cosponsor name-id="N000194">Mr. Nickel</cosponsor>, <cosponsor name-id="M000312">Mr. McGovern</cosponsor>, <cosponsor name-id="M001223">Mr. Magaziner</cosponsor>, <cosponsor name-id="M001143">Ms. McCollum</cosponsor>, <cosponsor name-id="S001185">Ms. Sewell</cosponsor>, <cosponsor name-id="R000617">Mrs. Ramirez</cosponsor>, <cosponsor name-id="W000826">Ms. Wild</cosponsor>, <cosponsor name-id="T000483">Mr. Trone</cosponsor>, <cosponsor name-id="C001061">Mr. Cleaver</cosponsor>, <cosponsor name-id="T000481">Ms. Tlaib</cosponsor>, <cosponsor name-id="B001281">Mrs. Beatty</cosponsor>, <cosponsor name-id="S001145">Ms. Schakowsky</cosponsor>, <cosponsor name-id="L000551">Ms. Lee of California</cosponsor>, <cosponsor name-id="B001285">Ms. Brownley</cosponsor>, <cosponsor name-id="C001067">Ms. Clarke of New York</cosponsor>, <cosponsor name-id="K000391">Mr. Krishnamoorthi</cosponsor>, <cosponsor name-id="F000468">Mrs. Fletcher</cosponsor>, <cosponsor name-id="W000822">Mrs. Watson Coleman</cosponsor>, <cosponsor name-id="S001193">Mr. Swalwell</cosponsor>, <cosponsor name-id="J000288">Mr. Johnson of Georgia</cosponsor>, <cosponsor name-id="G000587">Ms. Garcia of Texas</cosponsor>, <cosponsor name-id="P000620">Ms. Pettersen</cosponsor>, <cosponsor name-id="E000297">Mr. Espaillat</cosponsor>, <cosponsor name-id="E000296">Mr. Evans</cosponsor>, <cosponsor name-id="C001127">Mrs. Cherfilus-McCormick</cosponsor>, <cosponsor name-id="P000607">Mr. Pocan</cosponsor>, <cosponsor name-id="O000173">Ms. Omar</cosponsor>, <cosponsor name-id="S001159">Ms. Strickland</cosponsor>, <cosponsor name-id="G000598">Mr. Robert Garcia of California</cosponsor>, <cosponsor name-id="V000131">Mr. Veasey</cosponsor>, <cosponsor name-id="O000172">Ms. Ocasio-Cortez</cosponsor>, <cosponsor name-id="V000130">Mr. Vargas</cosponsor>, <cosponsor name-id="T000487">Ms. Tokuda</cosponsor>, <cosponsor name-id="B001318">Ms. Balint</cosponsor>, <cosponsor name-id="D000623">Mr. DeSaulnier</cosponsor>, <cosponsor name-id="G000551">Mr. Grijalva</cosponsor>, <cosponsor name-id="H001068">Mr. Huffman</cosponsor>, <cosponsor name-id="T000469">Mr. Tonko</cosponsor>, <cosponsor name-id="S001226">Ms. Salinas</cosponsor>, <cosponsor name-id="H001081">Mrs. Hayes</cosponsor>, <cosponsor name-id="G000583">Mr. Gottheimer</cosponsor>, <cosponsor name-id="T000474">Mrs. Torres of California</cosponsor>, <cosponsor name-id="D000530">Mr. Deluzio</cosponsor>, <cosponsor name-id="S001200">Mr. Soto</cosponsor>, <cosponsor name-id="T000468">Ms. Titus</cosponsor>, <cosponsor name-id="C001068">Mr. Cohen</cosponsor>, <cosponsor name-id="L000582">Mr. Lieu</cosponsor>, <cosponsor name-id="C001119">Ms. Craig</cosponsor>, <cosponsor name-id="T000193">Mr. Thompson of Mississippi</cosponsor>, <cosponsor name-id="G000586">Mr. García of Illinois</cosponsor>, <cosponsor name-id="D000216">Ms. DeLauro</cosponsor>, <cosponsor name-id="R000305">Ms. Ross</cosponsor>, <cosponsor name-id="P000619">Mrs. Peltola</cosponsor>, <cosponsor name-id="H001047">Mr. Himes</cosponsor>, <cosponsor name-id="K000402">Mr. Kennedy</cosponsor>, <cosponsor name-id="T000482">Mrs. Trahan</cosponsor>, <cosponsor name-id="C001072">Mr. Carson</cosponsor>, <cosponsor name-id="C001130">Ms. Crockett</cosponsor>, <cosponsor name-id="S001215">Ms. Stevens</cosponsor>, <cosponsor name-id="G000599">Mr. Goldman of New York</cosponsor>, <cosponsor name-id="K000385">Ms. Kelly of Illinois</cosponsor>, <cosponsor name-id="P000618">Ms. Porter</cosponsor>, <cosponsor name-id="B001313">Ms. Brown</cosponsor>, <cosponsor name-id="J000305">Ms. Jacobs</cosponsor>, <cosponsor name-id="B001278">Ms. Bonamici</cosponsor>, <cosponsor name-id="A000376">Mr. Allred</cosponsor>, <cosponsor name-id="C001066">Ms. Castor of Florida</cosponsor>, <cosponsor name-id="D000631">Ms. Dean of Pennsylvania</cosponsor>, <cosponsor name-id="C001078">Mr. Connolly</cosponsor>, <cosponsor name-id="C001117">Mr. Casten</cosponsor>, <cosponsor name-id="C001080">Ms. Chu</cosponsor>, <cosponsor name-id="B001224">Ms. Bush</cosponsor>, <cosponsor name-id="W000808">Ms. Wilson of Florida</cosponsor>, <cosponsor name-id="D000617">Ms. DelBene</cosponsor>, <cosponsor name-id="B001300">Ms. Barragán</cosponsor>, <cosponsor name-id="L000273">Ms. Leger Fernandez</cosponsor>, <cosponsor name-id="B001223">Mr. Bowman</cosponsor>, <cosponsor name-id="S001225">Mr. Sorensen</cosponsor>, <cosponsor name-id="C001097">Mr. Cárdenas</cosponsor>, <cosponsor name-id="B001315">Ms. Budzinski</cosponsor>, <cosponsor name-id="S001205">Ms. Scanlon</cosponsor>, <cosponsor name-id="C001112">Mr. Carbajal</cosponsor>, <cosponsor name-id="F000477">Mrs. Foushee</cosponsor>, <cosponsor name-id="P000608">Mr. Peters</cosponsor>, <cosponsor name-id="L000602">Ms. Lee of Pennsylvania</cosponsor>, and <cosponsor name-id="D000197">Ms. DeGette</cosponsor>) submitted the following concurrent resolution; which was referred to the <committee-name committee-id="HJU00">Committee on the Judiciary</committee-name>, and in addition to the Committee on <committee-name committee-id="HIF00">Energy and Commerce</committee-name>, for a period to be subsequently determined by the Speaker, in each case for consideration of such provisions as fall within the jurisdiction of the committee concerned</action-desc></action><legis-type>CONCURRENT RESOLUTION</legis-type><official-title display="yes">Commending State and local governments for championing reproductive rights as human rights.</official-title></form><preamble><whereas><text>Whereas, on June 24, 2022, the United States Supreme Court in Dobbs v. Jackson Women’s Health Organization, 597 U.S. 215 (2022) overturned Roe v. Wade, 410 U.S. 113 (1973) and Planned Parenthood v. Casey, 505 U.S. 833 (1992) and eliminated the Federal constitutional right to abortion in the United States; </text></whereas><whereas><text>Whereas, subsequently, more than a dozen States have passed legal barriers that fully ban abortion, and many others have passed legal barriers that severely restrict abortion;</text></whereas><whereas><text>Whereas the retrogression on abortion rights in the United States is inconsistent with United States obligations under international human rights law;</text></whereas><whereas><text>Whereas treaties ratified by the United States should be upheld at the Federal, State, and local level as they are considered the <quote>supreme Law of the Land</quote> under clause 2 of Article VI of the United States Constitution;</text></whereas><whereas><text>Whereas the United States has ratified, and is bound by, the International Covenant on Civil and Political Rights, done on June 1, 1992, the International Convention on the Elimination of All Forms of Racial Discrimination, done on September 29, 1994, and the Convention against Torture and Other Cruel, Inhuman, or Degrading Treatment or Punishment, done on September 19, 1994;</text></whereas><whereas><text>Whereas the United States has previously joined the international community in identifying reproductive rights as human rights, including during the 1995 Beijing World Conference on Women;</text></whereas><whereas><text>Whereas escalating restrictions on abortion access in the United States conflict with public health guidance;</text></whereas><whereas><text>Whereas the abortion care guideline, published by the World Health Organization in 2022, recommends the full decriminalization of abortion, the removal of grounds-based restrictions on abortion, and the removal of gestational age-limits on the provision of abortion care;</text></whereas><whereas><text>Whereas access to the full range of sexual and reproductive health care, including abortion, is essential to the health and well-being of all people;</text></whereas><whereas><text>Whereas no one should be criminalized for any pregnancy outcome;</text></whereas><whereas><text>Whereas punishing people for their pregnancy outcomes and the circumstances of their pregnancies or for providing essential reproductive and sexual health care violates their human rights;</text></whereas><whereas><text>Whereas the threat of criminalization or prosecution can intimidate people from seeking or providing care;</text></whereas><whereas><text>Whereas reproductive and sexual health care providers administer high-quality, essential health care, and play a critical role in ensuring people are able to make decisions about their bodies and lives with dignity;</text></whereas><whereas><text>Whereas no one should be criminalized for providing essential health care;</text></whereas><whereas><text>Whereas pregnant people who have been denied abortion care suffer many adverse consequences, including putting their health, fertility, and lives at risk, being forced to carry nonviable pregnancies to term, and being criminalized for miscarriage, the circumstances of their pregnancies, abortions, and other pregnancy outcomes;</text></whereas><whereas><text>Whereas pregnant people in Texas, and other Southern States, have been forced to undergo invasive and dangerous surgeries, such as cesarean sections, instead of receiving routine abortion care when faced with obstetric emergencies, putting their health and lives at risk;</text></whereas><whereas><text>Whereas this obstetric violence has long been true for communities of color and especially Black communities, as early American gynecology treated Black women as expendable clinical material for its institutional needs, and this medical violence was animated by biological racism and the legal and economic exigencies of the antebellum era; </text></whereas><whereas><text>Whereas Indigenous people, Black people, people of color, people with low incomes, people living in rural areas, people with disabilities, immigrants, LGBTQ+ individuals, and other marginalized individuals are disproportionately likely to be surveilled, arrested, charged, prosecuted, convicted, and heavily punished within the United States criminal justice system and, due to systemic discrimination, to experience additional scrutiny from the United States legal system; </text></whereas><whereas><text>Whereas, from 2006 to 2022, almost 1,400 people were arrested in the United States in relation to the circumstances or outcomes of their pregnancy, including pregnancy loss, and prosecutions overwhelmingly targeted people with low incomes, and this trend has only increased since the Dobbs v. Jackson Women’s Health Organization decision;</text></whereas><whereas><text>Whereas the Dobbs v. Jackson Women’s Health Organization decision has further decimated abortion access in the United States;</text></whereas><whereas><text>Whereas the United States has been reviewed by two United Nations treaty- monitoring bodies since the Dobbs v. Jackson Women’s Health Organization decision—the Committee on the Elimination of Racial Discrimination and the Human Rights Committee;</text></whereas><whereas><text>Whereas, on August 11 and 12, 2022, the United Nations Committee on the Elimination of Racial Discrimination reviewed the United States implementation of the International Convention on the Elimination of All Forms of Racial Discrimination and on August 30, 2022, issued recommendations to the United States Government to address the profound disparate impact of the Supreme Court’s ruling in Dobbs v. Jackson Women’s Health Organization on women of racial and ethnic minorities, Indigenous women and those with low incomes;</text></whereas><whereas><text>Whereas the United Nations Human Rights Committee reviewed the United States’ implementation of the International Covenant on Civil and Political Rights on October 17 and 18, 2023, and issued concluding observations and recommendations to the United States Government on November 3, 2023;</text></whereas><whereas><text>Whereas the United Nations Human Rights Committee’s concluding observations express deep concern over the criminalization of abortion seekers, those who help them and abortion providers; restrictions on interstate travel that inhibits access to care; bans on medication abortion; and the use of digital data surrounding abortion for prosecution purposes;</text></whereas><whereas><text>Whereas State and local governments play an important role in ensuring that the United States complies with its treaty obligations;</text></whereas><whereas><text>Whereas the United Nations Human Rights Committee called on and encouraged State and local lawmakers to uphold human rights in their law making and to take specific action to ensure that no one is criminalized for a pregnancy outcome, nor anyone who provides abortion care or helps someone obtain an abortion and that all people can access abortion care when they need it;</text></whereas><whereas><text>Whereas the City of Alexandria, Virginia, enacted a resolution to expand access to abortion on June 28, 2022, in the wake of the Dobbs decision, and the city council held a status update meeting to address areas for improvement on June 25, 2024, just after the two-year anniversary of Dobbs, and will seek to proactively address unmet needs in the upcoming City budget;</text></whereas><whereas><text>Whereas Louisiana House Bills 56, 63, 164, and 293 were introduced in February 2024, and sought to increase access to reproductive health care and committee testimony regarding the bills illustrate the human rights concerns and obligations that necessitated the passage of these bills;</text></whereas><whereas><text>Whereas Mount Rainier, Maryland, issued a Mayoral Proclamation declaring June 24, 2024, as <quote>Reproductive Rights are Human Rights Day</quote>, a first of its kind effort on a local level to protect reproductive freedom as a human right;</text></whereas><whereas><text>Whereas Montgomery County, Maryland, passed a resolution to address the Dobbs decision in 2022 and unanimously passed a resolution with unanimous support on September 10, 2024, to increase access to abortion in the county and to explicitly condemn the criminalization of anyone for a pregnancy outcome or the criminalization of anyone for a circumstance surrounding their pregnancy;</text></whereas><whereas><text>Whereas the City Council of Austin, Texas, has invested over $400,000 in support for abortion access to help low-income people overcome the myriad barriers they face seeking abortion care, and passed a resolution on August 29, 2024, declaring abortion as a human right, acknowledging the duties of the Texas government at the local and State levels to uphold its human rights obligations under the International Covenant on Civil and Political Rights, and explicitly condemning the criminalization of anyone for a pregnancy outcome or the criminalization of anyone for a circumstance surrounding their pregnancy;</text></whereas><whereas><text>Whereas the City Councils of Chapel Hill and Carrboro, North Carolina, introduced and passed resolutions on September 11 and 12, 2024, declaring reproductive rights and abortion as human rights, and explicitly condemning the chill felt in North Carolina from neighboring States that ban abortion and the criminalization of anyone for a pregnancy outcome or for any circumstance surrounding their pregnancy;</text></whereas><whereas><text>Whereas Louisiana House Bills 56, 63, 164, and 293, the City of Mount Rainier Proclamation making June 24, 2024, Reproductive Rights are Human Rights Day, and resolutions for Austin, Texas, Montgomery County, Maryland, Alexandria, Virginia, and Chapel Hill and Carrboro, North Carolina, reflect State and local efforts, to address recommendations made by the United Nations Human Rights Committee on maternal mortality, voluntary termination of pregnancy, and sexual and reproductive rights and to promote and protect human rights; and</text></whereas><whereas><text>Whereas Louisiana House Bills 56, 63, 164, and 293, the City of Mount Rainier Proclamation making June 24th Reproductive Rights are Human Rights Day, and the resolutions for Austin, Texas, Alexandria, Virginia, Montgomery County, Maryland, and Chapel Hill and Carrboro, North Carolina, further efforts to promote compliance with the United States’ human rights obligations under the International Covenant on Civil and Political Rights, in accordance with Article VI, clause 2 of the United States Constitution: Now, therefore, be it</text></whereas></preamble><resolution-body style="traditional" id="HE16BBB63C0B941C29792E434E1A67A44"><section display-inline="yes-display-inline" section-type="undesignated-section" id="H5C93AD39410248EC9FE27F5F2C3F945D"><enum/><text>That Congress—</text><paragraph id="H9A739073FC2A4E68ACBB260FA8CDB76B"><enum>(1)</enum><text display-inline="yes-display-inline">recognizes the important role that State and local governments should play to ensure that the United States complies with its treaty obligations;</text></paragraph><paragraph id="H49A34ED17ADC46D2AC92834C8D6CADF7"><enum>(2)</enum><text>condemns the criminalization of abortion and the criminalization of any circumstances or outcomes of a person’s pregnancy in the United States; </text></paragraph><paragraph id="H132F9E5EDD364BEAAE9CB0B71FE6882E"><enum>(3)</enum><text>affirms that all people deserve access to high-quality health care without fear of punishment;</text></paragraph><paragraph id="H7775A14709B24844AE8C7E242F1C8C51"><enum>(4)</enum><text>affirms that reproductive rights are human rights;</text></paragraph><paragraph id="H461B0E037E3744059A20679FAB65E2CC"><enum>(5)</enum><text>urges the governments of States that impose restrictions harmful to pregnant people to repeal those restrictions; and</text></paragraph><paragraph id="HAA06616E0C1E43E6B1C5E349D60C92D0"><enum>(6)</enum><text>urges the government of States—</text><subparagraph id="H16E31AFC87944406A33ACB858A43239F"><enum>(A)</enum><text>to repeal State laws that criminalize abortion;</text></subparagraph><subparagraph id="HD99CF774A65B47B3AE151BF56E088246"><enum>(B)</enum><text>to prohibit the prosecution of people for having abortions or for any other circumstances or outcomes of their pregnancies; and</text></subparagraph><subparagraph id="HE2C7A85CDD2F495D824B3D37ACF36FD2"><enum>(C)</enum><text>to protect and guarantee human rights.</text></subparagraph></paragraph></section></resolution-body></resolution> 

