<?xml version="1.0"?>
<?xml-stylesheet type="text/xsl" href="billres.xsl"?>
<!DOCTYPE resolution PUBLIC "-//US Congress//DTDs/res.dtd//EN" "res.dtd">
<resolution dms-id="HB722CAF1F46B4CC8AE8260D8C895AFF3" public-private="public" resolution-stage="Engrossed-in-House" resolution-type="house-concurrent" star-print="no-star-print" key="H" stage-count="1"> 
<metadata xmlns:dc="http://purl.org/dc/elements/1.1/">
<dublinCore>
<dc:title>118 HCON 93 EH: Providing for a joint session of Congress to receive a message from the President.</dc:title>
<dc:publisher>U.S. House of Representatives</dc:publisher>
<dc:date></dc:date>
<dc:format>text/xml</dc:format>
<dc:language>EN</dc:language>
<dc:rights>Pursuant to Title 17 Section 105 of the United States Code, this file is not subject to copyright protection and is in the public domain.</dc:rights>
</dublinCore>
</metadata>
<form>
<distribution-code display="no">IV</distribution-code> 
<congress display="yes">118th CONGRESS</congress> 
<session display="yes">2d Session</session> 
<legis-num>H. CON. RES. 93</legis-num> 
<current-chamber display="no">IN THE HOUSE OF REPRESENTATIVES</current-chamber> 
<legis-type>CONCURRENT RESOLUTION</legis-type> 
<official-title display="no">Providing for a joint session of Congress to receive a message from the President.</official-title> 
</form> 
<resolution-body style="traditional" id="H28B438B1264F426B86DA612CDF32653E"> 
<section display-inline="yes-display-inline" section-type="undesignated-section" id="H2444DD6600A64650A46D343AB3530E70"><text>That the two Houses of Congress assemble in the Hall of the House of Representatives on Thursday, March 7, 2024, at 9 p.m., for the purpose of receiving such communication as the President of the United States shall be pleased to make to them.</text></section> </resolution-body> <attestation><attestation-group><attestation-date date="20240305" chamber="House">Passed the House of Representatives March 5, 2024.</attestation-date><attestor display="no">Cheryl L. Johnson,</attestor><role>Clerk.</role></attestation-group></attestation> <endorsement display="yes"></endorsement> </resolution> 

