<?xml version="1.0"?>
<?xml-stylesheet type="text/xsl" href="billres.xsl"?>
<!DOCTYPE resolution PUBLIC "-//US Congress//DTDs/res.dtd//EN" "res.dtd">
<resolution resolution-stage="Enrolled-Bill" dms-id="HFDED8F1B95964620BC528219E320ABEB" public-private="public" resolution-type="house-joint" star-print="no-star-print" key="H" stage-count="1"> 
<metadata xmlns:dc="http://purl.org/dc/elements/1.1/">
<dublinCore>
<dc:title> HJ 62 ENR: Providing for the reappointment of Michael Govan as a citizen regent of the Board of Regents of the Smithsonian Institution.</dc:title>
<dc:publisher>U.S. House of Representatives</dc:publisher>
<dc:date></dc:date>
<dc:format>text/xml</dc:format>
<dc:language>EN</dc:language>
<dc:rights>Pursuant to Title 17 Section 105 of the United States Code, this file is not subject to copyright protection and is in the public domain.</dc:rights>
</dublinCore>
</metadata>
<form>
<distribution-code display="no">IA</distribution-code> 
<congress display="yes">One Hundred Eighteenth Congress of the United States of America</congress> 
<session display="yes">At the First Session</session><enrolled-dateline>Begun and held at the City of Washington on Tuesday, the third day of January, two thousand and twenty-three</enrolled-dateline> 
<legis-num display="yes">H. J. RES. 62</legis-num> 
<current-chamber display="no"></current-chamber> 
<legis-type>JOINT RESOLUTION</legis-type> 
<official-title display="yes">Providing for the reappointment of Michael Govan as a citizen regent of the Board of Regents of the Smithsonian Institution.</official-title> 
</form> 
<resolution-body style="traditional" id="H69CBDA456B4C4D71A9B9A1373B9CE6A5"> 
<section display-inline="yes-display-inline" section-type="undesignated-section" id="H0E349428EFF34BCD903E8690F2D82F56"><enum/><text>That in accordance with section 5581 of the Revised Statutes of the United States (<external-xref legal-doc="usc" parsable-cite="usc/20/43">20 U.S.C. 43</external-xref>) the vacancy on the Board of Regents of the Smithsonian Institution, in the class other than Members of Congress, occurring by reason of the expiration of the term of Michael Govan of California on May 6, 2023, is filled by the reappointment of the incumbent. The reappointment is for a term of six years, beginning on the later of May 6, 2023, or the date of enactment of this joint resolution.</text></section> </resolution-body> <attestation><attestation-group><role>Speaker of the House of Representatives.</role></attestation-group><attestation-group><role>Vice President of the United States and President of the Senate.</role></attestation-group></attestation> </resolution> 

