<mods xmlns:xlink="http://www.w3.org/1999/xlink" xmlns:xsi="http://www.w3.org/2001/XMLSchema-instance" xmlns="http://www.loc.gov/mods/v3" version="3.3" xsi:schemaLocation="http://www.loc.gov/mods/v3 http://www.loc.gov/standards/mods/v3/mods-3-3.xsd" ID="P0b002ee1bbe59156">
    <name type="corporate">
         <namePart>United States Government Publishing Office</namePart>
         <role>
              <roleTerm authority="marcrelator" type="text">publisher</roleTerm>
              <roleTerm authority="marcrelator" type="code">pbl</roleTerm>
        </role>
         <role>
              <roleTerm authority="marcrelator" type="text">distributor</roleTerm>
              <roleTerm authority="marcrelator" type="code">dst</roleTerm>
        </role>
    </name>
    <name type="corporate">
         <namePart>United States</namePart>
         <namePart>Congress</namePart>
         <namePart>House of Representatives</namePart>
         <role>
              <roleTerm authority="marcrelator" type="text">author</roleTerm>
              <roleTerm authority="marcrelator" type="code">aut</roleTerm>
        </role>
         <description>Government Organization</description>
    </name>
    <typeOfResource>text</typeOfResource>
    <genre authority="marcgt">government publication</genre>
    <language>
         <languageTerm type="code" authority="iso639-2b">eng</languageTerm>
    </language>
    <extension>
         <collectionCode>BILLS</collectionCode>
         <searchTitle>Expressing disapproval of the revocation by President Biden of the Presidential permit for the Keystone XL pipeline.;H. Con. Res. 14 (IH)
    </searchTitle>
         <category>Bills and Statutes</category>
         <waisDatabaseName>118_cong_bills</waisDatabaseName>
         <branch>legislative</branch>
         <dateIngested>2023-02-08</dateIngested>
    </extension>
    <titleInfo>
         <title>Expressing disapproval of the revocation by President Biden of the Presidential permit for the Keystone XL pipeline.</title>
    </titleInfo>
    <titleInfo type="alternative">
         <title>H. Con. Res. 14 (IH)
    </title>
    </titleInfo>
    <originInfo>
         <publisher>U.S. Government Publishing Office</publisher>
         <dateIssued encoding="w3cdtf">2023-02-07</dateIssued>
         <issuance>monographic</issuance>
    </originInfo>
    <physicalDescription>
         <note type="source content type">deposited</note>
         <digitalOrigin>born digital</digitalOrigin>
         <extent>2 p.</extent>
    </physicalDescription>
    <classification authority="sudocs">Y 1.6:</classification>
    <classification authority="sudocs">Y 1.4/9:</classification>
    <identifier type="local">P0b002ee1bbe59156</identifier>
    <identifier type="uri">https://www.govinfo.gov/app/details/BILLS-118hconres14ih</identifier>
    <identifier type="preferred citation">H. Con. Res. 14</identifier>
    <identifier type="stock number">021-610-00252-9</identifier>
    <identifier type="Parent ILS system id">000501532</identifier>
    <identifier type="Child ILS system id">000325575</identifier>
    <identifier type="Parent ILS title">Congressional bills</identifier>
    <identifier type="Child ILS title">House concurrent resolutions</identifier>
    <identifier type="former package identifier">f:hc14_ih.txt</identifier>
    <location>
         <url displayLabel="Content Detail" access="object in context">https://www.govinfo.gov/app/details/BILLS-118hconres14ih</url>
         <url displayLabel="HTML rendition" access="raw object">https://www.govinfo.gov/content/pkg/BILLS-118hconres14ih/html/BILLS-118hconres14ih.htm</url>
         <url displayLabel="PDF rendition" access="raw object">https://www.govinfo.gov/content/pkg/BILLS-118hconres14ih/pdf/BILLS-118hconres14ih.pdf</url>
         <url displayLabel="XML rendition" access="raw object">https://www.govinfo.gov/content/pkg/BILLS-118hconres14ih/xml/BILLS-118hconres14ih.xml</url>
    </location>
    <accessCondition type="GPO scope determination">fdlp</accessCondition>
    <recordInfo>
         <recordContentSource authority="marcorg">DGPO</recordContentSource>
         <recordCreationDate encoding="w3cdtf">2023-02-08</recordCreationDate>
         <recordChangeDate encoding="w3cdtf">2023-02-08</recordChangeDate>
         <recordIdentifier source="DGPO">BILLS-118hconres14ih</recordIdentifier>
         <recordOrigin>machine generated</recordOrigin>
         <languageOfCataloging>
              <languageTerm type="code" authority="iso639-2b">eng</languageTerm>
        </languageOfCataloging>
    </recordInfo>
    <name type="personal">
         <namePart>Debbie Lesko</namePart>
         <affiliation>United States House of Representatives</affiliation>
         <role>
              <roleTerm authority="marcrelator" type="text">sponsor</roleTerm>
              <roleTerm authority="marcrelator" type="code">spn</roleTerm>
        </role>
         <description>United States Congress Member</description>
    </name>
    <name type="personal">
         <namePart>Troy Balderson</namePart>
         <affiliation>United States House of Representatives</affiliation>
         <role>
              <roleTerm type="text">cosponsor</roleTerm>
        </role>
         <description>United States Congress Member</description>
    </name>
    <name type="corporate">
         <namePart>United States</namePart>
         <namePart>Congress</namePart>
         <namePart>House of Representatives</namePart>
         <namePart>Committee on Energy and Commerce</namePart>
         <role>
              <roleTerm authority="marcrelator" type="text">associated name</roleTerm>
              <roleTerm authority="marcrelator" type="code">asn</roleTerm>
        </role>
    </name>
    <name type="corporate">
         <namePart>United States</namePart>
         <namePart>Congress</namePart>
         <namePart>House of Representatives</namePart>
         <namePart>Committee on Natural Resources</namePart>
         <role>
              <roleTerm authority="marcrelator" type="text">associated name</roleTerm>
              <roleTerm authority="marcrelator" type="code">asn</roleTerm>
        </role>
    </name>
    <name type="corporate">
         <namePart>United States</namePart>
         <namePart>Congress</namePart>
         <namePart>House of Representatives</namePart>
         <namePart>Committee on Transportation and Infrastructure</namePart>
         <role>
              <roleTerm authority="marcrelator" type="text">associated name</roleTerm>
              <roleTerm authority="marcrelator" type="code">asn</roleTerm>
        </role>
    </name>
    <extension>
         <docClass>hconres</docClass>
         <accessId>BILLS-118hconres14ih</accessId>
         <congress>118</congress>
         <session>1</session>
         <originChamber>HOUSE</originChamber>
         <currentChamber>HOUSE</currentChamber>
         <billNumber>14</billNumber>
         <billVersion reprint="false">ih</billVersion>
         <fileSuffix>ih</fileSuffix>
         <officialTitle>Expressing disapproval of the revocation by President Biden of the Presidential permit for the Keystone XL pipeline.</officialTitle>
         <action date="2023-02-07">Mrs. Lesko (for herself and Mr. Balderson) submitted the following concurrent resolution; which was referred to the Committee on Transportation and Infrastructure, and in addition to the Committees on Energy and Commerce, and Natural Resources, for a period to be subsequently determined by the Speaker, in each case for consideration of such provisions as fall within the jurisdiction of the committee concerned</action>
         <congCommittee authorityId="hsif00" chamber="H" congress="118" type="S">
                                
              <name type="authority-standard">Committee on Energy and Commerce</name>
                                
              <name type="authority-short">Energy and Commerce</name>
                            
        </congCommittee>
         <congCommittee authorityId="hsii00" chamber="H" congress="118" type="S">
                                
              <name type="authority-standard">Committee on Natural Resources</name>
                                
              <name type="authority-short">Natural Resources</name>
                            
        </congCommittee>
         <congCommittee authorityId="hspw00" chamber="H" congress="118" type="S">
                                
              <name type="authority-standard">Committee on Transportation and Infrastructure</name>
                                
              <name type="authority-short">Transportation and Infrastructure</name>
                            
        </congCommittee>
         <congMember bioGuideId="L000589" chamber="H" congress="118" party="R" role="SPONSOR" state="AZ">
                                
              <name type="parsed">Mrs. Lesko</name>
                                
              <name type="authority-fnf">Debbie Lesko</name>
                                
              <name type="authority-lnf">Lesko, Debbie</name>
                            
        </congMember>
         <congMember bioGuideId="B001306" chamber="H" congress="118" party="R" role="COSPONSOR" state="OH">
                                
              <name type="parsed">Mr. Balderson</name>
                                
              <name type="authority-fnf">Troy Balderson</name>
                                
              <name type="authority-lnf">Balderson, Troy</name>
                            
        </congMember>
         <isPrivate>false</isPrivate>
         <isAppropriation>false</isAppropriation>
    </extension>
</mods>