<?xml version="1.0" encoding="UTF-8"?><mets xmlns="http://www.loc.gov/METS/" xmlns:utils="xalan://gov.gpo.fdsys.utils" xmlns:datetime="http://exslt.org/dates-and-times" xmlns:xalan="http://xml.apache.org/xalan" xmlns:xsi="http://www.w3.org/2001/XMLSchema-instance" xmlns:xlink="http://www.w3.org/1999/xlink" xsi:schemaLocation="http://www.loc.gov/METS/ http://www.loc.gov/standards/mets/mets.xsd" ID="P0b002ee1bc9a179d" LABEL="Calling an Article V Convention for proposing a Fiscal Responsibility Amendment to the United States Constitution and stipulating ratification by a vote of We the People, and for other purposes." OBJID="BILLS-118hconres24ih">
<metsHdr CREATEDATE="2024-10-04T05:19:18Z" LASTMODDATE="2024-10-04T05:19:18Z">
<agent ROLE="CREATOR" TYPE="ORGANIZATION">
<name>United States Government Publishing Office</name>
</agent>
</metsHdr>
<dmdSec ID="descriptive-metadata">
<mdRef ID="descriptive-metadata-mods" MIMETYPE="text/xml" LOCTYPE="URL" xlink:href="file://mods.xml" MDTYPE="MODS"/>
</dmdSec>
<amdSec>
<digiprovMD ID="provenance-metadata-premis">
<mdRef MIMETYPE="text/xml" LOCTYPE="URL" xlink:href="file://premis.xml" MDTYPE="PREMIS"/>
</digiprovMD>
</amdSec>
<fileSec><fileGrp USE="text/html"><file ID="FID1" MIMETYPE="text/html" SIZE="4897">
<FLocat LOCTYPE="URL" xlink:href="file://html/BILLS-118hconres24ih.htm"/>
<FLocat LOCTYPE="URL" xlink:href="https://www.govinfo.gov/content/pkg/BILLS-118hconres24ih/html/BILLS-118hconres24ih.htm"/>
</file></fileGrp><fileGrp USE="text/xml"><file ID="FID2" MIMETYPE="text/xml" SIZE="6632">
<FLocat LOCTYPE="URL" xlink:href="file://xml/BILLS-118hconres24ih.xml"/>
<FLocat LOCTYPE="URL" xlink:href="https://www.govinfo.gov/content/pkg/BILLS-118hconres24ih/xml/BILLS-118hconres24ih.xml"/>
</file></fileGrp><fileGrp USE="application/pdf"><file ID="FID3" MIMETYPE="application/pdf" SIZE="233857">
<FLocat LOCTYPE="URL" xlink:href="file://pdf/BILLS-118hconres24ih.pdf"/>
<FLocat LOCTYPE="URL" xlink:href="https://www.govinfo.gov/content/pkg/BILLS-118hconres24ih/pdf/BILLS-118hconres24ih.pdf"/>
</file></fileGrp></fileSec>
<structMap>
<div>
<div ADMID="provenance-metadata-premis">
<fptr FILEID="FID1"/>
</div>
<div ADMID="provenance-metadata-premis">
<fptr FILEID="FID2"/>
</div>
<div ADMID="provenance-metadata-premis">
<fptr FILEID="FID3"/>
</div>
</div>
</structMap>
</mets>
