<?xml version="1.0"?>
<?xml-stylesheet type="text/xsl" href="billres.xsl"?>
<!DOCTYPE resolution PUBLIC "-//US Congress//DTDs/res.dtd//EN" "res.dtd">
<resolution resolution-stage="Introduced-in-House" dms-id="HEE40E3FFCA3340A6BEF490D749E5123C" public-private="public" resolution-type="house-concurrent" star-print="no-star-print" key="H"><metadata xmlns:dc="http://purl.org/dc/elements/1.1/">
<dublinCore>
<dc:title>118 HCON 45 IH: The Hands Off Our Election Resolution of 2023</dc:title>
<dc:publisher>U.S. House of Representatives</dc:publisher>
<dc:date>2023-05-18</dc:date>
<dc:format>text/xml</dc:format>
<dc:language>EN</dc:language>
<dc:rights>Pursuant to Title 17 Section 105 of the United States Code, this file is not subject to copyright protection and is in the public domain.</dc:rights>
</dublinCore>
</metadata>
<form>
<distribution-code display="yes">IV</distribution-code><congress display="yes">118th CONGRESS</congress><session display="yes">1st Session</session><legis-num display="yes">H. CON. RES. 45</legis-num><current-chamber>IN THE HOUSE OF REPRESENTATIVES</current-chamber><action display="yes"><action-date date="20230518">May 18, 2023</action-date><action-desc><sponsor name-id="S001222">Mr. Santos</sponsor> submitted the following concurrent resolution; which was referred to the <committee-name committee-id="HJU00">Committee on the Judiciary</committee-name></action-desc></action><legis-type>CONCURRENT RESOLUTION</legis-type><official-title display="yes">Expressing the sense of Congress that the Federal Government should not encroach upon the States’ constitutional right to govern aspects of election law.</official-title></form><preamble><whereas><text>Whereas article I, section 4 of the Constitution of the United States designates to the States the right to govern aspects of election law; and</text></whereas><whereas><text>Whereas H.R. 1 of the 117th Congress amounts to Federal overreach: Now, therefore, be it</text></whereas></preamble><resolution-body style="OLC" id="HED8494E01C0B48D4AC0B431BEBD8DC93"><section id="H3E3159B94887478095F097B6DBF69B4A" section-type="section-one"><enum>1.</enum><header>Short title</header><text display-inline="no-display-inline">This concurrent resolution may be cited as <quote><short-title>The Hands Off Our Election Resolution of 2023</short-title></quote>.</text></section><section id="H322B191EAD554AB6AD76C4F98DD67B31"><enum>2.</enum><header>Sense of Congress</header><text display-inline="no-display-inline">It is the sense of Congress that Federal overreach into election law violates the States’ constitutional right to govern aspects of election law as prescribed by article 1, section 4 of the Constitution of the United States.</text></section></resolution-body></resolution> 

