<?xml version="1.0"?>
<?xml-stylesheet type="text/xsl" href="billres.xsl"?>
<!DOCTYPE resolution PUBLIC "-//US Congress//DTDs/res.dtd//EN" "res.dtd">
<resolution resolution-stage="Engrossed-in-House" dms-id="H20A8DDD7DB7A453AB130B7E0184F3970" public-private="public" resolution-type="house-concurrent" star-print="no-star-print" key="H" stage-count="1">
<metadata xmlns:dc="http://purl.org/dc/elements/1.1/">
<dublinCore>
<dc:title>118 HCON 106 EH: Expressing support for local law enforcement officers and condemning efforts to defund local law enforcement agencies.</dc:title>
<dc:publisher>U.S. House of Representatives</dc:publisher>
<dc:date></dc:date>
<dc:format>text/xml</dc:format>
<dc:language>EN</dc:language>
<dc:rights>Pursuant to Title 17 Section 105 of the United States Code, this file is not subject to copyright protection and is in the public domain.</dc:rights>
</dublinCore>
</metadata>
<form>
<distribution-code display="no">IV</distribution-code>
<congress display="yes">118th CONGRESS</congress>
<session display="yes">2d Session</session>
<legis-num display="yes">H. CON. RES. 106</legis-num>
<current-chamber display="no">IN THE HOUSE OF REPRESENTATIVES</current-chamber>
<legis-type>CONCURRENT RESOLUTION</legis-type>
<official-title display="no">Expressing support for local law enforcement officers and condemning efforts to defund local law enforcement agencies.</official-title>
</form>
<preamble>
<whereas><text>Whereas the brave men and women in local law enforcement work tirelessly to protect the communities they serve;</text></whereas> <whereas><text>Whereas local law enforcement officers are tasked with upholding the rule of law and ensuring public safety;</text></whereas>
<whereas><text>Whereas local law enforcement officers selflessly put themselves in harm’s way to fight crime, get drugs off the streets, and protect the innocent;</text></whereas> <whereas><text>Whereas defunding police narratives vilify and demonize local law enforcement officers and put them at greater risk of danger;</text></whereas>
<whereas><text>Whereas local law enforcement officers take an oath to never betray the public trust;</text></whereas> <whereas><text>Whereas the local law enforcement community protects our streets, acknowledges the rights of all Americans, and keeps citizens safe from harm;</text></whereas>
<whereas><text>Whereas local law enforcement officers are recognized for their public service to all, knowing they face extremely dangerous situations while carrying out their duties;</text></whereas> <whereas><text>Whereas a healthy and collaborative relationship between local law enforcement officers and the communities they serve is essential to creating mutually respectful dialogue; and</text></whereas>
<whereas><text>Whereas local law enforcement officers deserve respect and profound gratitude: Now, therefore, be it</text></whereas></preamble> <resolution-body style="traditional" id="H8425E3AC42734EFA94CC81972959C69D"> <section id="H9503B847FB19427CA36DB61C45CB9946" section-type="undesignated-section" display-inline="yes-display-inline"><enum/><text display-inline="yes-display-inline">That Congress—</text>
<paragraph id="HF4B5AD5A692D4C1990E834E8A26D4399"><enum>(1)</enum><text>recognizes and appreciates the dedication and devotion demonstrated by the men and women of local law enforcement who keep the Nation’s communities safe;</text></paragraph> <paragraph id="HDA0CB14A61D543C0BC0270019AF89814"><enum>(2)</enum><text>extends its gratitude to all local law enforcement officers and their families for their sacrifice and service; and</text></paragraph>
<paragraph id="H4A0EF6881D2B474682845973C929915E"><enum>(3)</enum><text>condemns calls to defund, disband, dismantle, or abolish the police.</text></paragraph></section> </resolution-body> <attestation><attestation-group><attestation-date date="20240514" legis-day="20240514" chamber="House">Passed the House of Representatives May 14, 2024.</attestation-date><attestor display="no">Cheryl L. Johnson,</attestor><role>Clerk.</role></attestation-group></attestation> <endorsement display="yes"></endorsement> </resolution> 

