<?xml version="1.0"?>
<?xml-stylesheet type="text/xsl" href="billres.xsl"?>
<!DOCTYPE resolution PUBLIC "-//US Congress//DTDs/res.dtd//EN" "res.dtd">
<resolution resolution-stage="Introduced-in-House" dms-id="H0408EA06D7C74A78B3D335BD81B3A9E0" public-private="public" resolution-type="house-joint" star-print="no-star-print" key="H"><metadata xmlns:dc="http://purl.org/dc/elements/1.1/">
<dublinCore>
<dc:title>118 HJ 196 IH: Providing for congressional disapproval under chapter 8 of title 5, United States Code, of the rule submitted by the Department of Defense relating to “Defense Federal Acquisition Regulation Supplement: Architect and Engineering Service Fees (DFARS Case 2024–D019)”.</dc:title>
<dc:publisher>U.S. House of Representatives</dc:publisher>
<dc:date>2024-08-02</dc:date>
<dc:format>text/xml</dc:format>
<dc:language>EN</dc:language>
<dc:rights>Pursuant to Title 17 Section 105 of the United States Code, this file is not subject to copyright protection and is in the public domain.</dc:rights>
</dublinCore>
</metadata>
<form>
<distribution-code display="yes">IA</distribution-code><congress display="yes">118th CONGRESS</congress><session display="yes">2d Session</session><legis-num display="yes">H. J. RES. 196</legis-num><current-chamber>IN THE HOUSE OF REPRESENTATIVES</current-chamber><action display="yes"><action-date date="20240802">August 2, 2024</action-date><action-desc><sponsor name-id="P000609">Mr. Palmer</sponsor> submitted the following joint resolution; which was referred to the <committee-name committee-id="HAS00">Committee on Armed Services</committee-name></action-desc></action><legis-type>JOINT RESOLUTION</legis-type><official-title display="yes">Providing for congressional disapproval under <external-xref legal-doc="usc-chapter" parsable-cite="usc-chapter/5/8">chapter 8</external-xref> of title 5, United States Code, of the rule submitted by the Department of Defense relating to <quote>Defense Federal Acquisition Regulation Supplement: Architect and Engineering Service Fees (DFARS Case 2024–D019)</quote>.</official-title></form><resolution-body style="traditional" id="H19CC8DD6F5824311BE712890006E9D23"><section display-inline="yes-display-inline" section-type="undesignated-section" id="H6F1465A53A014A57BB24CE0ADC4A4C90"><enum/><text display-inline="yes-display-inline">That Congress disapproves the rule submitted by the Department of Defense relating to <quote>Defense Federal Acquisition Regulation Supplement: Architect and Engineering Service Fees (DFARS Case 2024–D019)</quote> (89 Fed. Reg. 53502; published June 27, 2024) and such rule shall have no force or effect.</text></section></resolution-body></resolution> 

