<?xml version="1.0"?>
<?xml-stylesheet type="text/xsl" href="billres.xsl"?>
<!DOCTYPE resolution PUBLIC "-//US Congress//DTDs/res.dtd//EN" "res.dtd">
<resolution resolution-stage="Enrolled-Bill" dms-id="H097B46E42C2D4BA9BE65DE6971A5B489" public-private="public" resolution-type="house-joint" star-print="no-star-print" key="H" stage-count="1"> 
<metadata xmlns:dc="http://purl.org/dc/elements/1.1/">
<dublinCore>
<dc:title> HJ 109 ENR: Providing for congressional disapproval under chapter 8 of title 5, United States Code, of the rule submitted by the Securities and Exchange Commission relating to “Staff Accounting Bulletin No. 121”.</dc:title>
<dc:publisher>U.S. House of Representatives</dc:publisher>
<dc:date></dc:date>
<dc:format>text/xml</dc:format>
<dc:language>EN</dc:language>
<dc:rights>Pursuant to Title 17 Section 105 of the United States Code, this file is not subject to copyright protection and is in the public domain.</dc:rights>
</dublinCore>
</metadata>
<form>
<distribution-code display="no">IB</distribution-code> 
<congress display="yes">One Hundred Eighteenth Congress of the United States of America</congress> 
<session display="yes">At the Second Session</session><enrolled-dateline>Begun and held at the City of Washington on Wednesday, the third day of January, two thousand and twenty-four</enrolled-dateline> 
<legis-num display="yes">H. J. RES. 109</legis-num> 
<current-chamber display="no"></current-chamber> 
<legis-type>JOINT RESOLUTION</legis-type> 
<official-title display="yes">Providing for congressional disapproval under <external-xref legal-doc="usc-chapter" parsable-cite="usc-chapter/5/8">chapter 8</external-xref> of title 5, United States Code, of the rule submitted by the Securities and Exchange Commission relating to <quote>Staff Accounting Bulletin No. 121</quote>.</official-title> 
</form> 
<resolution-body style="traditional" id="HEC2093FC60BC4F9EBECF94A3CB6E79DD"> 
<section display-inline="yes-display-inline" section-type="undesignated-section" id="H38FA281AE70A42259EF8372C6AA561EC"><enum/><text>That Congress disapproves the rule submitted by the Securities and Exchange Commission relating to <quote>Staff Accounting Bulletin No. 121</quote> (87 Fed. Reg. 21015 (April 11, 2022) and a letter of opinion from the Government Accountability Office dated October 31, 2023 (which was printed in the Congressional Record on November 1, 2023, on pages S5310–5312), concluding that such Staff Accounting Bulletin is a rule under <external-xref legal-doc="usc-chapter" parsable-cite="usc-chapter/5/8">chapter 8</external-xref> of title 5, United States Code), and such rule shall have no force or effect.</text></section> </resolution-body> <attestation><attestation-group><role>Speaker of the House of Representatives.</role></attestation-group><attestation-group><role>Vice President of the United States and President of the Senate.</role></attestation-group></attestation> </resolution> 

