<mods xmlns:xlink="http://www.w3.org/1999/xlink" xmlns:xsi="http://www.w3.org/2001/XMLSchema-instance" xmlns="http://www.loc.gov/mods/v3" version="3.3" xsi:schemaLocation="http://www.loc.gov/mods/v3 http://www.loc.gov/standards/mods/v3/mods-3-3.xsd" ID="P0b002ee1c6f5d19c">
    <name type="corporate">
         <namePart>United States Government Publishing Office</namePart>
         <role>
              <roleTerm authority="marcrelator" type="text">publisher</roleTerm>
              <roleTerm authority="marcrelator" type="code">pbl</roleTerm>
        </role>
         <role>
              <roleTerm authority="marcrelator" type="text">distributor</roleTerm>
              <roleTerm authority="marcrelator" type="code">dst</roleTerm>
        </role>
    </name>
    <name type="corporate">
         <namePart>United States</namePart>
         <namePart>Congress</namePart>
         <namePart>House of Representatives</namePart>
         <role>
              <roleTerm authority="marcrelator" type="text">author</roleTerm>
              <roleTerm authority="marcrelator" type="code">aut</roleTerm>
        </role>
         <description>Government Organization</description>
    </name>
    <typeOfResource>text</typeOfResource>
    <genre authority="marcgt">government publication</genre>
    <language>
         <languageTerm type="code" authority="iso639-2b">eng</languageTerm>
    </language>
    <extension>
         <collectionCode>BILLS</collectionCode>
         <searchTitle>Providing for congressional disapproval under chapter 8 of title 5, United States Code, of the rule submitted by the Department of Labor relating to Retirement Security Rule: Definition of an Investment Advice Fiduciary.;H.J. Res. 142 (IH)
    </searchTitle>
         <category>Bills and Statutes</category>
         <waisDatabaseName>118_cong_bills</waisDatabaseName>
         <branch>legislative</branch>
         <dateIngested>2024-05-16</dateIngested>
    </extension>
    <titleInfo>
         <title>Providing for congressional disapproval under chapter 8 of title 5, United States Code, of the rule submitted by the Department of Labor relating to Retirement Security Rule: Definition of an Investment Advice Fiduciary.</title>
    </titleInfo>
    <titleInfo type="alternative">
         <title>H.J. Res. 142 (IH)
    </title>
    </titleInfo>
    <originInfo>
         <publisher>U.S. Government Publishing Office</publisher>
         <dateIssued encoding="w3cdtf">2024-05-15</dateIssued>
         <issuance>monographic</issuance>
    </originInfo>
    <physicalDescription>
         <note type="source content type">deposited</note>
         <digitalOrigin>born digital</digitalOrigin>
         <extent>2 p.</extent>
    </physicalDescription>
    <classification authority="sudocs">Y 1.6:</classification>
    <classification authority="sudocs">Y 1.4/8:</classification>
    <identifier type="local">P0b002ee1c6f5d19c</identifier>
    <identifier type="uri">https://www.govinfo.gov/app/details/BILLS-118hjres142ih</identifier>
    <identifier type="preferred citation">H.J. Res. 142</identifier>
    <identifier type="stock number">021-610-00252-9</identifier>
    <identifier type="Parent ILS system id">000501532</identifier>
    <identifier type="Child ILS system id">000325570</identifier>
    <identifier type="Parent ILS title">Congressional bills</identifier>
    <identifier type="Child ILS title">House joint resolutions</identifier>
    <identifier type="former package identifier">f:hj142_ih.txt</identifier>
    <location>
         <url displayLabel="Content Detail" access="object in context">https://www.govinfo.gov/app/details/BILLS-118hjres142ih</url>
         <url displayLabel="HTML rendition" access="raw object">https://www.govinfo.gov/content/pkg/BILLS-118hjres142ih/html/BILLS-118hjres142ih.htm</url>
         <url displayLabel="PDF rendition" access="raw object">https://www.govinfo.gov/content/pkg/BILLS-118hjres142ih/pdf/BILLS-118hjres142ih.pdf</url>
         <url displayLabel="XML rendition" access="raw object">https://www.govinfo.gov/content/pkg/BILLS-118hjres142ih/xml/BILLS-118hjres142ih.xml</url>
    </location>
    <accessCondition type="GPO scope determination">fdlp</accessCondition>
    <recordInfo>
         <recordContentSource authority="marcorg">DGPO</recordContentSource>
         <recordCreationDate encoding="w3cdtf">2024-05-16</recordCreationDate>
         <recordChangeDate encoding="w3cdtf">2024-05-16</recordChangeDate>
         <recordIdentifier source="DGPO">BILLS-118hjres142ih</recordIdentifier>
         <recordOrigin>machine generated</recordOrigin>
         <languageOfCataloging>
              <languageTerm type="code" authority="iso639-2b">eng</languageTerm>
        </languageOfCataloging>
    </recordInfo>
    <name type="personal">
         <namePart>Rick W. Allen</namePart>
         <affiliation>United States House of Representatives</affiliation>
         <role>
              <roleTerm authority="marcrelator" type="text">sponsor</roleTerm>
              <roleTerm authority="marcrelator" type="code">spn</roleTerm>
        </role>
         <description>United States Congress Member</description>
    </name>
    <name type="personal">
         <namePart>Pete Sessions</namePart>
         <affiliation>United States House of Representatives</affiliation>
         <role>
              <roleTerm type="text">cosponsor</roleTerm>
        </role>
         <description>United States Congress Member</description>
    </name>
    <name type="personal">
         <namePart>Jeff Duncan</namePart>
         <affiliation>United States House of Representatives</affiliation>
         <role>
              <roleTerm type="text">cosponsor</roleTerm>
        </role>
         <description>United States Congress Member</description>
    </name>
    <name type="personal">
         <namePart>Ann Wagner</namePart>
         <affiliation>United States House of Representatives</affiliation>
         <role>
              <roleTerm type="text">cosponsor</roleTerm>
        </role>
         <description>United States Congress Member</description>
    </name>
    <name type="personal">
         <namePart>Ralph Norman</namePart>
         <affiliation>United States House of Representatives</affiliation>
         <role>
              <roleTerm type="text">cosponsor</roleTerm>
        </role>
         <description>United States Congress Member</description>
    </name>
    <name type="personal">
         <namePart>Byron Donalds</namePart>
         <affiliation>United States House of Representatives</affiliation>
         <role>
              <roleTerm type="text">cosponsor</roleTerm>
        </role>
         <description>United States Congress Member</description>
    </name>
    <name type="personal">
         <namePart>Tim Walberg</namePart>
         <affiliation>United States House of Representatives</affiliation>
         <role>
              <roleTerm type="text">cosponsor</roleTerm>
        </role>
         <description>United States Congress Member</description>
    </name>
    <name type="personal">
         <namePart>Kevin Hern</namePart>
         <affiliation>United States House of Representatives</affiliation>
         <role>
              <roleTerm type="text">cosponsor</roleTerm>
        </role>
         <description>United States Congress Member</description>
    </name>
    <name type="personal">
         <namePart>Carol D. Miller</namePart>
         <affiliation>United States House of Representatives</affiliation>
         <role>
              <roleTerm type="text">cosponsor</roleTerm>
        </role>
         <description>United States Congress Member</description>
    </name>
    <name type="personal">
         <namePart>John R. Moolenaar</namePart>
         <affiliation>United States House of Representatives</affiliation>
         <role>
              <roleTerm type="text">cosponsor</roleTerm>
        </role>
         <description>United States Congress Member</description>
    </name>
    <name type="personal">
         <namePart>Lloyd Smucker</namePart>
         <affiliation>United States House of Representatives</affiliation>
         <role>
              <roleTerm type="text">cosponsor</roleTerm>
        </role>
         <description>United States Congress Member</description>
    </name>
    <name type="personal">
         <namePart>Roger Williams</namePart>
         <affiliation>United States House of Representatives</affiliation>
         <role>
              <roleTerm type="text">cosponsor</roleTerm>
        </role>
         <description>United States Congress Member</description>
    </name>
    <name type="personal">
         <namePart>John H. Rutherford</namePart>
         <affiliation>United States House of Representatives</affiliation>
         <role>
              <roleTerm type="text">cosponsor</roleTerm>
        </role>
         <description>United States Congress Member</description>
    </name>
    <name type="personal">
         <namePart>Bruce Westerman</namePart>
         <affiliation>United States House of Representatives</affiliation>
         <role>
              <roleTerm type="text">cosponsor</roleTerm>
        </role>
         <description>United States Congress Member</description>
    </name>
    <name type="personal">
         <namePart>Jim Banks</namePart>
         <affiliation>United States House of Representatives</affiliation>
         <role>
              <roleTerm type="text">cosponsor</roleTerm>
        </role>
         <description>United States Congress Member</description>
    </name>
    <name type="personal">
         <namePart>Julia Letlow</namePart>
         <affiliation>United States House of Representatives</affiliation>
         <role>
              <roleTerm type="text">cosponsor</roleTerm>
        </role>
         <description>United States Congress Member</description>
    </name>
    <name type="personal">
         <namePart>J. French Hill</namePart>
         <affiliation>United States House of Representatives</affiliation>
         <role>
              <roleTerm type="text">cosponsor</roleTerm>
        </role>
         <description>United States Congress Member</description>
    </name>
    <name type="personal">
         <namePart>Tracey Mann</namePart>
         <affiliation>United States House of Representatives</affiliation>
         <role>
              <roleTerm type="text">cosponsor</roleTerm>
        </role>
         <description>United States Congress Member</description>
    </name>
    <name type="personal">
         <namePart>Stephanie I. Bice</namePart>
         <affiliation>United States House of Representatives</affiliation>
         <role>
              <roleTerm type="text">cosponsor</roleTerm>
        </role>
         <description>United States Congress Member</description>
    </name>
    <name type="personal">
         <namePart>Zachary Nunn</namePart>
         <affiliation>United States House of Representatives</affiliation>
         <role>
              <roleTerm type="text">cosponsor</roleTerm>
        </role>
         <description>United States Congress Member</description>
    </name>
    <name type="personal">
         <namePart>Brad Finstad</namePart>
         <affiliation>United States House of Representatives</affiliation>
         <role>
              <roleTerm type="text">cosponsor</roleTerm>
        </role>
         <description>United States Congress Member</description>
    </name>
    <name type="personal">
         <namePart>William R. Timmons IV</namePart>
         <affiliation>United States House of Representatives</affiliation>
         <role>
              <roleTerm type="text">cosponsor</roleTerm>
        </role>
         <description>United States Congress Member</description>
    </name>
    <name type="personal">
         <namePart>John Joyce</namePart>
         <affiliation>United States House of Representatives</affiliation>
         <role>
              <roleTerm type="text">cosponsor</roleTerm>
        </role>
         <description>United States Congress Member</description>
    </name>
    <name type="personal">
         <namePart>Earl L. &quot;Buddy&quot; Carter</namePart>
         <affiliation>United States House of Representatives</affiliation>
         <role>
              <roleTerm type="text">cosponsor</roleTerm>
        </role>
         <description>United States Congress Member</description>
    </name>
    <name type="personal">
         <namePart>David Kustoff</namePart>
         <affiliation>United States House of Representatives</affiliation>
         <role>
              <roleTerm type="text">cosponsor</roleTerm>
        </role>
         <description>United States Congress Member</description>
    </name>
    <name type="personal">
         <namePart>Daniel Meuser</namePart>
         <affiliation>United States House of Representatives</affiliation>
         <role>
              <roleTerm type="text">cosponsor</roleTerm>
        </role>
         <description>United States Congress Member</description>
    </name>
    <name type="corporate">
         <namePart>United States</namePart>
         <namePart>Congress</namePart>
         <namePart>House of Representatives</namePart>
         <namePart>Committee on Education and the Workforce</namePart>
         <role>
              <roleTerm authority="marcrelator" type="text">associated name</roleTerm>
              <roleTerm authority="marcrelator" type="code">asn</roleTerm>
        </role>
    </name>
    <relatedItem type="isReferencedBy">
         <titleInfo>
              <title>United States Code</title>
              <partNumber>Title 5 Chapter 8</partNumber>
        </titleInfo>
         <identifier type="USC citation">5 U.S.C. Chapter 8</identifier>
    </relatedItem>
    <extension>
         <docClass>hjres</docClass>
         <accessId>BILLS-118hjres142ih</accessId>
         <congress>118</congress>
         <session>2</session>
         <originChamber>HOUSE</originChamber>
         <currentChamber>HOUSE</currentChamber>
         <billNumber>142</billNumber>
         <billVersion reprint="false">ih</billVersion>
         <fileSuffix>ih</fileSuffix>
         <officialTitle>Providing for congressional disapproval under chapter 8 of title 5, United States Code, of the rule submitted by the Department of Labor relating to Retirement Security Rule: Definition of an Investment Advice Fiduciary.</officialTitle>
         <action date="2024-05-15">Mr. Allen (for himself, Mr. Sessions, Mr. Duncan, Mrs. Wagner, Mr. Norman, Mr. Donalds, Mr. Walberg, Mr. Hern, Mrs. Miller of West Virginia, Mr. Moolenaar, Mr. Smucker, Mr. Williams of Texas, Mr. Rutherford, Mr. Westerman, Mr. Banks, Ms. Letlow, Mr. Hill, Mr. Mann, Mrs. Bice, Mr. Nunn of Iowa, Mr. Finstad, Mr. Timmons, Mr. Joyce of Pennsylvania, Mr. Carter of Georgia, Mr. Kustoff, and Mr. Meuser) submitted the following joint resolution; which was referred to the Committee on Education and the Workforce</action>
         <congCommittee authorityId="hsed00" chamber="H" congress="118" type="S">
                                
              <name type="authority-standard">Committee on Education and the Workforce</name>
                                
              <name type="authority-short">Education and the Workforce</name>
                            
        </congCommittee>
         <congMember bioGuideId="A000372" chamber="H" congress="118" party="R" role="SPONSOR" state="GA">
                                
              <name type="parsed">Mr. Allen</name>
                                
              <name type="authority-fnf">Rick W. Allen</name>
                                
              <name type="authority-lnf">Allen, Rick W.</name>
                                
              <name type="authority-other">Mr. Rick Allen</name>
                            
        </congMember>
         <congMember bioGuideId="S000250" chamber="H" congress="118" party="R" role="COSPONSOR" state="TX">
                                
              <name type="parsed">Mr. Sessions</name>
                                
              <name type="authority-fnf">Pete Sessions</name>
                                
              <name type="authority-lnf">Sessions, Pete</name>
                            
        </congMember>
         <congMember bioGuideId="D000615" chamber="H" congress="118" party="R" role="COSPONSOR" state="SC">
                                
              <name type="parsed">Mr. Duncan</name>
                                
              <name type="authority-fnf">Jeff Duncan</name>
                                
              <name type="authority-lnf">Duncan, Jeff</name>
                            
        </congMember>
         <congMember bioGuideId="W000812" chamber="H" congress="118" party="R" role="COSPONSOR" state="MO">
                                
              <name type="parsed">Mrs. Wagner</name>
                                
              <name type="authority-fnf">Ann Wagner</name>
                                
              <name type="authority-lnf">Wagner, Ann</name>
                            
        </congMember>
         <congMember bioGuideId="N000190" chamber="H" congress="118" party="R" role="COSPONSOR" state="SC">
                                
              <name type="parsed">Mr. Norman</name>
                                
              <name type="authority-fnf">Ralph Norman</name>
                                
              <name type="authority-lnf">Norman, Ralph</name>
                            
        </congMember>
         <congMember bioGuideId="D000032" chamber="H" congress="118" party="R" role="COSPONSOR" state="FL">
                                
              <name type="parsed">Mr. Donalds</name>
                                
              <name type="authority-fnf">Byron Donalds</name>
                                
              <name type="authority-lnf">Donalds, Byron</name>
                            
        </congMember>
         <congMember bioGuideId="W000798" chamber="H" congress="118" party="R" role="COSPONSOR" state="MI">
                                
              <name type="parsed">Mr. Walberg</name>
                                
              <name type="authority-fnf">Tim Walberg</name>
                                
              <name type="authority-lnf">Walberg, Tim</name>
                            
        </congMember>
         <congMember bioGuideId="H001082" chamber="H" congress="118" party="R" role="COSPONSOR" state="OK">
                                
              <name type="parsed">Mr. Hern</name>
                                
              <name type="authority-fnf">Kevin Hern</name>
                                
              <name type="authority-lnf">Hern, Kevin</name>
                            
        </congMember>
         <congMember bioGuideId="M001205" chamber="H" congress="118" party="R" role="COSPONSOR" state="WV">
                                
              <name type="parsed">Mrs. Miller of West Virginia</name>
                                
              <name type="authority-fnf">Carol D. Miller</name>
                                
              <name type="authority-lnf">Miller, Carol D.</name>
                                
              <name type="authority-other">Mrs. Carol Miller</name>
                            
        </congMember>
         <congMember bioGuideId="M001194" chamber="H" congress="118" party="R" role="COSPONSOR" state="MI">
                                
              <name type="parsed">Mr. Moolenaar</name>
                                
              <name type="authority-fnf">John R. Moolenaar</name>
                                
              <name type="authority-lnf">Moolenaar, John R.</name>
                                
              <name type="authority-other">Mr. John Moolenaar</name>
                            
        </congMember>
         <congMember bioGuideId="S001199" chamber="H" congress="118" party="R" role="COSPONSOR" state="PA">
                                
              <name type="parsed">Mr. Smucker</name>
                                
              <name type="authority-fnf">Lloyd Smucker</name>
                                
              <name type="authority-lnf">Smucker, Lloyd</name>
                            
        </congMember>
         <congMember bioGuideId="W000816" chamber="H" congress="118" party="R" role="COSPONSOR" state="TX">
                                
              <name type="parsed">Mr. Williams of Texas</name>
                                
              <name type="authority-fnf">Roger Williams</name>
                                
              <name type="authority-lnf">Williams, Roger</name>
                            
        </congMember>
         <congMember bioGuideId="R000609" chamber="H" congress="118" party="R" role="COSPONSOR" state="FL">
                                
              <name type="parsed">Mr. Rutherford</name>
                                
              <name type="authority-fnf">John H. Rutherford</name>
                                
              <name type="authority-lnf">Rutherford, John H.</name>
                                
              <name type="authority-other">Mr. John Rutherford</name>
                            
        </congMember>
         <congMember bioGuideId="W000821" chamber="H" congress="118" party="R" role="COSPONSOR" state="AR">
                                
              <name type="parsed">Mr. Westerman</name>
                                
              <name type="authority-fnf">Bruce Westerman</name>
                                
              <name type="authority-lnf">Westerman, Bruce</name>
                            
        </congMember>
         <congMember bioGuideId="B001299" chamber="H" congress="118" party="R" role="COSPONSOR" state="IN">
                                
              <name type="parsed">Mr. Banks</name>
                                
              <name type="authority-fnf">Jim Banks</name>
                                
              <name type="authority-lnf">Banks, Jim</name>
                            
        </congMember>
         <congMember bioGuideId="L000595" chamber="H" congress="118" party="R" role="COSPONSOR" state="LA">
                                
              <name type="parsed">Ms. Letlow</name>
                                
              <name type="authority-fnf">Julia Letlow</name>
                                
              <name type="authority-lnf">Letlow, Julia</name>
                            
        </congMember>
         <congMember bioGuideId="H001072" chamber="H" congress="118" party="R" role="COSPONSOR" state="AR">
                                
              <name type="parsed">Mr. Hill</name>
                                
              <name type="authority-fnf">J. French Hill</name>
                                
              <name type="authority-lnf">Hill, J. French</name>
                            
        </congMember>
         <congMember bioGuideId="M000871" chamber="H" congress="118" party="R" role="COSPONSOR" state="KS">
                                
              <name type="parsed">Mr. Mann</name>
                                
              <name type="authority-fnf">Tracey Mann</name>
                                
              <name type="authority-lnf">Mann, Tracey</name>
                            
        </congMember>
         <congMember bioGuideId="B000740" chamber="H" congress="118" party="R" role="COSPONSOR" state="OK">
                                
              <name type="parsed">Mrs. Bice</name>
                                
              <name type="authority-fnf">Stephanie I. Bice</name>
                                
              <name type="authority-lnf">Bice, Stephanie I.</name>
                                
              <name type="authority-other">Mrs. Stephanie Bice</name>
                            
        </congMember>
         <congMember bioGuideId="N000193" chamber="H" congress="118" party="R" role="COSPONSOR" state="IA">
                                
              <name type="parsed">Mr. Nunn of Iowa</name>
                                
              <name type="authority-fnf">Zachary Nunn</name>
                                
              <name type="authority-lnf">Nunn, Zachary</name>
                            
        </congMember>
         <congMember bioGuideId="F000475" chamber="H" congress="118" party="R" role="COSPONSOR" state="MN">
                                
              <name type="parsed">Mr. Finstad</name>
                                
              <name type="authority-fnf">Brad Finstad</name>
                                
              <name type="authority-lnf">Finstad, Brad</name>
                            
        </congMember>
         <congMember bioGuideId="T000480" chamber="H" congress="118" party="R" role="COSPONSOR" state="SC">
                                
              <name type="parsed">Mr. Timmons</name>
                                
              <name type="authority-fnf">William R. Timmons IV</name>
                                
              <name type="authority-lnf">Timmons, William R.</name>
                                
              <name type="authority-other">Mr. William Timmons IV</name>
                            
        </congMember>
         <congMember bioGuideId="J000302" chamber="H" congress="118" party="R" role="COSPONSOR" state="PA">
                                
              <name type="parsed">Mr. Joyce of Pennsylvania</name>
                                
              <name type="authority-fnf">John Joyce</name>
                                
              <name type="authority-lnf">Joyce, John</name>
                            
        </congMember>
         <congMember bioGuideId="C001103" chamber="H" congress="118" party="R" role="COSPONSOR" state="GA">
                                
              <name type="parsed">Mr. Carter of Georgia</name>
                                
              <name type="authority-fnf">Earl L. &quot;Buddy&quot; Carter</name>
                                
              <name type="authority-lnf">Carter, Earl L. &quot;Buddy&quot;</name>
                                
              <name type="authority-other">Mr. Earl Carter</name>
                            
        </congMember>
         <congMember bioGuideId="K000392" chamber="H" congress="118" party="R" role="COSPONSOR" state="TN">
                                
              <name type="parsed">Mr. Kustoff</name>
                                
              <name type="authority-fnf">David Kustoff</name>
                                
              <name type="authority-lnf">Kustoff, David</name>
                            
        </congMember>
         <congMember bioGuideId="M001204" chamber="H" congress="118" party="R" role="COSPONSOR" state="PA">
                                
              <name type="parsed">Mr. Meuser</name>
                                
              <name type="authority-fnf">Daniel Meuser</name>
                                
              <name type="authority-lnf">Meuser, Daniel</name>
                            
        </congMember>
         <isPrivate>false</isPrivate>
         <isAppropriation>false</isAppropriation>
         <USCode title="5">
                                
              <chapter number="8"></chapter>
                            
        </USCode>
    </extension>
</mods>