<?xml version="1.0"?>
<?xml-stylesheet type="text/xsl" href="billres.xsl"?>
<!DOCTYPE resolution PUBLIC "-//US Congress//DTDs/res.dtd//EN" "res.dtd">
<resolution resolution-stage="Introduced-in-House" dms-id="H866A5C791A564FE5925FD67266EBF3A0" public-private="public" resolution-type="house-concurrent" star-print="no-star-print" key="H"><metadata xmlns:dc="http://purl.org/dc/elements/1.1/">
<dublinCore>
<dc:title>118 HCON 95 IH: Expressing support for the recognition of March 10, 2024, as “Abortion Provider Appreciation Day”.</dc:title>
<dc:publisher>U.S. House of Representatives</dc:publisher>
<dc:date>2024-03-07</dc:date>
<dc:format>text/xml</dc:format>
<dc:language>EN</dc:language>
<dc:rights>Pursuant to Title 17 Section 105 of the United States Code, this file is not subject to copyright protection and is in the public domain.</dc:rights>
</dublinCore>
</metadata>
<form>
<distribution-code display="yes">IV</distribution-code><congress display="yes">118th CONGRESS</congress><session display="yes">2d Session</session><legis-num display="yes">H. CON. RES. 95</legis-num><current-chamber>IN THE HOUSE OF REPRESENTATIVES</current-chamber><action display="yes"><action-date date="20240307">March 7, 2024</action-date><action-desc><sponsor name-id="P000617">Ms. Pressley</sponsor> submitted the following concurrent resolution; which was referred to the <committee-name committee-id="HIF00">Committee on Energy and Commerce</committee-name>, and in addition to the Committee on <committee-name committee-id="HJU00">the Judiciary</committee-name>, for a period to be subsequently determined by the Speaker, in each case for consideration of such provisions as fall within the jurisdiction of the committee concerned</action-desc></action><legis-type>CONCURRENT RESOLUTION</legis-type><official-title display="yes">Expressing support for the recognition of March 10, 2024, as <quote>Abortion Provider Appreciation Day</quote>.</official-title></form><preamble> 
<whereas><text>Whereas March 10 has been established as a day to show appreciation for the essential, high-quality care that abortion providers and staff provide to their communities and those traveling to their communities, and to celebrate their courage, compassion, and dedication to their work;</text></whereas> <whereas><text>Whereas March 10 was selected for <quote>Abortion Provider Appreciation Day</quote> in honor of Dr. David Gunn, who was killed on March 10, 1993, outside his abortion clinic in Pensacola, Florida, by a White supremacist and antiabortion extremist in the first known instance of the murder of an abortion provider;</text></whereas> 
<whereas><text>Whereas abortions are provided in-person and through telehealth by facilities such as independent clinics, Planned Parenthood health care centers, hospitals, and private offices of doctors, and all of the staff working for those facilities are essential to ensuring patients receive needed care;</text></whereas> <whereas><text>Whereas, on June 24, 2022, the Supreme Court of the United States erroneously overturned Roe v. Wade, 410 U.S. 113 (1973), in Dobbs v. Jackson Women’s Health Organization, 597 U.S. 215 (2022) (referred to in this preamble as <quote>the Dobbs decision</quote>), reversing decades of legal precedent affirming the right to an abortion and unleashing devastation on an already precarious abortion access landscape; </text></whereas> 
<whereas><text>Whereas, following the Dobbs decision, States across the United States moved to further restrict access to abortion care and 21 States have banned some or all access to an abortion;</text></whereas> <whereas><text>Whereas, because of State abortion bans and restrictions, scores of clinics and health care centers in already underserved areas have closed, forcing more patients to travel out-of-State for abortion care, increasing wait times, straining already thin resources, and pushing people farther and farther away from their homes;</text></whereas> 
<whereas><text>Whereas abortion providers and all staff play a critical role in a world where it has become increasingly difficult for individuals to receive essential and time-sensitive care once those individuals have made decisions that are right for their bodies, lives, and futures;</text></whereas> <whereas><text>Whereas abortion providers and all staff help to ensure that all individuals who can become pregnant can make their own decisions about their bodies and their pregnancies, and support the decisions of their patients by treating them with dignity, empathy, compassion, and respect, despite numerous challenges due to abortion bans and restrictions;</text></whereas> 
<whereas><text>Whereas abortion providers and all staff play an essential role within the reproductive justice framework, which was created by 12 Black women in 1994, who formulated a human rights framework that demands every person has the human right to bodily autonomy, which includes the right to choose if, when, and how to have children and the right to parent children in safe and sustainable communities;</text></whereas> <whereas><text>Whereas individuals seeking abortion care across the United States also rely on the work of abortion funds and practical support organizations to access abortion care for themselves and their families;</text></whereas> 
<whereas><text>Whereas abortion funds and practical support organizations that rely on donations face increasing demand following the Dobbs decision as individuals are forced to travel longer distances, find childcare or lodging, and raise money to obtain an abortion and cover associated costs;</text></whereas> <whereas><text>Whereas restrictions on abortion care have far-reaching consequences that deepen existing inequities and worsen health outcomes for pregnant people and people giving birth;</text></whereas> 
<whereas commented="no"><text display-inline="yes-display-inline">Whereas people who are denied abortion care are more likely to experience high blood pressure and other serious medical conditions during the end of pregnancy, remain in relationships where interpersonal violence is present, and experience poverty;</text></whereas> <whereas><text>Whereas research shows that States that have more abortion restrictions are also States that have poorer maternal health outcomes;</text></whereas> 
<whereas><text>Whereas the effects of the Dobbs decision were immediate and disastrous, with abortion being entirely banned in 14 States as of March 2024;</text></whereas> <whereas commented="no"><text display-inline="yes-display-inline">Whereas 1 in 3 women of reproductive age, plus more trans and nonbinary people, are blocked from accessing an abortion in their home State;</text></whereas> 
<whereas><text>Whereas restricting and banning access to abortion care—</text> <paragraph id="idf2458f70527b463e8ec3fa4138f6d171"><enum>(1)</enum><text>limits the ability of current and future providers to obtain necessary education and training in abortion care;</text></paragraph> 
<paragraph commented="no" display-inline="no-display-inline" id="id30a8f5f2cc814b29aa934510f354cf27"><enum>(2)</enum><text display-inline="yes-display-inline">exposes the remaining abortion providers and clinic staff to increased levels of harassment and politically motivated restrictions; and</text></paragraph> <paragraph commented="no" display-inline="no-display-inline" id="idbc92323b81f74138805cd3950048bd50"><enum>(3)</enum><text>creates and increases the out-of-pocket costs and logistical burdens that patients face to get care to a level that is sometimes insurmountable, forcing patients to remain pregnant;</text></paragraph></whereas> 
<whereas><text>Whereas the 2022 Violence and Disruption Report of the National Abortion Federation found an alarming escalation in incidents of obstruction, vandalism, and trespassing at abortion clinics, with abortion providers reporting an alarming rate of death threats and threats of harm, and documented 218 incidents in 2022;</text></whereas> <whereas><text>Whereas Black, indigenous, and other providers and patients of color face heightened levels of threats, harassment, and violence as compared to their White counterparts;</text></whereas> 
<whereas><text>Whereas the Dobbs decision has emboldened antiabortion individuals and groups to continue to harass providers and the patients they care for;</text></whereas> <whereas><text>Whereas the Dobbs decision threatens the ability of abortion providers and staff to serve their patients; and</text></whereas> 
<whereas><text>Whereas, in the face of multifaceted attacks on their work, abortion providers remain an essential and valued part of their communities, providing high-quality, compassionate, and necessary health care, and courageously delivering that care despite pressures, restrictions, political interference, and violent threats to their personal safety: Now, therefore, be it </text></whereas></preamble><resolution-body style="traditional" id="H16239DDFBEC64CF3AEE398A7D9DC7B81"> <section display-inline="yes-display-inline" section-type="undesignated-section" id="HC82C41697547443DB25D9F024C715A1C"><text>That Congress—</text> 
<paragraph id="H9DD5A16D5556435483B4B814CD35B02A"><enum>(1)</enum><text>recognizes <quote>Abortion Provider Appreciation Day</quote> to celebrate the courage, compassion, and high-quality care that abortion providers and staff offer to patients and their families across the United States;</text></paragraph> <paragraph id="H63731527A15C488983EE8E8F20A938F5"><enum>(2)</enum><text>lauds communities across the United States who are proud to be home to abortion providers and staff;</text></paragraph> 
<paragraph id="HB3B39FA5F0354275B3DF4BA36F5E0AA8"><enum>(3)</enum><text>affirms the commitment of Congress to ensuring the safety of abortion providers, the ability of abortion providers to continue providing the essential care their patients need, and the right of patients to access abortion care no matter where they live, free from fear of violence, criminalization, or stigma;</text></paragraph> <paragraph id="H16E30F51A56F4846994A39F025BA5141"><enum>(4)</enum><text>condemns the decisions of the Supreme Court of the United States to limit abortion care, which has had a devastating impact on abortion providers and the communities they care for, threatening the work and livelihoods of providers and staff, and worsening the strain on providers who work in States where abortion is still available; and</text></paragraph> 
<paragraph id="H965936DFDB2941619FAEDB32D7CAA224"><enum>(5)</enum><text>declares a vision for a future liberated from all abortion restrictions and bans, and affirms the commitment of Congress to working toward that goal in partnership with providers, patients, advocates, and their communities. </text></paragraph></section> </resolution-body></resolution>

