<?xml version="1.0"?>
<?xml-stylesheet type="text/xsl" href="billres.xsl"?>
<!DOCTYPE resolution PUBLIC "-//US Congress//DTDs/res.dtd//EN" "res.dtd">
<resolution resolution-stage="Introduced-in-House" dms-id="HBD3C3EEDF10643DCB29402A2FA8517B9" public-private="public" resolution-type="house-concurrent" star-print="no-star-print" key="H"><metadata xmlns:dc="http://purl.org/dc/elements/1.1/">
<dublinCore>
<dc:title>118 HCON 119 IH: Expressing the sense of Congress that wrongfully or unjustly deported people who have established significant ties through years of life in the United States deserve a chance to come home to reunite with loved ones through a fair and central process within the Department of Homeland Security.</dc:title>
<dc:publisher>U.S. House of Representatives</dc:publisher>
<dc:date>2024-07-10</dc:date>
<dc:format>text/xml</dc:format>
<dc:language>EN</dc:language>
<dc:rights>Pursuant to Title 17 Section 105 of the United States Code, this file is not subject to copyright protection and is in the public domain.</dc:rights>
</dublinCore>
</metadata>
<form>
<distribution-code display="yes">IV</distribution-code><congress display="yes">118th CONGRESS</congress><session display="yes">2d Session</session><legis-num display="yes">H. CON. RES. 119</legis-num><current-chamber>IN THE HOUSE OF REPRESENTATIVES</current-chamber><action display="yes"><action-date date="20240710">July 10, 2024</action-date><action-desc><sponsor name-id="C001061">Mr. Cleaver</sponsor> (for himself, <cosponsor name-id="E000297">Mr. Espaillat</cosponsor>, <cosponsor name-id="T000483">Mr. Trone</cosponsor>, <cosponsor name-id="G000551">Mr. Grijalva</cosponsor>, <cosponsor name-id="B001300">Ms. Barragán</cosponsor>, <cosponsor name-id="V000130">Mr. Vargas</cosponsor>, <cosponsor name-id="W000808">Ms. Wilson of Florida</cosponsor>, <cosponsor name-id="W000788">Ms. Williams of Georgia</cosponsor>, <cosponsor name-id="R000617">Mrs. Ramirez</cosponsor>, <cosponsor name-id="W000822">Mrs. Watson Coleman</cosponsor>, <cosponsor name-id="V000081">Ms. Velázquez</cosponsor>, <cosponsor name-id="J000032">Ms. Jackson Lee</cosponsor>, <cosponsor name-id="N000147">Ms. Norton</cosponsor>, and <cosponsor name-id="M000312">Mr. McGovern</cosponsor>) submitted the following concurrent resolution; which was referred to the <committee-name committee-id="HJU00">Committee on the Judiciary</committee-name></action-desc></action><legis-type>CONCURRENT RESOLUTION</legis-type><official-title display="yes">Expressing the sense of Congress that wrongfully or unjustly deported people who have established significant ties through years of life in the United States deserve a chance to come home to reunite with loved ones through a fair and central process within the Department of Homeland Security.</official-title></form><preamble><whereas><text>Whereas the United States has deported over 2,000,000 people in the last 10 years, and not every deportation was fair, just, or accurate under Federal law;</text></whereas><whereas><text>Whereas many of those wrongfully or unjustly deported have resided in the United States for years or even decades, raising their families, building their own businesses, and contributing to their communities and the United States economy;</text></whereas><whereas><text>Whereas the Supreme Court recognizes deportation to be a <quote>particularly harsh penalty</quote> and <quote>the severity of deportation</quote> as <quote>the equivalent of banishment or exile</quote> (Padilla v. Kentucky, 559 U.S. 356 at 365, 373 (2010));</text></whereas><whereas><text>Whereas nearly all people who were deported on the basis of an unjust removal order, or who have a new claim to lawful status since their deportation, have no avenue to meaningfully present their case to return home and reunite with their loved ones in the United States;</text></whereas><whereas><text>Whereas Congress offers limited, but critical, procedures within United States immigration law for allowing wrongfully or unjustly deported people to seek return to the United States following deportation, but in practice, these mechanisms are difficult to access, onerous to navigate, and rarely result in permission to return;</text></whereas><whereas><text>Whereas people wrongfully or unjustly deported from the United States include—</text><paragraph id="HCB92A8D144BD4F5B9CCA7FCDA2B88FA9"><enum>(1)</enum><text display-inline="yes-display-inline">people who have been separated from their children, families, and loved ones after residing in the United States for years or decades;</text></paragraph><paragraph id="H831E5FCBE9DD417EA39C966A38121C10"><enum>(2)</enum><text>recipients of the Deferred Action for Childhood Arrivals (DACA) program who lost their status as a result of protracted litigation related to the program;</text></paragraph><paragraph id="HE186E923469B4A90BA4C10539645A682"><enum>(3)</enum><text>people targeted for deportation as retaliation for exercising their First Amendment right to protest conditions in the immigration system;</text></paragraph><paragraph id="H511E526325104922985C78A22EA54B90"><enum>(4)</enum><text>people who succeeded in winning their immigration cases subsequent to deportation, but are still unable to return;</text></paragraph><paragraph id="H613BB895BFD148D6967AC700DAF02483"><enum>(5)</enum><text>people deported for past nonviolent criminal convictions who have subsequently demonstrated a commitment to renewal and to their community;</text></paragraph><paragraph id="HF10B79E055434C19B94CD59D25BB4EDA"><enum>(6)</enum><text>people whose criminal convictions that were the basis of deportation have been expunged or pardoned; and</text></paragraph><paragraph id="H2021650B26F34F47807D03867B77A90F"><enum>(7)</enum><text>veterans who served the United States;</text></paragraph></whereas><whereas><text>Whereas deportation, by permanently separating people from their children, spouses, and communities, leads to destabilizing and enduring poverty, food and housing insecurity, and irreparable psychological harm to children left behind;</text></whereas><whereas><text>Whereas many deported people are sent back to dangerous conditions that put their life and well-being at significant risk, or to places where they have no personal ties at all;</text></whereas><whereas><text>Whereas the harms of deportation disproportionately affect Black and brown immigrant families, who are overrepresented within the deportation system;</text></whereas><whereas><text>Whereas the Immigration Nationality Act, relevant regulations, and agency policy, as written, do include certain legal mechanisms and avenues designed to allow a person to make a case for return subsequent to deportation, including through procedures to reopen a closed immigration court case, to effectuate return upon prevailing on an appeal, or to seek discretionary authority to return;</text></whereas><whereas><text>Whereas these mechanisms that Congress and the agency intended for remedying wrongful or unjust deportations are largely ineffective and insufficient due to a decentralized review process, associated lengthy wait times, complicated and opaque application procedures, little to no access to counsel, and a lack of resources for line-level decision makers with the Department of Homeland Security to meaningfully consider such requests;</text></whereas><whereas><text>Whereas a centralized, dedicated unit within the Department of Homeland Security that offers a fair and independent process for reviewing applications from individuals seeking to return to the United States following a wrongful or unjust deportation would ensure greater fairness and consistency in adjudication, alleviate the burden on individual government attorneys and immigration courts, and reorient the Department of Homeland Security toward remedying past wrongful or unjust decisions to deport;</text></whereas><whereas><text>Whereas such a centralized, dedicated Department of Homeland Security unit focused on considering requests to return from wrongfully or unjustly deported people could utilize the legal and discretionary authority already provided under Federal law to facilitate the return of those whose removal orders were contrary to law or justice;</text></whereas><whereas><text>Whereas the Department of Homeland Security has already established a successful central removal review unit, known as <quote>ImmVets</quote>, for the repatriation of wrongfully or unjustly deported United States veterans, including approximately 100 that have returned to the United States postdeportation, demonstrating the feasibility and effectiveness of such an approach;</text></whereas><whereas><text>Whereas establishing a centralized unit to review requests to return to the United States from other people who have been wrongfully or unjustly deported is wholly within the Department of Homeland Security’s broad legal authority and would bring fairness and credibility to the United States immigration system; and</text></whereas><whereas><text>Whereas bringing home wrongfully or unjustly deported fathers, mothers, community leaders, and workers is essential for moving toward an immigration system that prioritizes family unity, community well-being, economic prosperity, and basic due process: Now, therefore, be it</text></whereas></preamble><resolution-body style="traditional" id="H9AAD75C6B4C1482C9272AA2054A8EBE2"><section display-inline="yes-display-inline" section-type="undesignated-section" id="HDD54B181EFA34C0B9890ED4545A0D0F9"><enum/><text display-inline="yes-display-inline">That it is the sense of Congress that wrongfully or unjustly deported people deserve a meaningful chance to come home to reunite with their loved ones through a centralized unit within the United States Department of Homeland Security dedicated to reviewing requests for return to the United States.</text></section></resolution-body></resolution> 

