<?xml version="1.0"?>
<?xml-stylesheet type="text/xsl" href="billres.xsl"?>
<!DOCTYPE resolution PUBLIC "-//US Congress//DTDs/res.dtd//EN" "res.dtd">
<resolution resolution-stage="Introduced-in-House" dms-id="H10E7EB5B13AC4E25A400935C873AACB3" public-private="public" resolution-type="house-joint" star-print="no-star-print" key="H"><metadata xmlns:dc="http://purl.org/dc/elements/1.1/">
<dublinCore>
<dc:title>118 HJ 45 IH: Providing for congressional disapproval under chapter 8 of title 5, United States Code, of the rule submitted by the Department of Education relating to “Waivers and Modifications of Federal Student Loans”.</dc:title>
<dc:publisher>U.S. House of Representatives</dc:publisher>
<dc:date>2023-03-27</dc:date>
<dc:format>text/xml</dc:format>
<dc:language>EN</dc:language>
<dc:rights>Pursuant to Title 17 Section 105 of the United States Code, this file is not subject to copyright protection and is in the public domain.</dc:rights>
</dublinCore>
</metadata>
<form>
<distribution-code display="yes">IA</distribution-code><congress display="yes">118th CONGRESS</congress><session display="yes">1st Session</session><legis-num display="yes">H. J. RES. 45</legis-num><current-chamber>IN THE HOUSE OF REPRESENTATIVES</current-chamber><action display="yes"><action-date date="20230327">March 27, 2023</action-date><action-desc><sponsor name-id="G000595">Mr. Good of Virginia</sponsor> (for himself, <cosponsor name-id="F000450">Ms. Foxx</cosponsor>, <cosponsor name-id="W000795">Mr. Wilson of South Carolina</cosponsor>, <cosponsor name-id="W000798">Mr. Walberg</cosponsor>, <cosponsor name-id="G000576">Mr. Grothman</cosponsor>, <cosponsor name-id="S001196">Ms. Stefanik</cosponsor>, <cosponsor name-id="A000372">Mr. Allen</cosponsor>, <cosponsor name-id="B001299">Mr. Banks</cosponsor>, <cosponsor name-id="S001199">Mr. Smucker</cosponsor>, <cosponsor name-id="O000086">Mr. Owens</cosponsor>, <cosponsor name-id="M001136">Mrs. McClain</cosponsor>, <cosponsor name-id="M001211">Mrs. Miller of Illinois</cosponsor>, <cosponsor name-id="L000595">Ms. Letlow</cosponsor>, <cosponsor name-id="B001314">Mr. Bean of Florida</cosponsor>, <cosponsor name-id="B001316">Mr. Burlison</cosponsor>, <cosponsor name-id="H001093">Mrs. Houchin</cosponsor>, <cosponsor name-id="C001120">Mr. Crenshaw</cosponsor>, <cosponsor name-id="D000615">Mr. Duncan</cosponsor>, <cosponsor name-id="E000246">Mr. Edwards</cosponsor>, <cosponsor name-id="E000235">Mr. Ezell</cosponsor>, <cosponsor name-id="G000593">Mr. Gimenez</cosponsor>, <cosponsor name-id="N000190">Mr. Norman</cosponsor>, <cosponsor name-id="H001096">Ms. Hageman</cosponsor>, <cosponsor name-id="L000564">Mr. Lamborn</cosponsor>, <cosponsor name-id="H001082">Mr. Hern</cosponsor>, <cosponsor name-id="R000609">Mr. Rutherford</cosponsor>, <cosponsor name-id="S001189">Mr. Austin Scott of Georgia</cosponsor>, <cosponsor name-id="M000871">Mr. Mann</cosponsor>, <cosponsor name-id="M001210">Mr. Murphy</cosponsor>, <cosponsor name-id="M001215">Mrs. Miller-Meeks</cosponsor>, <cosponsor name-id="P000048">Mr. Pfluger</cosponsor>, <cosponsor name-id="C000059">Mr. Calvert</cosponsor>, <cosponsor name-id="F000465">Mr. Ferguson</cosponsor>, <cosponsor name-id="S001195">Mr. Smith of Missouri</cosponsor>, <cosponsor name-id="D000032">Mr. Donalds</cosponsor>, <cosponsor name-id="P000605">Mr. Perry</cosponsor>, <cosponsor name-id="P000599">Mr. Posey</cosponsor>, <cosponsor name-id="A000375">Mr. Arrington</cosponsor>, <cosponsor name-id="S000929">Mrs. Spartz</cosponsor>, <cosponsor name-id="G000591">Mr. Guest</cosponsor>, <cosponsor name-id="G000377">Ms. Granger</cosponsor>, and <cosponsor name-id="B001302">Mr. Biggs</cosponsor>) submitted the following joint resolution; which was referred to the <committee-name committee-id="HED00">Committee on Education and the Workforce</committee-name></action-desc></action><legis-type>JOINT RESOLUTION</legis-type><official-title display="yes">Providing for congressional disapproval under <external-xref legal-doc="usc-chapter" parsable-cite="usc-chapter/5/8">chapter 8</external-xref> of title 5, United States Code, of the rule submitted by the Department of Education relating to <quote>Waivers and Modifications of Federal Student Loans</quote>.</official-title></form><resolution-body style="traditional" id="H2935CC0E71BC4B34B24BE97E21F00A37"> 
<section display-inline="yes-display-inline" id="H4088935F431347FAA5BC1A165CBC850F" section-type="undesignated-section"><text> That Congress disapproves the rule submitted by the Department of Education relating to <quote>Waivers and Modifications of Federal Student Loans</quote> (including the website announcement entitled <quote>One-Time Federal Student Loan Debt Relief</quote> and the Federal Register document entitled <quote>Federal Student Aid Programs (Federal Perkins Loan Program, Federal Family Education Loan Program, and William D. Ford Federal Direct Loan Program)</quote> 87 Fed. Reg. 61512 (Oct. 12, 2022)), and printed in the Congressional Record on March 22, 2023, on pages S903–S906, along with a letter of opinion from the Government Accountability Office dated March 17, 2023, that the Waivers and Modifications are a rule under the Congressional Review Act, and such rule shall have no force or effect. </text></section> </resolution-body></resolution>

