<?xml version="1.0"?>
<?xml-stylesheet type="text/xsl" href="billres.xsl"?>
<!DOCTYPE resolution PUBLIC "-//US Congress//DTDs/res.dtd//EN" "res.dtd">
<resolution resolution-stage="Introduced-in-House" dms-id="H9054FCE7F7D9466FA42EE346DC05C0E4" public-private="public" resolution-type="house-concurrent" star-print="no-star-print" key="H"><metadata xmlns:dc="http://purl.org/dc/elements/1.1/">
<dublinCore>
<dc:title>118 HCON 82 IH: Recognizing and supporting the efforts of the New Heights Bid Committee to bring the 2027 Fédération Internationale de Football Association (FIFA) Women’s World Cup competition to the United States and Mexico.</dc:title>
<dc:publisher>U.S. House of Representatives</dc:publisher>
<dc:date>2024-01-17</dc:date>
<dc:format>text/xml</dc:format>
<dc:language>EN</dc:language>
<dc:rights>Pursuant to Title 17 Section 105 of the United States Code, this file is not subject to copyright protection and is in the public domain.</dc:rights>
</dublinCore>
</metadata>
<form>
<distribution-code display="yes">IV</distribution-code><congress display="yes">118th CONGRESS</congress><session display="yes">2d Session</session><legis-num display="yes">H. CON. RES. 82</legis-num><current-chamber>IN THE HOUSE OF REPRESENTATIVES</current-chamber><action display="yes"><action-date date="20240117">January 17, 2024</action-date><action-desc><sponsor name-id="L000585">Mr. LaHood</sponsor> (for himself, <cosponsor name-id="L000560">Mr. Larsen of Washington</cosponsor>, <cosponsor name-id="B001298">Mr. Bacon</cosponsor>, and <cosponsor name-id="C001066">Ms. Castor of Florida</cosponsor>) submitted the following concurrent resolution; which was referred to the <committee-name committee-id="HFA00">Committee on Foreign Affairs</committee-name></action-desc></action><legis-type>CONCURRENT RESOLUTION</legis-type><official-title display="yes">Recognizing and supporting the efforts of the New Heights Bid Committee to bring the 2027 F&#233;d&#233;ration Internationale de Football Association (FIFA) Women&#8217;s World Cup competition to the United States and Mexico.</official-title></form><preamble> 
<whereas><text>Whereas women’s soccer is one of the fastest growing and most popular sports in the world, and the Fédération Internationale de Football Association (referred to in this resolution as <quote>FIFA</quote>) Women’s World Cup competition is the single most important women’s event in that sport;</text></whereas> <whereas><text>Whereas the United States has successfully hosted the FIFA Women’s World Cup twice, with the 1999 FIFA Women's World Cup Final attendance record of 90,185 remaining unbroken today;</text></whereas> 
<whereas><text>Whereas the 1999 FIFA Women’s World Cup competition served as a catalyst for the increased popularity and development of the game throughout the United States, as well as the introduction of the first women’s professional soccer league, the Women’s United Soccer Association;</text></whereas> <whereas><text>Whereas the United States Soccer Federation and its counterpart in Mexico have established a New Heights Bid Committee to prepare and submit a joint bid to host the 2027 FIFA Women’s World Cup competition in North America;</text></whereas> 
<whereas><text>Whereas the United States and Mexico share core beliefs in justice, freedom, equality, and opportunity and have a long history of partnership, innovation, and growth together on our shared continent;</text></whereas> <whereas><text>Whereas the 2027 FIFA Women’s World Cup will be the tenth edition of the FIFA Women’s World Cup and will include teams from 32 nations and presents an opportunity for the United States and Mexico as host countries to demonstrate the highest achievable standards and serve as a benchmark for future organizers;</text></whereas> 
<whereas><text>Whereas North America is home to one of the most competitive and advanced professional sports landscapes in the world that is continually updating to take advantage of the latest innovations and modernizations;</text></whereas> <whereas><text>Whereas numerous cities of the United States have been named by the New Heights Bid Committee as candidates to serve as hosts to FIFA Women’s World Cup matches in 2027, with each of these cities embodying the diversity and enthusiasm shared by the entire Nation and guaranteeing each participating team and its followers a <quote>home team</quote> atmosphere;</text></whereas> 
<whereas><text>Whereas the United States and its neighbor offer FIFA a valuable and receptive market to further develop the sport of soccer, which in turn will have significant impact on and off the field in both the United States and throughout the world;</text></whereas> <whereas><text>Whereas the United States possesses all necessary state-of-the-art infrastructure in its stadiums and potential host cities to ensure that the competition sets a new standard of quality, comfort, security, and safety for players, officials, spectators, media, and sponsors alike;</text></whereas> 
<whereas><text>Whereas hosting the 2027 FIFA Women’s World Cup in the United States and Mexico promises to set attendance and financial records, allowing revenues and tourism generated by the competition to be used for the further development of soccer and economic growth throughout the United States;</text></whereas> <whereas><text>Whereas hosting the 2027 FIFA Women’s World Cup competition in the United States and Mexico would serve as a tremendous impetus for national and international goodwill, as the competition would bring people from many nations, along with a diverse public, together under one banner of peace, friendship, and spirited and fair competition;</text></whereas> 
<whereas><text>Whereas the historical tradition of inclusivity in the United States is shared by Mexico, and the countries are eager to welcome the players, spectators, and visitors who may travel to North America for the 2027 FIFA Women’s World Cup competition;</text></whereas> <whereas><text>Whereas the United States Soccer Federation is working with the Mexico Football Association to submit a 2027 Women’s World Cup bid that would raise the expectations for investment of FIFA, commercial partners, and others in order to craft the largest women’s sporting event in the history of the world, demonstrating gender equality with both countries hosting back-to-back Men’s and Women’s World Cups; and</text></whereas> 
<whereas><text>Whereas pursuant to FIFA bidding procedures, the President and certain Federal agencies have been asked to issue guarantees that, upon authorization or appropriation by Congress, would establish the conditions required to help make the 2027 FIFA Women’s World Cup competition the most successful in history: Now, therefore, be it </text></whereas></preamble><resolution-body style="traditional" id="HA8A7F5DFA5C14BBA8639AB2B51AE88AD"> <section display-inline="yes-display-inline" section-type="undesignated-section" id="HDF97098A44BD4979A7F7B58387C11EF1"><text>That Congress—</text> 
<paragraph id="H3675E2B54CE84A88930722684D9066C6"><enum>(1)</enum><text>recognizes and supports the efforts of the New Heights Bid Committee to bring the 2027 FIFA Women’s World Cup competition to the United States and Mexico;</text></paragraph> <paragraph id="H8313EDCFAB65456FAED500F1F3C2277E"><enum>(2)</enum><text>encourages the President and appropriate Federal agencies to support the New Heights Bid Committee in its efforts to meet all requirements for the United States to jointly host with Mexico the 2027 FIFA Women’s World Cup competition; and</text></paragraph> 
<paragraph id="HE853EAB294C94800BBDD6B176EC0B87F"><enum>(3)</enum><text>stands prepared to give full consideration to legislative proposals or other requests by the President to provide support related to the 2027 FIFA Women’s World Cup competition if the United States and Mexico are selected to host this event. </text></paragraph></section> </resolution-body></resolution>

