<?xml version="1.0"?>
<?xml-stylesheet type="text/xsl" href="billres.xsl"?>
<!DOCTYPE resolution PUBLIC "-//US Congress//DTDs/res.dtd//EN" "res.dtd">
<resolution resolution-stage="Introduced-in-House" dms-id="H2BF74B81FE554C1180761DCEE69DB026" public-private="public" resolution-type="house-joint" star-print="no-star-print" key="H"><metadata xmlns:dc="http://purl.org/dc/elements/1.1/">
<dublinCore>
<dc:title>118 HJ 168 IH: Providing for congressional disapproval under chapter 8 of title 5, United States Code, of the rule submitted by the Council on Environmental Quality relating to “National Environmental Policy Act Implementing Regulations Revisions Phase 2”.</dc:title>
<dc:publisher>U.S. House of Representatives</dc:publisher>
<dc:date>2024-06-18</dc:date>
<dc:format>text/xml</dc:format>
<dc:language>EN</dc:language>
<dc:rights>Pursuant to Title 17 Section 105 of the United States Code, this file is not subject to copyright protection and is in the public domain.</dc:rights>
</dublinCore>
</metadata>
<form>
<distribution-code display="yes">IA</distribution-code><congress display="yes">118th CONGRESS</congress><session display="yes">2d Session</session><legis-num display="yes">H. J. RES. 168</legis-num><current-chamber>IN THE HOUSE OF REPRESENTATIVES</current-chamber><action display="yes"><action-date date="20240618">June 18, 2024</action-date><action-desc><sponsor name-id="G000577">Mr. Graves of Louisiana</sponsor> (for himself, <cosponsor name-id="D000633">Mr. Duarte</cosponsor>, <cosponsor name-id="C001114">Mr. Curtis</cosponsor>, <cosponsor name-id="M001215">Mrs. Miller-Meeks</cosponsor>, <cosponsor name-id="S001212">Mr. Stauber</cosponsor>, <cosponsor name-id="A000377">Mr. Armstrong</cosponsor>, <cosponsor name-id="G000592">Mr. Golden of Maine</cosponsor>, <cosponsor name-id="B000740">Mrs. Bice</cosponsor>, <cosponsor name-id="C001103">Mr. Carter of Georgia</cosponsor>, <cosponsor name-id="B001248">Mr. Burgess</cosponsor>, <cosponsor name-id="L000564">Mr. Lamborn</cosponsor>, <cosponsor name-id="H001067">Mr. Hudson</cosponsor>, and <cosponsor name-id="R000614">Mr. Roy</cosponsor>) submitted the following joint resolution; which was referred to the <committee-name committee-id="HII00">Committee on Natural Resources</committee-name></action-desc></action><legis-type>JOINT RESOLUTION</legis-type><official-title display="yes">Providing for congressional disapproval under <external-xref legal-doc="usc-chapter" parsable-cite="usc-chapter/5/8">chapter 8</external-xref> of title 5, United States Code, of the rule submitted by the Council on Environmental Quality relating to <quote>National Environmental Policy Act Implementing Regulations Revisions Phase 2</quote>.</official-title></form><resolution-body style="traditional" id="HDEE5C52C44C54D81852B4BFCF7FB4D71"><section display-inline="yes-display-inline" section-type="undesignated-section" id="H6370EBE7B5974B06B3F1A4C5A98B32DE"><enum/><text display-inline="yes-display-inline">That Congress disapproves the rule submitted by the Council on Environmental Quality relating to <quote>National Environmental Policy Act Implementing Regulations Revisions Phase 2</quote> (89 Fed. Reg. 35442 (May 1, 2024)), and such rule shall have no force or effect.</text></section></resolution-body></resolution> 

