<?xml version="1.0"?>
<?xml-stylesheet type="text/xsl" href="billres.xsl"?>
<!DOCTYPE resolution PUBLIC "-//US Congress//DTDs/res.dtd//EN" "res.dtd">
<resolution resolution-stage="Introduced-in-House" dms-id="H5293986657424D978066D47418C7EF72" public-private="public" resolution-type="house-concurrent" star-print="no-star-print" key="H"><metadata xmlns:dc="http://purl.org/dc/elements/1.1/">
<dublinCore>
<dc:title>117 HCON 27 IH: Condemning Russia’s unjust and arbitrary detention of Russian opposition leader Vladimir Kara-Murza who has stood up in defense of democracy, the rule of law, and free and fair elections in Russia.</dc:title>
<dc:publisher>U.S. House of Representatives</dc:publisher>
<dc:date>2023-03-23</dc:date>
<dc:format>text/xml</dc:format>
<dc:language>EN</dc:language>
<dc:rights>Pursuant to Title 17 Section 105 of the United States Code, this file is not subject to copyright protection and is in the public domain.</dc:rights>
</dublinCore>
</metadata>
<form>
<distribution-code display="yes">IV</distribution-code><congress display="yes">118th CONGRESS</congress><session display="yes">1st Session</session><legis-num display="yes">H. CON. RES. 27</legis-num><current-chamber>IN THE HOUSE OF REPRESENTATIVES</current-chamber><action display="yes"><action-date date="20230323">March 23, 2023</action-date><action-desc><sponsor name-id="K000375">Mr. Keating</sponsor> (for himself, <cosponsor name-id="K000398">Mr. Kean of New Jersey</cosponsor>, <cosponsor name-id="C001068">Mr. Cohen</cosponsor>, <cosponsor name-id="W000795">Mr. Wilson of South Carolina</cosponsor>, <cosponsor name-id="Q000023">Mr. Quigley</cosponsor>, <cosponsor name-id="L000551">Ms. Lee of California</cosponsor>, <cosponsor name-id="S000522">Mr. Smith of New Jersey</cosponsor>, <cosponsor name-id="M001217">Mr. Moskowitz</cosponsor>, <cosponsor name-id="M000312">Mr. McGovern</cosponsor>, and <cosponsor name-id="S000344">Mr. Sherman</cosponsor>) submitted the following concurrent resolution; which was referred to the <committee-name committee-id="HFA00">Committee on Foreign Affairs</committee-name></action-desc></action><legis-type>CONCURRENT RESOLUTION</legis-type><official-title display="yes">Condemning Russia’s unjust and arbitrary detention of Russian opposition leader Vladimir Kara-Murza who has stood up in defense of democracy, the rule of law, and free and fair elections in Russia.</official-title></form><preamble><whereas><text>Whereas, on April 11, 2022, Vladimir Kara-Murza was unjustly detained by Russian authorities for spreading supposedly <quote>false information</quote> in a speech in March 2022 to the Arizona House of Representatives;</text></whereas><whereas><text>Whereas Mr. Kara-Murza in his March 15, 2022, speech presented a defiant condemnation of Vladimir Putin’s policies and leadership outlining his corruption and malign intentions, and condemning the illegal war of aggression Putin has unleashed against Ukraine; </text></whereas><whereas><text>Whereas, prior to his arrest in April 2022, Mr. Kara-Murza was poisoned twice by agents of the Russian Government and the Russian Federation in 2015 and 2017 with a military-grade agent banned internationally, likely in retaliation for his defiant stance in support of rule of law and democracy in Russia;</text></whereas><whereas><text>Whereas, despite having survived two assassination attempts and the subsequent side effects of these poisonings, Mr. Kara-Murza regularly returned to Russia to advocate for democratic representation in Russia;</text></whereas><whereas><text>Whereas Mr. Kara-Murza has consistently advocated for democracy in Russia and insisted that democracy in Russia must be advanced by Russians for all those living in Russia;</text></whereas><whereas><text>Whereas, in August 2022, new charges were brought against Mr. Kara-Murza for <quote>carrying out the activities</quote> of an <quote>undesirable foreign organization</quote> and his arrest was extended for his work as a leading member of Russian civil society;</text></whereas><whereas><text>Whereas, in October 2022, Mr. Kara-Murza was further charged unjustly with <quote>high treason</quote> in part due to his public condemnations of the Kremlin’s military aggression on Ukraine and domestic repressions;</text></whereas><whereas><text>Whereas Mr. Kara-Murza remains in pretrial detention and faces a prison sentence of up to 24 years on high treason and other charges;</text></whereas><whereas><text>Whereas the state of Mr. Kara-Murza’s health has deteriorated and in addition to losing over 45 pounds, he was diagnosed with polyneuropathy, a condition that under Russian law should preclude him from his current detainment;</text></whereas><whereas><text>Whereas, as a result of his diagnosis, he has lost feeling in both his feet and has experienced symptoms similar to those he experienced following his 2015 poisoning due to peripheral nerve damage;</text></whereas><whereas><text>Whereas section 5599F of the James M. Inhofe National Defense Authorization Act for Fiscal Year 2023 (<external-xref legal-doc="public-law" parsable-cite="pl/117/263">Public Law 117–263</external-xref>) condemned Mr. Kara-Murza’s unjust detention, expressed solidarity with Mr. Kara-Murza, his family, and all individuals imprisoned in Russia for their beliefs, and urged the United States and other ally governments to work to secure the release of Mr. Kara-Murza and other citizens of the Russian Federation imprisoned for opposition to Vladimir Putin’s regime and his illegal war in Ukraine;</text></whereas><whereas><text>Whereas, in April 2022, Vladimir Kara-Murza was presented the McCain Institute’s Courage and Leadership Award for his unwavering commitment to fundamental values and his acts of selfless courage which have inspired the world;</text></whereas><whereas><text>Whereas, in October 2022, Mr. Kara-Murza was awarded the Vaclav Havel Prize honoring outstanding civil society action in defense of human rights;</text></whereas><whereas><text>Whereas the late Senator John McCain said Mr. Kara-Murza <quote>is a brave, outspoken, and relentless advocate for freedom and democracy in Russia</quote> and introduced Mr. Kara-Murza as <quote>a personal hero whose courage, selflessness, and idealism I find awe-inspiring</quote>; </text></whereas><whereas><text>Whereas, in March 2023, the Department of the Treasury and the Department of State imposed Global Magnitsky and other targeted sanctions on six Russians involved in Mr. Kara-Murza’s ongoing arbitrary detention, recognized his role as <quote>a major advocate for the adoption of Magnitsky-style sanctions authorities by the United States, Canada, European Union, and United Kingdom to target human rights abusers and corrupt actors in Russia</quote>, and called for his immediate release; and </text></whereas><whereas><text>Whereas Mr. Kara-Murza remains a political prisoner and a victim of Vladimir Putin’s authoritarian state: Now, therefore, be it </text></whereas></preamble><resolution-body style="traditional" id="H3ED17047417345B293E48DC4D600FF96"><section display-inline="yes-display-inline" section-type="undesignated-section" id="H566A6A56B5184AF5ADEB533DD355566D"><enum/><text>That Congress—</text><paragraph id="H9CED082CB97D4E9782F8D937C94184A7"><enum>(1)</enum><text>condemns in the strongest possible terms the unjust and arbitrary detention of Russian democratic opposition leader Vladimir Kara-Murza;</text></paragraph><paragraph id="H56C62DC03C2E43F3818FF146EA5C7B04"><enum>(2)</enum><text>calls on the Russian Federation to immediately release Mr. Kara-Murza and all other Russian opposition leaders who are detained as a result of their opposition to the Putin regime;</text></paragraph><paragraph id="HAEBC1A642A5341F392B5C4F81181528F"><enum>(3)</enum><text>calls on all Russian citizens to outright condemn Russia’s illegal and unjust invasion of Ukraine in the spirit of Mr. Kara-Murza’s defiant opposition stance in front of the Arizona House of Representatives in March 2022;</text></paragraph><paragraph id="H5792A1CA84614AF9A773F0E8F7B5ABD0"><enum>(4)</enum><text>expresses solidarity and calls for the release of all political prisoners in Russia and Belarus as well as Ukrainian citizens illegally held as prisoners by Putin’s regime in violation of the rule of law as a result of their support for liberal democratic values; and</text></paragraph><paragraph id="H7E31F033F97845C4A918751CFCCCB411"><enum>(5)</enum><text>calls on the President of the United States and leaders from across the free world to work tirelessly for the release of political prisoners in Russia and increase support for those advocating for democracy in Russia as well as independent media and civil society which Mr. Kara-Murza has worked to further. </text></paragraph></section></resolution-body></resolution> 

