<?xml version="1.0"?>
<?xml-stylesheet type="text/xsl" href="billres.xsl"?>
<!DOCTYPE resolution PUBLIC "-//US Congress//DTDs/res.dtd//EN" "res.dtd">
<resolution resolution-stage="Introduced-in-House" dms-id="H376A42C7F1404EB793C23ABD79949E4E" public-private="public" resolution-type="house-joint" star-print="no-star-print" key="H"><metadata xmlns:dc="http://purl.org/dc/elements/1.1/">
<dublinCore>
<dc:title>118 HJ 50 IH: Providing for congressional disapproval under chapter 8 of title 5, United States Code, of the rule submitted by the Bureau of Consumer Financial Protection relating to “Small Business Lending Under the Equal Credit Opportunity Act (Regulation B)”.</dc:title>
<dc:publisher>U.S. House of Representatives</dc:publisher>
<dc:date>2023-04-03</dc:date>
<dc:format>text/xml</dc:format>
<dc:language>EN</dc:language>
<dc:rights>Pursuant to Title 17 Section 105 of the United States Code, this file is not subject to copyright protection and is in the public domain.</dc:rights>
</dublinCore>
</metadata>
<form>
<distribution-code display="yes">IA</distribution-code><congress display="yes">118th CONGRESS</congress><session display="yes">1st Session</session><legis-num display="yes">H. J. RES. 50</legis-num><current-chamber>IN THE HOUSE OF REPRESENTATIVES</current-chamber><action display="yes"><action-date date="20230403">April 3, 2023</action-date><action-desc><sponsor name-id="W000816">Mr. Williams of Texas</sponsor> (for himself, <cosponsor name-id="O000175">Mr. Ogles</cosponsor>, and <cosponsor name-id="B001282">Mr. Barr</cosponsor>) submitted the following joint resolution; which was referred to the <committee-name committee-id="HBA00">Committee on Financial Services</committee-name></action-desc></action><legis-type>JOINT RESOLUTION</legis-type><official-title display="yes">Providing for congressional disapproval under <external-xref legal-doc="usc-chapter" parsable-cite="usc-chapter/5/8">chapter 8</external-xref> of title 5, United States Code, of the rule submitted by the Bureau of Consumer Financial Protection relating to <quote>Small Business Lending Under the Equal Credit Opportunity Act (Regulation B)</quote>.</official-title></form><resolution-body style="traditional" id="H5E1613B5DCBD4160889B9328226B2B0D"> 
<section display-inline="yes-display-inline" section-type="undesignated-section" id="H09D7D12A8A354DFFA87695396A834DCA"><text display-inline="yes-display-inline">That Congress disapproves the rule submitted by the Bureau of Consumer Financial Protection relating to <quote>Small Business Lending Under the Equal Credit Opportunity Act (Regulation B)</quote>, and such rule shall have no force or effect.</text></section> </resolution-body></resolution>

