<mods xmlns:xlink="http://www.w3.org/1999/xlink" xmlns:xsi="http://www.w3.org/2001/XMLSchema-instance" xmlns="http://www.loc.gov/mods/v3" version="3.3" xsi:schemaLocation="http://www.loc.gov/mods/v3 http://www.loc.gov/standards/mods/v3/mods-3-3.xsd" ID="P0b002ee1bfbea491">
    <name type="corporate">
         <namePart>United States Government Publishing Office</namePart>
         <role>
              <roleTerm authority="marcrelator" type="text">publisher</roleTerm>
              <roleTerm authority="marcrelator" type="code">pbl</roleTerm>
        </role>
         <role>
              <roleTerm authority="marcrelator" type="text">distributor</roleTerm>
              <roleTerm authority="marcrelator" type="code">dst</roleTerm>
        </role>
    </name>
    <name type="corporate">
         <namePart>United States</namePart>
         <namePart>Congress</namePart>
         <namePart>House of Representatives</namePart>
         <role>
              <roleTerm authority="marcrelator" type="text">author</roleTerm>
              <roleTerm authority="marcrelator" type="code">aut</roleTerm>
        </role>
         <description>Government Organization</description>
    </name>
    <typeOfResource>text</typeOfResource>
    <genre authority="marcgt">government publication</genre>
    <language>
         <languageTerm type="code" authority="iso639-2b">eng</languageTerm>
    </language>
    <extension>
         <collectionCode>BILLS</collectionCode>
         <searchTitle>Designating a Slavery Remembrance Day on August 20, to serve as a reminder of the evils of slavery.;Original Slavery Remembrance Day Resolution;H.J. Res. 84 (IH)
    </searchTitle>
         <category>Bills and Statutes</category>
         <waisDatabaseName>118_cong_bills</waisDatabaseName>
         <branch>legislative</branch>
         <dateIngested>2023-08-02</dateIngested>
    </extension>
    <titleInfo>
         <title>Designating a Slavery Remembrance Day on August 20, to serve as a reminder of the evils of slavery.</title>
    </titleInfo>
    <titleInfo type="alternative">
         <title>Original Slavery Remembrance Day Resolution</title>
    </titleInfo>
    <titleInfo type="alternative">
         <title>H.J. Res. 84 (IH)
    </title>
    </titleInfo>
    <originInfo>
         <publisher>U.S. Government Publishing Office</publisher>
         <dateIssued encoding="w3cdtf">2023-08-01</dateIssued>
         <issuance>monographic</issuance>
    </originInfo>
    <physicalDescription>
         <note type="source content type">deposited</note>
         <digitalOrigin>born digital</digitalOrigin>
         <extent>9 p.</extent>
    </physicalDescription>
    <classification authority="sudocs">Y 1.6:</classification>
    <classification authority="sudocs">Y 1.4/8:</classification>
    <identifier type="local">P0b002ee1bfbea491</identifier>
    <identifier type="uri">https://www.govinfo.gov/app/details/BILLS-118hjres84ih</identifier>
    <identifier type="preferred citation">H.J. Res. 84</identifier>
    <identifier type="stock number">021-610-00252-9</identifier>
    <identifier type="Parent ILS system id">000501532</identifier>
    <identifier type="Child ILS system id">000325570</identifier>
    <identifier type="Parent ILS title">Congressional bills</identifier>
    <identifier type="Child ILS title">House joint resolutions</identifier>
    <identifier type="former package identifier">f:hj84_ih.txt</identifier>
    <location>
         <url displayLabel="Content Detail" access="object in context">https://www.govinfo.gov/app/details/BILLS-118hjres84ih</url>
         <url displayLabel="HTML rendition" access="raw object">https://www.govinfo.gov/content/pkg/BILLS-118hjres84ih/html/BILLS-118hjres84ih.htm</url>
         <url displayLabel="PDF rendition" access="raw object">https://www.govinfo.gov/content/pkg/BILLS-118hjres84ih/pdf/BILLS-118hjres84ih.pdf</url>
         <url displayLabel="XML rendition" access="raw object">https://www.govinfo.gov/content/pkg/BILLS-118hjres84ih/xml/BILLS-118hjres84ih.xml</url>
    </location>
    <accessCondition type="GPO scope determination">fdlp</accessCondition>
    <recordInfo>
         <recordContentSource authority="marcorg">DGPO</recordContentSource>
         <recordCreationDate encoding="w3cdtf">2023-08-02</recordCreationDate>
         <recordChangeDate encoding="w3cdtf">2023-08-02</recordChangeDate>
         <recordIdentifier source="DGPO">BILLS-118hjres84ih</recordIdentifier>
         <recordOrigin>machine generated</recordOrigin>
         <languageOfCataloging>
              <languageTerm type="code" authority="iso639-2b">eng</languageTerm>
        </languageOfCataloging>
    </recordInfo>
    <name type="personal">
         <namePart>Al Green</namePart>
         <affiliation>United States House of Representatives</affiliation>
         <role>
              <roleTerm authority="marcrelator" type="text">sponsor</roleTerm>
              <roleTerm authority="marcrelator" type="code">spn</roleTerm>
        </role>
         <description>United States Congress Member</description>
    </name>
    <name type="personal">
         <namePart>Alma S. Adams</namePart>
         <affiliation>United States House of Representatives</affiliation>
         <role>
              <roleTerm type="text">cosponsor</roleTerm>
        </role>
         <description>United States Congress Member</description>
    </name>
    <name type="personal">
         <namePart>Joyce Beatty</namePart>
         <affiliation>United States House of Representatives</affiliation>
         <role>
              <roleTerm type="text">cosponsor</roleTerm>
        </role>
         <description>United States Congress Member</description>
    </name>
    <name type="personal">
         <namePart>Sanford D. Bishop, Jr.</namePart>
         <affiliation>United States House of Representatives</affiliation>
         <role>
              <roleTerm type="text">cosponsor</roleTerm>
        </role>
         <description>United States Congress Member</description>
    </name>
    <name type="personal">
         <namePart>Earl Blumenauer</namePart>
         <affiliation>United States House of Representatives</affiliation>
         <role>
              <roleTerm type="text">cosponsor</roleTerm>
        </role>
         <description>United States Congress Member</description>
    </name>
    <name type="personal">
         <namePart>Jamaal Bowman</namePart>
         <affiliation>United States House of Representatives</affiliation>
         <role>
              <roleTerm type="text">cosponsor</roleTerm>
        </role>
         <description>United States Congress Member</description>
    </name>
    <name type="personal">
         <namePart>Shontel M. Brown</namePart>
         <affiliation>United States House of Representatives</affiliation>
         <role>
              <roleTerm type="text">cosponsor</roleTerm>
        </role>
         <description>United States Congress Member</description>
    </name>
    <name type="personal">
         <namePart>Nikki Budzinski</namePart>
         <affiliation>United States House of Representatives</affiliation>
         <role>
              <roleTerm type="text">cosponsor</roleTerm>
        </role>
         <description>United States Congress Member</description>
    </name>
    <name type="personal">
         <namePart>Cori Bush</namePart>
         <affiliation>United States House of Representatives</affiliation>
         <role>
              <roleTerm type="text">cosponsor</roleTerm>
        </role>
         <description>United States Congress Member</description>
    </name>
    <name type="personal">
         <namePart>Kathy Castor</namePart>
         <affiliation>United States House of Representatives</affiliation>
         <role>
              <roleTerm type="text">cosponsor</roleTerm>
        </role>
         <description>United States Congress Member</description>
    </name>
    <name type="personal">
         <namePart>Joaquin Castro</namePart>
         <affiliation>United States House of Representatives</affiliation>
         <role>
              <roleTerm type="text">cosponsor</roleTerm>
        </role>
         <description>United States Congress Member</description>
    </name>
    <name type="personal">
         <namePart>Yvette D. Clarke</namePart>
         <affiliation>United States House of Representatives</affiliation>
         <role>
              <roleTerm type="text">cosponsor</roleTerm>
        </role>
         <description>United States Congress Member</description>
    </name>
    <name type="personal">
         <namePart>Emanuel Cleaver</namePart>
         <affiliation>United States House of Representatives</affiliation>
         <role>
              <roleTerm type="text">cosponsor</roleTerm>
        </role>
         <description>United States Congress Member</description>
    </name>
    <name type="personal">
         <namePart>Gerald E. Connolly</namePart>
         <affiliation>United States House of Representatives</affiliation>
         <role>
              <roleTerm type="text">cosponsor</roleTerm>
        </role>
         <description>United States Congress Member</description>
    </name>
    <name type="personal">
         <namePart>Jim Costa</namePart>
         <affiliation>United States House of Representatives</affiliation>
         <role>
              <roleTerm type="text">cosponsor</roleTerm>
        </role>
         <description>United States Congress Member</description>
    </name>
    <name type="personal">
         <namePart>Madeleine Dean</namePart>
         <affiliation>United States House of Representatives</affiliation>
         <role>
              <roleTerm type="text">cosponsor</roleTerm>
        </role>
         <description>United States Congress Member</description>
    </name>
    <name type="personal">
         <namePart>Lloyd Doggett</namePart>
         <affiliation>United States House of Representatives</affiliation>
         <role>
              <roleTerm type="text">cosponsor</roleTerm>
        </role>
         <description>United States Congress Member</description>
    </name>
    <name type="personal">
         <namePart>Adriano Espaillat</namePart>
         <affiliation>United States House of Representatives</affiliation>
         <role>
              <roleTerm type="text">cosponsor</roleTerm>
        </role>
         <description>United States Congress Member</description>
    </name>
    <name type="personal">
         <namePart>Dwight Evans</namePart>
         <affiliation>United States House of Representatives</affiliation>
         <role>
              <roleTerm type="text">cosponsor</roleTerm>
        </role>
         <description>United States Congress Member</description>
    </name>
    <name type="personal">
         <namePart>Valerie P. Foushee</namePart>
         <affiliation>United States House of Representatives</affiliation>
         <role>
              <roleTerm type="text">cosponsor</roleTerm>
        </role>
         <description>United States Congress Member</description>
    </name>
    <name type="personal">
         <namePart>Henry C. &quot;Hank&quot; Johnson, Jr.</namePart>
         <affiliation>United States House of Representatives</affiliation>
         <role>
              <roleTerm type="text">cosponsor</roleTerm>
        </role>
         <description>United States Congress Member</description>
    </name>
    <name type="personal">
         <namePart>Ro Khanna</namePart>
         <affiliation>United States House of Representatives</affiliation>
         <role>
              <roleTerm type="text">cosponsor</roleTerm>
        </role>
         <description>United States Congress Member</description>
    </name>
    <name type="personal">
         <namePart>Derek Kilmer</namePart>
         <affiliation>United States House of Representatives</affiliation>
         <role>
              <roleTerm type="text">cosponsor</roleTerm>
        </role>
         <description>United States Congress Member</description>
    </name>
    <name type="personal">
         <namePart>Rick Larsen</namePart>
         <affiliation>United States House of Representatives</affiliation>
         <role>
              <roleTerm type="text">cosponsor</roleTerm>
        </role>
         <description>United States Congress Member</description>
    </name>
    <name type="personal">
         <namePart>Barbara Lee</namePart>
         <affiliation>United States House of Representatives</affiliation>
         <role>
              <roleTerm type="text">cosponsor</roleTerm>
        </role>
         <description>United States Congress Member</description>
    </name>
    <name type="personal">
         <namePart>Stephen F. Lynch</namePart>
         <affiliation>United States House of Representatives</affiliation>
         <role>
              <roleTerm type="text">cosponsor</roleTerm>
        </role>
         <description>United States Congress Member</description>
    </name>
    <name type="personal">
         <namePart>Jennifer L. McClellan</namePart>
         <affiliation>United States House of Representatives</affiliation>
         <role>
              <roleTerm type="text">cosponsor</roleTerm>
        </role>
         <description>United States Congress Member</description>
    </name>
    <name type="personal">
         <namePart>Betty McCollum</namePart>
         <affiliation>United States House of Representatives</affiliation>
         <role>
              <roleTerm type="text">cosponsor</roleTerm>
        </role>
         <description>United States Congress Member</description>
    </name>
    <name type="personal">
         <namePart>James P. McGovern</namePart>
         <affiliation>United States House of Representatives</affiliation>
         <role>
              <roleTerm type="text">cosponsor</roleTerm>
        </role>
         <description>United States Congress Member</description>
    </name>
    <name type="personal">
         <namePart>Grace Meng</namePart>
         <affiliation>United States House of Representatives</affiliation>
         <role>
              <roleTerm type="text">cosponsor</roleTerm>
        </role>
         <description>United States Congress Member</description>
    </name>
    <name type="personal">
         <namePart>Kweisi Mfume</namePart>
         <affiliation>United States House of Representatives</affiliation>
         <role>
              <roleTerm type="text">cosponsor</roleTerm>
        </role>
         <description>United States Congress Member</description>
    </name>
    <name type="personal">
         <namePart>Gwen Moore</namePart>
         <affiliation>United States House of Representatives</affiliation>
         <role>
              <roleTerm type="text">cosponsor</roleTerm>
        </role>
         <description>United States Congress Member</description>
    </name>
    <name type="personal">
         <namePart>Kevin Mullin</namePart>
         <affiliation>United States House of Representatives</affiliation>
         <role>
              <roleTerm type="text">cosponsor</roleTerm>
        </role>
         <description>United States Congress Member</description>
    </name>
    <name type="personal">
         <namePart>Grace F. Napolitano</namePart>
         <affiliation>United States House of Representatives</affiliation>
         <role>
              <roleTerm type="text">cosponsor</roleTerm>
        </role>
         <description>United States Congress Member</description>
    </name>
    <name type="personal">
         <namePart>Eleanor Holmes Norton</namePart>
         <affiliation>United States House of Representatives</affiliation>
         <role>
              <roleTerm type="text">cosponsor</roleTerm>
        </role>
         <description>United States Congress Member</description>
    </name>
    <name type="personal">
         <namePart>Alexandria Ocasio-Cortez</namePart>
         <affiliation>United States House of Representatives</affiliation>
         <role>
              <roleTerm type="text">cosponsor</roleTerm>
        </role>
         <description>United States Congress Member</description>
    </name>
    <name type="personal">
         <namePart>Bill Pascrell, Jr.</namePart>
         <affiliation>United States House of Representatives</affiliation>
         <role>
              <roleTerm type="text">cosponsor</roleTerm>
        </role>
         <description>United States Congress Member</description>
    </name>
    <name type="personal">
         <namePart>Ayanna Pressley</namePart>
         <affiliation>United States House of Representatives</affiliation>
         <role>
              <roleTerm type="text">cosponsor</roleTerm>
        </role>
         <description>United States Congress Member</description>
    </name>
    <name type="personal">
         <namePart>Deborah K. Ross</namePart>
         <affiliation>United States House of Representatives</affiliation>
         <role>
              <roleTerm type="text">cosponsor</roleTerm>
        </role>
         <description>United States Congress Member</description>
    </name>
    <name type="personal">
         <namePart>Linda T. Sanchez</namePart>
         <affiliation>United States House of Representatives</affiliation>
         <role>
              <roleTerm type="text">cosponsor</roleTerm>
        </role>
         <description>United States Congress Member</description>
    </name>
    <name type="personal">
         <namePart>Janice D. Schakowsky</namePart>
         <affiliation>United States House of Representatives</affiliation>
         <role>
              <roleTerm type="text">cosponsor</roleTerm>
        </role>
         <description>United States Congress Member</description>
    </name>
    <name type="personal">
         <namePart>Terri A. Sewell</namePart>
         <affiliation>United States House of Representatives</affiliation>
         <role>
              <roleTerm type="text">cosponsor</roleTerm>
        </role>
         <description>United States Congress Member</description>
    </name>
    <name type="personal">
         <namePart>Brad Sherman</namePart>
         <affiliation>United States House of Representatives</affiliation>
         <role>
              <roleTerm type="text">cosponsor</roleTerm>
        </role>
         <description>United States Congress Member</description>
    </name>
    <name type="personal">
         <namePart>Haley M. Stevens</namePart>
         <affiliation>United States House of Representatives</affiliation>
         <role>
              <roleTerm type="text">cosponsor</roleTerm>
        </role>
         <description>United States Congress Member</description>
    </name>
    <name type="personal">
         <namePart>Mark Takano</namePart>
         <affiliation>United States House of Representatives</affiliation>
         <role>
              <roleTerm type="text">cosponsor</roleTerm>
        </role>
         <description>United States Congress Member</description>
    </name>
    <name type="personal">
         <namePart>Shri Thanedar</namePart>
         <affiliation>United States House of Representatives</affiliation>
         <role>
              <roleTerm type="text">cosponsor</roleTerm>
        </role>
         <description>United States Congress Member</description>
    </name>
    <name type="personal">
         <namePart>Rashida Tlaib</namePart>
         <affiliation>United States House of Representatives</affiliation>
         <role>
              <roleTerm type="text">cosponsor</roleTerm>
        </role>
         <description>United States Congress Member</description>
    </name>
    <name type="personal">
         <namePart>Ritchie Torres</namePart>
         <affiliation>United States House of Representatives</affiliation>
         <role>
              <roleTerm type="text">cosponsor</roleTerm>
        </role>
         <description>United States Congress Member</description>
    </name>
    <name type="personal">
         <namePart>Lori Trahan</namePart>
         <affiliation>United States House of Representatives</affiliation>
         <role>
              <roleTerm type="text">cosponsor</roleTerm>
        </role>
         <description>United States Congress Member</description>
    </name>
    <name type="personal">
         <namePart>David J. Trone</namePart>
         <affiliation>United States House of Representatives</affiliation>
         <role>
              <roleTerm type="text">cosponsor</roleTerm>
        </role>
         <description>United States Congress Member</description>
    </name>
    <name type="personal">
         <namePart>Juan Vargas</namePart>
         <affiliation>United States House of Representatives</affiliation>
         <role>
              <roleTerm type="text">cosponsor</roleTerm>
        </role>
         <description>United States Congress Member</description>
    </name>
    <name type="personal">
         <namePart>Marc A. Veasey</namePart>
         <affiliation>United States House of Representatives</affiliation>
         <role>
              <roleTerm type="text">cosponsor</roleTerm>
        </role>
         <description>United States Congress Member</description>
    </name>
    <name type="personal">
         <namePart>Bonnie Watson Coleman</namePart>
         <affiliation>United States House of Representatives</affiliation>
         <role>
              <roleTerm type="text">cosponsor</roleTerm>
        </role>
         <description>United States Congress Member</description>
    </name>
    <name type="personal">
         <namePart>Nikema Williams</namePart>
         <affiliation>United States House of Representatives</affiliation>
         <role>
              <roleTerm type="text">cosponsor</roleTerm>
        </role>
         <description>United States Congress Member</description>
    </name>
    <name type="personal">
         <namePart>Katie Porter</namePart>
         <affiliation>United States House of Representatives</affiliation>
         <role>
              <roleTerm type="text">cosponsor</roleTerm>
        </role>
         <description>United States Congress Member</description>
    </name>
    <name type="personal">
         <namePart>David Scott</namePart>
         <affiliation>United States House of Representatives</affiliation>
         <role>
              <roleTerm type="text">cosponsor</roleTerm>
        </role>
         <description>United States Congress Member</description>
    </name>
    <name type="personal">
         <namePart>Tony Cardenas</namePart>
         <affiliation>United States House of Representatives</affiliation>
         <role>
              <roleTerm type="text">cosponsor</roleTerm>
        </role>
         <description>United States Congress Member</description>
    </name>
    <name type="personal">
         <namePart>Andre Carson</namePart>
         <affiliation>United States House of Representatives</affiliation>
         <role>
              <roleTerm type="text">cosponsor</roleTerm>
        </role>
         <description>United States Congress Member</description>
    </name>
    <name type="personal">
         <namePart>Greg Casar</namePart>
         <affiliation>United States House of Representatives</affiliation>
         <role>
              <roleTerm type="text">cosponsor</roleTerm>
        </role>
         <description>United States Congress Member</description>
    </name>
    <name type="personal">
         <namePart>Judy Chu</namePart>
         <affiliation>United States House of Representatives</affiliation>
         <role>
              <roleTerm type="text">cosponsor</roleTerm>
        </role>
         <description>United States Congress Member</description>
    </name>
    <name type="personal">
         <namePart>Steve Cohen</namePart>
         <affiliation>United States House of Representatives</affiliation>
         <role>
              <roleTerm type="text">cosponsor</roleTerm>
        </role>
         <description>United States Congress Member</description>
    </name>
    <name type="personal">
         <namePart>Suzan K. DelBene</namePart>
         <affiliation>United States House of Representatives</affiliation>
         <role>
              <roleTerm type="text">cosponsor</roleTerm>
        </role>
         <description>United States Congress Member</description>
    </name>
    <name type="personal">
         <namePart>Maxwell Frost</namePart>
         <affiliation>United States House of Representatives</affiliation>
         <role>
              <roleTerm type="text">cosponsor</roleTerm>
        </role>
         <description>United States Congress Member</description>
    </name>
    <name type="personal">
         <namePart>Jared Huffman</namePart>
         <affiliation>United States House of Representatives</affiliation>
         <role>
              <roleTerm type="text">cosponsor</roleTerm>
        </role>
         <description>United States Congress Member</description>
    </name>
    <name type="personal">
         <namePart>Sheila Jackson Lee</namePart>
         <affiliation>United States House of Representatives</affiliation>
         <role>
              <roleTerm type="text">cosponsor</roleTerm>
        </role>
         <description>United States Congress Member</description>
    </name>
    <name type="personal">
         <namePart>Raja Krishnamoorthi</namePart>
         <affiliation>United States House of Representatives</affiliation>
         <role>
              <roleTerm type="text">cosponsor</roleTerm>
        </role>
         <description>United States Congress Member</description>
    </name>
    <name type="personal">
         <namePart>Ted Lieu</namePart>
         <affiliation>United States House of Representatives</affiliation>
         <role>
              <roleTerm type="text">cosponsor</roleTerm>
        </role>
         <description>United States Congress Member</description>
    </name>
    <name type="personal">
         <namePart>Chris Pappas</namePart>
         <affiliation>United States House of Representatives</affiliation>
         <role>
              <roleTerm type="text">cosponsor</roleTerm>
        </role>
         <description>United States Congress Member</description>
    </name>
    <name type="personal">
         <namePart>Donald M. Payne, Jr.</namePart>
         <affiliation>United States House of Representatives</affiliation>
         <role>
              <roleTerm type="text">cosponsor</roleTerm>
        </role>
         <description>United States Congress Member</description>
    </name>
    <name type="personal">
         <namePart>Frederica S. Wilson</namePart>
         <affiliation>United States House of Representatives</affiliation>
         <role>
              <roleTerm type="text">cosponsor</roleTerm>
        </role>
         <description>United States Congress Member</description>
    </name>
    <name type="corporate">
         <namePart>United States</namePart>
         <namePart>Congress</namePart>
         <namePart>House of Representatives</namePart>
         <namePart>Committee on Oversight and Accountability</namePart>
         <role>
              <roleTerm authority="marcrelator" type="text">associated name</roleTerm>
              <roleTerm authority="marcrelator" type="code">asn</roleTerm>
        </role>
    </name>
    <extension>
         <docClass>hjres</docClass>
         <accessId>BILLS-118hjres84ih</accessId>
         <congress>118</congress>
         <session>1</session>
         <originChamber>HOUSE</originChamber>
         <currentChamber>HOUSE</currentChamber>
         <billNumber>84</billNumber>
         <billVersion reprint="false">ih</billVersion>
         <fileSuffix>ih</fileSuffix>
         <shortTitle type="measure">Original Slavery Remembrance Day Resolution</shortTitle>
         <officialTitle>Designating a Slavery Remembrance Day on August 20, to serve as a reminder of the evils of slavery.</officialTitle>
         <action date="2023-08-01">Mr. Green of Texas (for himself, Ms. Adams, Ms. Barragán, Mrs. Beatty, Mr. Bishop of Georgia, Mr. Blumenauer, Mr. Bowman, Ms. Brown, Ms. Budzinski, Ms. Bush, Ms. Castor of Florida, Mr. Castro of Texas, Ms. Clarke of New York, Mr. Cleaver, Mr. Connolly, Mr. Costa, Ms. Dean of Pennsylvania, Mr. Doggett, Mr. Espaillat, Mr. Evans, Mrs. Foushee, Mr. Johnson of Georgia, Mr. Khanna, Mr. Kilmer, Mr. Larsen of Washington, Ms. Lee of California, Mr. Lynch, Ms. McClellan, Ms. McCollum, Mr. McGovern, Ms. Meng, Mr. Mfume, Ms. Moore of Wisconsin, Mr. Mullin, Mrs. Napolitano, Ms. Norton, Ms. Ocasio-Cortez, Mr. Pascrell, Ms. Pressley, Ms. Ross, Ms. Sánchez, Ms. Schakowsky, Ms. Sewell, Mr. Sherman, Ms. Stevens, Mr. Takano, Mr. Thanedar, Ms. Tlaib, Mr. Torres of New York, Mrs. Trahan, Mr. Trone, Mr. Vargas, Mr. Veasey, Mrs. Watson Coleman, Ms. Williams of Georgia, Ms. Porter, Mr. David Scott of Georgia, Mr. Cárdenas, Mr. Carson, Mr. Casar, Ms. Chu, Mr. Cohen, Ms. DelBene, Mr. Frost, Mr. Huffman, Ms. Jackson Lee, Mr. Krishnamoorthi, Mr. Lieu, Mr. Pappas, Mr. Payne, and Ms. Wilson of Florida) submitted the following joint resolution; which was referred to the Committee on Oversight and Accountability</action>
         <congCommittee authorityId="hsgo00" chamber="H" congress="118" type="S">
                                
              <name type="authority-standard">Committee on Oversight and Accountability</name>
                                
              <name type="authority-short">Oversight and Accountability</name>
                            
        </congCommittee>
         <congMember bioGuideId="G000553" chamber="H" congress="118" party="D" role="SPONSOR" state="TX">
                                
              <name type="parsed">Mr. Green of Texas</name>
                                
              <name type="authority-fnf">Al Green</name>
                                
              <name type="authority-lnf">Green, Al</name>
                            
        </congMember>
         <congMember bioGuideId="A000370" chamber="H" congress="118" party="D" role="COSPONSOR" state="NC">
                                
              <name type="parsed">Ms. Adams</name>
                                
              <name type="authority-fnf">Alma S. Adams</name>
                                
              <name type="authority-lnf">Adams, Alma S.</name>
                                
              <name type="authority-other">Ms. Alma Adams</name>
                            
        </congMember>
         <congMember bioGuideId="B001281" chamber="H" congress="118" party="D" role="COSPONSOR" state="OH">
                                
              <name type="parsed">Mrs. Beatty</name>
                                
              <name type="authority-fnf">Joyce Beatty</name>
                                
              <name type="authority-lnf">Beatty, Joyce</name>
                            
        </congMember>
         <congMember bioGuideId="B000490" chamber="H" congress="118" party="D" role="COSPONSOR" state="GA">
                                
              <name type="parsed">Mr. Bishop of Georgia</name>
                                
              <name type="authority-fnf">Sanford D. Bishop, Jr.</name>
                                
              <name type="authority-lnf">Bishop, Sanford D., Jr.</name>
                                
              <name type="authority-other">Sanford Bishop</name>
                            
        </congMember>
         <congMember bioGuideId="B000574" chamber="H" congress="118" party="D" role="COSPONSOR" state="OR">
                                
              <name type="parsed">Mr. Blumenauer</name>
                                
              <name type="authority-fnf">Earl Blumenauer</name>
                                
              <name type="authority-lnf">Blumenauer, Earl</name>
                            
        </congMember>
         <congMember bioGuideId="B001223" chamber="H" congress="118" party="D" role="COSPONSOR" state="NY">
                                
              <name type="parsed">Mr. Bowman</name>
                                
              <name type="authority-fnf">Jamaal Bowman</name>
                                
              <name type="authority-lnf">Bowman, Jamaal</name>
                            
        </congMember>
         <congMember bioGuideId="B001313" chamber="H" congress="118" party="D" role="COSPONSOR" state="OH">
                                
              <name type="parsed">Ms. Brown</name>
                                
              <name type="authority-fnf">Shontel M. Brown</name>
                                
              <name type="authority-lnf">Brown, Shontel M.</name>
                                
              <name type="authority-other">Shontel Brown</name>
                            
        </congMember>
         <congMember bioGuideId="B001315" chamber="H" congress="118" party="D" role="COSPONSOR" state="IL">
                                
              <name type="parsed">Ms. Budzinski</name>
                                
              <name type="authority-fnf">Nikki Budzinski</name>
                                
              <name type="authority-lnf">Budzinski, Nikki</name>
                            
        </congMember>
         <congMember bioGuideId="B001224" chamber="H" congress="118" party="D" role="COSPONSOR" state="MO">
                                
              <name type="parsed">Ms. Bush</name>
                                
              <name type="authority-fnf">Cori Bush</name>
                                
              <name type="authority-lnf">Bush, Cori</name>
                            
        </congMember>
         <congMember bioGuideId="C001066" chamber="H" congress="118" party="D" role="COSPONSOR" state="FL">
                                
              <name type="parsed">Ms. Castor of Florida</name>
                                
              <name type="authority-fnf">Kathy Castor</name>
                                
              <name type="authority-lnf">Castor, Kathy</name>
                            
        </congMember>
         <congMember bioGuideId="C001091" chamber="H" congress="118" party="D" role="COSPONSOR" state="TX">
                                
              <name type="parsed">Mr. Castro of Texas</name>
                                
              <name type="authority-fnf">Joaquin Castro</name>
                                
              <name type="authority-lnf">Castro, Joaquin</name>
                            
        </congMember>
         <congMember bioGuideId="C001067" chamber="H" congress="118" party="D" role="COSPONSOR" state="NY">
                                
              <name type="parsed">Ms. Clarke of New York</name>
                                
              <name type="authority-fnf">Yvette D. Clarke</name>
                                
              <name type="authority-lnf">Clarke, Yvette D.</name>
                                
              <name type="authority-other">Ms. Yvette Clarke</name>
                            
        </congMember>
         <congMember bioGuideId="C001061" chamber="H" congress="118" party="D" role="COSPONSOR" state="MO">
                                
              <name type="parsed">Mr. Cleaver</name>
                                
              <name type="authority-fnf">Emanuel Cleaver</name>
                                
              <name type="authority-lnf">Cleaver, Emanuel</name>
                            
        </congMember>
         <congMember bioGuideId="C001078" chamber="H" congress="118" party="D" role="COSPONSOR" state="VA">
                                
              <name type="parsed">Mr. Connolly</name>
                                
              <name type="authority-fnf">Gerald E. Connolly</name>
                                
              <name type="authority-lnf">Connolly, Gerald E.</name>
                                
              <name type="authority-other">Mr. Gerald Connolly</name>
                            
        </congMember>
         <congMember bioGuideId="C001059" chamber="H" congress="118" party="D" role="COSPONSOR" state="CA">
                                
              <name type="parsed">Mr. Costa</name>
                                
              <name type="authority-fnf">Jim Costa</name>
                                
              <name type="authority-lnf">Costa, Jim</name>
                            
        </congMember>
         <congMember bioGuideId="D000631" chamber="H" congress="118" party="D" role="COSPONSOR" state="PA">
                                
              <name type="parsed">Ms. Dean of Pennsylvania</name>
                                
              <name type="authority-fnf">Madeleine Dean</name>
                                
              <name type="authority-lnf">Dean, Madeleine</name>
                            
        </congMember>
         <congMember bioGuideId="D000399" chamber="H" congress="118" party="D" role="COSPONSOR" state="TX">
                                
              <name type="parsed">Mr. Doggett</name>
                                
              <name type="authority-fnf">Lloyd Doggett</name>
                                
              <name type="authority-lnf">Doggett, Lloyd</name>
                            
        </congMember>
         <congMember bioGuideId="E000297" chamber="H" congress="118" party="D" role="COSPONSOR" state="NY">
                                
              <name type="parsed">Mr. Espaillat</name>
                                
              <name type="authority-fnf">Adriano Espaillat</name>
                                
              <name type="authority-lnf">Espaillat, Adriano</name>
                            
        </congMember>
         <congMember bioGuideId="E000296" chamber="H" congress="118" party="D" role="COSPONSOR" state="PA">
                                
              <name type="parsed">Mr. Evans</name>
                                
              <name type="authority-fnf">Dwight Evans</name>
                                
              <name type="authority-lnf">Evans, Dwight</name>
                            
        </congMember>
         <congMember bioGuideId="F000477" chamber="H" congress="118" party="D" role="COSPONSOR" state="NC">
                                
              <name type="parsed">Mrs. Foushee</name>
                                
              <name type="authority-fnf">Valerie P. Foushee</name>
                                
              <name type="authority-lnf">Foushee, Valerie P.</name>
                                
              <name type="authority-other">Valerie Foushee</name>
                            
        </congMember>
         <congMember bioGuideId="J000288" chamber="H" congress="118" party="D" role="COSPONSOR" state="GA">
                                
              <name type="parsed">Mr. Johnson of Georgia</name>
                                
              <name type="authority-fnf">Henry C. &quot;Hank&quot; Johnson, Jr.</name>
                                
              <name type="authority-lnf">Johnson, Henry C. &quot;Hank,&quot; Jr.</name>
                                
              <name type="authority-other">Mr. Henry C. &quot;Hank&quot; Johnson</name>
                            
        </congMember>
         <congMember bioGuideId="K000389" chamber="H" congress="118" party="D" role="COSPONSOR" state="CA">
                                
              <name type="parsed">Mr. Khanna</name>
                                
              <name type="authority-fnf">Ro Khanna</name>
                                
              <name type="authority-lnf">Khanna, Ro</name>
                            
        </congMember>
         <congMember bioGuideId="K000381" chamber="H" congress="118" party="D" role="COSPONSOR" state="WA">
                                
              <name type="parsed">Mr. Kilmer</name>
                                
              <name type="authority-fnf">Derek Kilmer</name>
                                
              <name type="authority-lnf">Kilmer, Derek</name>
                            
        </congMember>
         <congMember bioGuideId="L000560" chamber="H" congress="118" party="D" role="COSPONSOR" state="WA">
                                
              <name type="parsed">Mr. Larsen of Washington</name>
                                
              <name type="authority-fnf">Rick Larsen</name>
                                
              <name type="authority-lnf">Larsen, Rick</name>
                            
        </congMember>
         <congMember bioGuideId="L000551" chamber="H" congress="118" party="D" role="COSPONSOR" state="CA">
                                
              <name type="parsed">Ms. Lee of California</name>
                                
              <name type="authority-fnf">Barbara Lee</name>
                                
              <name type="authority-lnf">Lee, Barbara</name>
                            
        </congMember>
         <congMember bioGuideId="L000562" chamber="H" congress="118" party="D" role="COSPONSOR" state="MA">
                                
              <name type="parsed">Mr. Lynch</name>
                                
              <name type="authority-fnf">Stephen F. Lynch</name>
                                
              <name type="authority-lnf">Lynch, Stephen F.</name>
                                
              <name type="authority-other">Mr. Stephen Lynch</name>
                            
        </congMember>
         <congMember bioGuideId="M001227" chamber="H" congress="118" party="D" role="COSPONSOR" state="VA">
                                
              <name type="parsed">Ms. McClellan</name>
                                
              <name type="authority-fnf">Jennifer L. McClellan</name>
                                
              <name type="authority-lnf">McClellan, Jennifer L.</name>
                                
              <name type="authority-other">Jennifer Mcclellan</name>
                            
        </congMember>
         <congMember bioGuideId="M001143" chamber="H" congress="118" party="D" role="COSPONSOR" state="MN">
                                
              <name type="parsed">Ms. McCollum</name>
                                
              <name type="authority-fnf">Betty McCollum</name>
                                
              <name type="authority-lnf">McCollum, Betty</name>
                            
        </congMember>
         <congMember bioGuideId="M000312" chamber="H" congress="118" party="D" role="COSPONSOR" state="MA">
                                
              <name type="parsed">Mr. McGovern</name>
                                
              <name type="authority-fnf">James P. McGovern</name>
                                
              <name type="authority-lnf">McGovern, James P.</name>
                                
              <name type="authority-other">James Mcgovern</name>
                            
        </congMember>
         <congMember bioGuideId="M001188" chamber="H" congress="118" party="D" role="COSPONSOR" state="NY">
                                
              <name type="parsed">Ms. Meng</name>
                                
              <name type="authority-fnf">Grace Meng</name>
                                
              <name type="authority-lnf">Meng, Grace</name>
                            
        </congMember>
         <congMember bioGuideId="M000687" chamber="H" congress="118" party="D" role="COSPONSOR" state="MD">
                                
              <name type="parsed">Mr. Mfume</name>
                                
              <name type="authority-fnf">Kweisi Mfume</name>
                                
              <name type="authority-lnf">Mfume, Kweisi</name>
                            
        </congMember>
         <congMember bioGuideId="M001160" chamber="H" congress="118" party="D" role="COSPONSOR" state="WI">
                                
              <name type="parsed">Ms. Moore of Wisconsin</name>
                                
              <name type="authority-fnf">Gwen Moore</name>
                                
              <name type="authority-lnf">Moore, Gwen</name>
                            
        </congMember>
         <congMember bioGuideId="M001225" chamber="H" congress="118" party="D" role="COSPONSOR" state="CA">
                                
              <name type="parsed">Mr. Mullin</name>
                                
              <name type="authority-fnf">Kevin Mullin</name>
                                
              <name type="authority-lnf">Mullin, Kevin</name>
                            
        </congMember>
         <congMember bioGuideId="N000179" chamber="H" congress="118" party="D" role="COSPONSOR" state="CA">
                                
              <name type="parsed">Mrs. Napolitano</name>
                                
              <name type="authority-fnf">Grace F. Napolitano</name>
                                
              <name type="authority-lnf">Napolitano, Grace F.</name>
                                
              <name type="authority-other">Grace Napolitano</name>
                            
        </congMember>
         <congMember bioGuideId="N000147" chamber="H" congress="118" party="D" role="COSPONSOR" state="DC">
                                
              <name type="parsed">Ms. Norton</name>
                                
              <name type="authority-fnf">Eleanor Holmes Norton</name>
                                
              <name type="authority-lnf">Norton, Eleanor Holmes</name>
                                
              <name type="authority-other">Eleanor Norton</name>
                            
        </congMember>
         <congMember bioGuideId="O000172" chamber="H" congress="118" party="D" role="COSPONSOR" state="NY">
                                
              <name type="parsed">Ms. Ocasio-Cortez</name>
                                
              <name type="authority-fnf">Alexandria Ocasio-Cortez</name>
                                
              <name type="authority-lnf">Ocasio-Cortez, Alexandria</name>
                            
        </congMember>
         <congMember bioGuideId="P000096" chamber="H" congress="118" party="D" role="COSPONSOR" state="NJ">
                                
              <name type="parsed">Mr. Pascrell</name>
                                
              <name type="authority-fnf">Bill Pascrell, Jr.</name>
                                
              <name type="authority-lnf">Pascrell, Bill, Jr.</name>
                                
              <name type="authority-other">William Pascrell</name>
                            
        </congMember>
         <congMember bioGuideId="P000617" chamber="H" congress="118" party="D" role="COSPONSOR" state="MA">
                                
              <name type="parsed">Ms. Pressley</name>
                                
              <name type="authority-fnf">Ayanna Pressley</name>
                                
              <name type="authority-lnf">Pressley, Ayanna</name>
                            
        </congMember>
         <congMember bioGuideId="R000305" chamber="H" congress="118" party="D" role="COSPONSOR" state="NC">
                                
              <name type="parsed">Ms. Ross</name>
                                
              <name type="authority-fnf">Deborah K. Ross</name>
                                
              <name type="authority-lnf">Ross, Deborah K.</name>
                                
              <name type="authority-other">Ms. Deborah Ross</name>
                            
        </congMember>
         <congMember bioGuideId="S001156" chamber="H" congress="118" party="D" role="COSPONSOR" state="CA">
                                
              <name type="parsed">Ms. Sánchez</name>
                                
              <name type="authority-fnf">Linda T. Sanchez</name>
                                
              <name type="authority-lnf">Sanchez, Linda T.</name>
                                
              <name type="authority-other">Linda Sanchez</name>
                            
        </congMember>
         <congMember bioGuideId="S001145" chamber="H" congress="118" party="D" role="COSPONSOR" state="IL">
                                
              <name type="parsed">Ms. Schakowsky</name>
                                
              <name type="authority-fnf">Janice D. Schakowsky</name>
                                
              <name type="authority-lnf">Schakowsky, Janice D.</name>
                                
              <name type="authority-other">Janice Schakowsky</name>
                            
        </congMember>
         <congMember bioGuideId="S001185" chamber="H" congress="118" party="D" role="COSPONSOR" state="AL">
                                
              <name type="parsed">Ms. Sewell</name>
                                
              <name type="authority-fnf">Terri A. Sewell</name>
                                
              <name type="authority-lnf">Sewell, Terri A.</name>
                                
              <name type="authority-other">Ms. Terri Sewell</name>
                            
        </congMember>
         <congMember bioGuideId="S000344" chamber="H" congress="118" party="D" role="COSPONSOR" state="CA">
                                
              <name type="parsed">Mr. Sherman</name>
                                
              <name type="authority-fnf">Brad Sherman</name>
                                
              <name type="authority-lnf">Sherman, Brad</name>
                            
        </congMember>
         <congMember bioGuideId="S001215" chamber="H" congress="118" party="D" role="COSPONSOR" state="MI">
                                
              <name type="parsed">Ms. Stevens</name>
                                
              <name type="authority-fnf">Haley M. Stevens</name>
                                
              <name type="authority-lnf">Stevens, Haley M.</name>
                                
              <name type="authority-other">Ms. Haley Stevens</name>
                            
        </congMember>
         <congMember bioGuideId="T000472" chamber="H" congress="118" party="D" role="COSPONSOR" state="CA">
                                
              <name type="parsed">Mr. Takano</name>
                                
              <name type="authority-fnf">Mark Takano</name>
                                
              <name type="authority-lnf">Takano, Mark</name>
                            
        </congMember>
         <congMember bioGuideId="T000488" chamber="H" congress="118" party="D" role="COSPONSOR" state="MI">
                                
              <name type="parsed">Mr. Thanedar</name>
                                
              <name type="authority-fnf">Shri Thanedar</name>
                                
              <name type="authority-lnf">Thanedar, Shri</name>
                            
        </congMember>
         <congMember bioGuideId="T000481" chamber="H" congress="118" party="D" role="COSPONSOR" state="MI">
                                
              <name type="parsed">Ms. Tlaib</name>
                                
              <name type="authority-fnf">Rashida Tlaib</name>
                                
              <name type="authority-lnf">Tlaib, Rashida</name>
                            
        </congMember>
         <congMember bioGuideId="T000486" chamber="H" congress="118" party="D" role="COSPONSOR" state="NY">
                                
              <name type="parsed">Mr. Torres of New York</name>
                                
              <name type="authority-fnf">Ritchie Torres</name>
                                
              <name type="authority-lnf">Torres, Ritchie</name>
                            
        </congMember>
         <congMember bioGuideId="T000482" chamber="H" congress="118" party="D" role="COSPONSOR" state="MA">
                                
              <name type="parsed">Mrs. Trahan</name>
                                
              <name type="authority-fnf">Lori Trahan</name>
                                
              <name type="authority-lnf">Trahan, Lori</name>
                            
        </congMember>
         <congMember bioGuideId="T000483" chamber="H" congress="118" party="D" role="COSPONSOR" state="MD">
                                
              <name type="parsed">Mr. Trone</name>
                                
              <name type="authority-fnf">David J. Trone</name>
                                
              <name type="authority-lnf">Trone, David J.</name>
                                
              <name type="authority-other">Mr. David Trone</name>
                            
        </congMember>
         <congMember bioGuideId="V000130" chamber="H" congress="118" party="D" role="COSPONSOR" state="CA">
                                
              <name type="parsed">Mr. Vargas</name>
                                
              <name type="authority-fnf">Juan Vargas</name>
                                
              <name type="authority-lnf">Vargas, Juan</name>
                            
        </congMember>
         <congMember bioGuideId="V000131" chamber="H" congress="118" party="D" role="COSPONSOR" state="TX">
                                
              <name type="parsed">Mr. Veasey</name>
                                
              <name type="authority-fnf">Marc A. Veasey</name>
                                
              <name type="authority-lnf">Veasey, Marc A.</name>
                                
              <name type="authority-other">Mr. Marc Veasey</name>
                            
        </congMember>
         <congMember bioGuideId="W000822" chamber="H" congress="118" party="D" role="COSPONSOR" state="NJ">
                                
              <name type="parsed">Mrs. Watson Coleman</name>
                                
              <name type="authority-fnf">Bonnie Watson Coleman</name>
                                
              <name type="authority-lnf">Watson Coleman, Bonnie</name>
                            
        </congMember>
         <congMember bioGuideId="W000788" chamber="H" congress="118" party="D" role="COSPONSOR" state="GA">
                                
              <name type="parsed">Ms. Williams of Georgia</name>
                                
              <name type="authority-fnf">Nikema Williams</name>
                                
              <name type="authority-lnf">Williams, Nikema</name>
                            
        </congMember>
         <congMember bioGuideId="P000618" chamber="H" congress="118" party="D" role="COSPONSOR" state="CA">
                                
              <name type="parsed">Ms. Porter</name>
                                
              <name type="authority-fnf">Katie Porter</name>
                                
              <name type="authority-lnf">Porter, Katie</name>
                            
        </congMember>
         <congMember bioGuideId="S001157" chamber="H" congress="118" party="D" role="COSPONSOR" state="GA">
                                
              <name type="parsed">Mr. David Scott of Georgia</name>
                                
              <name type="authority-fnf">David Scott</name>
                                
              <name type="authority-lnf">Scott, David</name>
                            
        </congMember>
         <congMember bioGuideId="C001097" chamber="H" congress="118" party="D" role="COSPONSOR" state="CA">
                                
              <name type="parsed">Mr. Cárdenas</name>
                                
              <name type="authority-fnf">Tony Cardenas</name>
                                
              <name type="authority-lnf">Cardenas, Tony</name>
                            
        </congMember>
         <congMember bioGuideId="C001072" chamber="H" congress="118" party="D" role="COSPONSOR" state="IN">
                                
              <name type="parsed">Mr. Carson</name>
                                
              <name type="authority-fnf">Andre Carson</name>
                                
              <name type="authority-lnf">Carson, Andre</name>
                            
        </congMember>
         <congMember bioGuideId="C001131" chamber="H" congress="118" party="D" role="COSPONSOR" state="TX">
                                
              <name type="parsed">Mr. Casar</name>
                                
              <name type="authority-fnf">Greg Casar</name>
                                
              <name type="authority-lnf">Casar, Greg</name>
                            
        </congMember>
         <congMember bioGuideId="C001080" chamber="H" congress="118" party="D" role="COSPONSOR" state="CA">
                                
              <name type="parsed">Ms. Chu</name>
                                
              <name type="authority-fnf">Judy Chu</name>
                                
              <name type="authority-lnf">Chu, Judy</name>
                            
        </congMember>
         <congMember bioGuideId="C001068" chamber="H" congress="118" party="D" role="COSPONSOR" state="TN">
                                
              <name type="parsed">Mr. Cohen</name>
                                
              <name type="authority-fnf">Steve Cohen</name>
                                
              <name type="authority-lnf">Cohen, Steve</name>
                            
        </congMember>
         <congMember bioGuideId="D000617" chamber="H" congress="118" party="D" role="COSPONSOR" state="WA">
                                
              <name type="parsed">Ms. DelBene</name>
                                
              <name type="authority-fnf">Suzan K. DelBene</name>
                                
              <name type="authority-lnf">DelBene, Suzan K.</name>
                                
              <name type="authority-other">Ms. Suzan Delbene</name>
                            
        </congMember>
         <congMember bioGuideId="F000476" chamber="H" congress="118" party="D" role="COSPONSOR" state="FL">
                                
              <name type="parsed">Mr. Frost</name>
                                
              <name type="authority-fnf">Maxwell Frost</name>
                                
              <name type="authority-lnf">Frost, Maxwell</name>
                            
        </congMember>
         <congMember bioGuideId="H001068" chamber="H" congress="118" party="D" role="COSPONSOR" state="CA">
                                
              <name type="parsed">Mr. Huffman</name>
                                
              <name type="authority-fnf">Jared Huffman</name>
                                
              <name type="authority-lnf">Huffman, Jared</name>
                            
        </congMember>
         <congMember bioGuideId="J000032" chamber="H" congress="118" party="D" role="COSPONSOR" state="TX">
                                
              <name type="parsed">Ms. Jackson Lee</name>
                                
              <name type="authority-fnf">Sheila Jackson Lee</name>
                                
              <name type="authority-lnf">Jackson Lee, Sheila</name>
                            
        </congMember>
         <congMember bioGuideId="K000391" chamber="H" congress="118" party="D" role="COSPONSOR" state="IL">
                                
              <name type="parsed">Mr. Krishnamoorthi</name>
                                
              <name type="authority-fnf">Raja Krishnamoorthi</name>
                                
              <name type="authority-lnf">Krishnamoorthi, Raja</name>
                            
        </congMember>
         <congMember bioGuideId="L000582" chamber="H" congress="118" party="D" role="COSPONSOR" state="CA">
                                
              <name type="parsed">Mr. Lieu</name>
                                
              <name type="authority-fnf">Ted Lieu</name>
                                
              <name type="authority-lnf">Lieu, Ted</name>
                            
        </congMember>
         <congMember bioGuideId="P000614" chamber="H" congress="118" party="D" role="COSPONSOR" state="NH">
                                
              <name type="parsed">Mr. Pappas</name>
                                
              <name type="authority-fnf">Chris Pappas</name>
                                
              <name type="authority-lnf">Pappas, Chris</name>
                            
        </congMember>
         <congMember bioGuideId="P000604" chamber="H" congress="118" party="D" role="COSPONSOR" state="NJ">
                                
              <name type="parsed">Mr. Payne</name>
                                
              <name type="authority-fnf">Donald M. Payne, Jr.</name>
                                
              <name type="authority-lnf">Payne, Donald M., Jr.</name>
                                
              <name type="authority-other">Mr. Donald Payne</name>
                            
        </congMember>
         <congMember bioGuideId="W000808" chamber="H" congress="118" party="D" role="COSPONSOR" state="FL">
                                
              <name type="parsed">Ms. Wilson of Florida</name>
                                
              <name type="authority-fnf">Frederica S. Wilson</name>
                                
              <name type="authority-lnf">Wilson, Frederica S.</name>
                                
              <name type="authority-other">Frederica Wilson</name>
                            
        </congMember>
         <isPrivate>false</isPrivate>
         <isAppropriation>false</isAppropriation>
    </extension>
</mods>