<?xml version="1.0"?>
<?xml-stylesheet type="text/xsl" href="billres.xsl"?>
<!DOCTYPE resolution PUBLIC "-//US Congress//DTDs/res.dtd//EN" "res.dtd">
<resolution resolution-stage="Introduced-in-House" dms-id="H4B176B8B28DF4DE3B41619E6565F24A0" public-private="public" resolution-type="house-concurrent" star-print="no-star-print" key="H"><metadata xmlns:dc="http://purl.org/dc/elements/1.1/">
<dublinCore>
<dc:title>118 HCON 37 IH: Expressing the sense of Congress that there is a climate emergency which demands a massive-scale mobilization to halt, reverse, and address its consequences and causes.</dc:title>
<dc:publisher>U.S. House of Representatives</dc:publisher>
<dc:date>2023-05-02</dc:date>
<dc:format>text/xml</dc:format>
<dc:language>EN</dc:language>
<dc:rights>Pursuant to Title 17 Section 105 of the United States Code, this file is not subject to copyright protection and is in the public domain.</dc:rights>
</dublinCore>
</metadata>
<form>
<distribution-code display="yes">IV</distribution-code><congress display="yes">118th CONGRESS</congress><session display="yes">1st Session</session><legis-num display="yes">H. CON. RES. 37</legis-num><current-chamber>IN THE HOUSE OF REPRESENTATIVES</current-chamber><action display="yes"><action-date date="20230502">May 2, 2023</action-date><action-desc><sponsor name-id="B000574">Mr. Blumenauer</sponsor> (for himself, <cosponsor name-id="O000172">Ms. Ocasio-Cortez</cosponsor>, <cosponsor name-id="L000551">Ms. Lee of California</cosponsor>, <cosponsor name-id="B001300">Ms. Barragán</cosponsor>, <cosponsor name-id="B001303">Ms. Blunt Rochester</cosponsor>, <cosponsor name-id="B001278">Ms. Bonamici</cosponsor>, <cosponsor name-id="B001223">Mr. Bowman</cosponsor>, <cosponsor name-id="C001131">Mr. Casar</cosponsor>, <cosponsor name-id="C001080">Ms. Chu</cosponsor>, <cosponsor name-id="C001067">Ms. Clarke of New York</cosponsor>, <cosponsor name-id="C001061">Mr. Cleaver</cosponsor>, <cosponsor name-id="C001068">Mr. Cohen</cosponsor>, <cosponsor name-id="D000399">Mr. Doggett</cosponsor>, <cosponsor name-id="E000297">Mr. Espaillat</cosponsor>, <cosponsor name-id="E000296">Mr. Evans</cosponsor>, <cosponsor name-id="G000585">Mr. Gomez</cosponsor>, <cosponsor name-id="N000147">Ms. Norton</cosponsor>, <cosponsor name-id="H001094">Ms. Hoyle of Oregon</cosponsor>, <cosponsor name-id="H001068">Mr. Huffman</cosponsor>, <cosponsor name-id="J000298">Ms. Jayapal</cosponsor>, <cosponsor name-id="K000400">Ms. Kamlager-Dove</cosponsor>, <cosponsor name-id="K000391">Mr. Krishnamoorthi</cosponsor>, <cosponsor name-id="L000582">Mr. Lieu</cosponsor>, <cosponsor name-id="M001188">Ms. Meng</cosponsor>, <cosponsor name-id="N000179">Mrs. Napolitano</cosponsor>, <cosponsor name-id="O000173">Ms. Omar</cosponsor>, <cosponsor name-id="P000597">Ms. Pingree</cosponsor>, <cosponsor name-id="P000607">Mr. Pocan</cosponsor>, <cosponsor name-id="P000618">Ms. Porter</cosponsor>, <cosponsor name-id="Q000023">Mr. Quigley</cosponsor>, <cosponsor name-id="R000606">Mr. Raskin</cosponsor>, <cosponsor name-id="S001226">Ms. Salinas</cosponsor>, <cosponsor name-id="S001145">Ms. Schakowsky</cosponsor>, <cosponsor name-id="S001150">Mr. Schiff</cosponsor>, <cosponsor name-id="S001218">Ms. Stansbury</cosponsor>, <cosponsor name-id="T000481">Ms. Tlaib</cosponsor>, <cosponsor name-id="T000487">Ms. Tokuda</cosponsor>, <cosponsor name-id="T000469">Mr. Tonko</cosponsor>, <cosponsor name-id="V000081">Ms. Velázquez</cosponsor>, <cosponsor name-id="W000822">Mrs. Watson Coleman</cosponsor>, <cosponsor name-id="N000002">Mr. Nadler</cosponsor>, <cosponsor name-id="F000476">Mr. Frost</cosponsor>, <cosponsor name-id="B001224">Ms. Bush</cosponsor>, <cosponsor name-id="G000586">Mr. García of Illinois</cosponsor>, <cosponsor name-id="B001285">Ms. Brownley</cosponsor>, <cosponsor name-id="V000130">Mr. Vargas</cosponsor>, <cosponsor name-id="E000299">Ms. Escobar</cosponsor>, <cosponsor name-id="T000472">Mr. Takano</cosponsor>, <cosponsor name-id="K000389">Mr. Khanna</cosponsor>, <cosponsor name-id="G000551">Mr. Grijalva</cosponsor>, <cosponsor name-id="W000808">Ms. Wilson of Florida</cosponsor>, <cosponsor name-id="J000288">Mr. Johnson of Georgia</cosponsor>, <cosponsor name-id="H001081">Mrs. Hayes</cosponsor>, <cosponsor name-id="B001292">Mr. Beyer</cosponsor>, <cosponsor name-id="B001318">Ms. Balint</cosponsor>, <cosponsor name-id="L000397">Ms. Lofgren</cosponsor>, <cosponsor name-id="P000613">Mr. Panetta</cosponsor>, <cosponsor name-id="J000305">Ms. Jacobs</cosponsor>, <cosponsor name-id="M000312">Mr. McGovern</cosponsor>, <cosponsor name-id="C001097">Mr. Cárdenas</cosponsor>, <cosponsor name-id="R000579">Mr. Ryan</cosponsor>, <cosponsor name-id="W000788">Ms. Williams of Georgia</cosponsor>, and <cosponsor name-id="L000562">Mr. Lynch</cosponsor>) submitted the following concurrent resolution; which was referred to the <committee-name committee-id="HIF00">Committee on Energy and Commerce</committee-name></action-desc></action><legis-type>CONCURRENT RESOLUTION</legis-type><official-title display="yes">Expressing the sense of Congress that there is a climate emergency which demands a massive-scale mobilization to halt, reverse, and address its consequences and causes.</official-title></form><preamble><whereas><text>Whereas the 8 warmest years on record have now occurred since 2014, with 2016 as the hottest year recorded, and each of the past 4 decades have been warmer than the preceding decade;</text></whereas><whereas><text>Whereas global atmospheric concentrations of the primary global warming pollutant, carbon dioxide—</text><paragraph id="H1E337A23ACC34539BBBD3FEE42B7BCBC"><enum>(1)</enum><text display-inline="yes-display-inline">have increased, primarily due to human activities, including the burning of fossil fuels and deforestation, by 40 percent since preindustrial times, from 280 parts per million to 415 parts per million;</text></paragraph><paragraph id="H88C324B45B2A4A06AA424C44F2ACF7DA"><enum>(2)</enum><text display-inline="yes-display-inline">are rising at a rate of 2 to 3 parts per million annually; and</text></paragraph><paragraph id="H831CA6CB22AF4E568F84881E6394A710"><enum>(3)</enum><text display-inline="yes-display-inline">must be reduced to not more than 350 parts per million, and likely lower, <quote>if humanity wishes to preserve a planet similar to that on which civilization developed and to which life on Earth is adapted,</quote> according to former National Aeronautics and Space Administration climatologist Dr. James Hansen;</text></paragraph></whereas><whereas><text>Whereas global atmospheric concentrations of other global warming pollutants, including methane, nitrous oxide, and hydrofluorocarbons, have also increased substantially since preindustrial times, primarily due to human activities, including the burning of fossil fuels;</text></whereas><whereas><text>Whereas climate science and observations of climate change impacts, including ocean warming, ocean acidification, floods, droughts, wildfires, and extreme weather, demonstrate that a global rise in concentrations of global warming pollutants is already having dangerous impacts on human populations and the environment;</text></whereas><whereas><text>Whereas with the current 1.1 degrees Celsius of warming above preindustrial levels, the National Oceanic and Atmospheric Administration finds that climate change is already increasing the frequency of extreme weather and other climate-related disasters, including drought, wildfire, and storms that include precipitation;</text></whereas><whereas><text>Whereas the overall costs for such disasters for the United States in 2022 was roughly $165 billion, the third highest recorded total costs, including 18 separate weather and climate disasters costing at least 1 billion dollars each and caused at least 474 direct or indirect known fatalities;</text></whereas><whereas><text>Whereas the Centers for Disease Control and Prevention finds there are wide-ranging, acute, and fatal public health consequences from climate change that impact communities across the United States;</text></whereas><whereas><text>Whereas, according to the National Climate and Health Assessment of the United States Global Change Research Program, climate change is a significant threat to the health of the people of the United States, leading to increased—</text><paragraph id="H25221257511A4E0BBDCF3C5B973A1BFB"><enum>(1)</enum><text display-inline="yes-display-inline">temperature-related deaths and illnesses;</text></paragraph><paragraph id="HCBB59AB8632042C39AC5F653DB501494"><enum>(2)</enum><text display-inline="yes-display-inline">air quality impacts;</text></paragraph><paragraph id="H9C0181026D24421C98CBE53625BE3915"><enum>(3)</enum><text display-inline="yes-display-inline">extreme weather events;</text></paragraph><paragraph id="H088E25BA68FD4969AC390E1CF086B341"><enum>(4)</enum><text display-inline="yes-display-inline">numbers of vector-borne diseases;</text></paragraph><paragraph id="H3EFE31FC62174FF8B272C48CA6DBD87E"><enum>(5)</enum><text display-inline="yes-display-inline">waterborne illnesses;</text></paragraph><paragraph id="H8723DD25DA22493F879BC855ABC6A773"><enum>(6)</enum><text display-inline="yes-display-inline">food safety, nutrition, and distribution complications; and</text></paragraph><paragraph id="H365BD39D70AC4DC6832137EC607C24DD"><enum>(7)</enum><text display-inline="yes-display-inline">mental health and well-being concerns;</text></paragraph></whereas><whereas><text>Whereas environmental and public health threats from climate change and climate disasters are not randomly distributed and disproportionately affect low-income communities and communities of color;</text></whereas><whereas><text>Whereas the consequences of climate change are felt most severely by frontline communities and endanger populations made especially vulnerable by existing exposure to extreme weather events, such as children, the elderly, and individuals with preexisting disabilities and health conditions;</text></whereas><whereas><text>Whereas individuals and families on the frontlines of climate change across the United States, including territories, living with income inequality and poverty, institutional racism, inequity on the basis of gender and sexual orientation, poor infrastructure, and lack of access to health care, housing, clean water, and food security are often in close proximity to environmental stressors or sources of pollution, particularly communities of color, indigenous communities, and low-income communities, which—</text><paragraph id="H5289104F3F7243B0BF2C339983E32F36"><enum>(1)</enum><text display-inline="yes-display-inline">are often the first exposed to the impacts of climate change;</text></paragraph><paragraph id="HC9BA9A6B12CD47DF99D5D67EC05C6A80"><enum>(2)</enum><text display-inline="yes-display-inline">experience outsized risk because of the close proximity of the community to environmental hazards and stressors, in addition to collocation with waste and other sources of pollution; and</text></paragraph><paragraph id="H1B363A3368024993ACA83AD2D12A6E9C"><enum>(3)</enum><text display-inline="yes-display-inline">have the fewest resources to mitigate those impacts or to relocate, which will exacerbate preexisting challenges;</text></paragraph></whereas><whereas><text>Whereas climate change holds grave and immediate consequences not just for the population of the United States, including territories, but for communities across the world, particularly those communities in the Global South on the front lines of the climate crisis that are at risk of forced displacement;</text></whereas><whereas><text>Whereas the Department of State, the Department of Defense, and the intelligence community have identified climate change as a threat to national security, and the Department of Homeland Security views climate change as a top national security risk;</text></whereas><whereas><text>Whereas the climatic changes resulting from global warming above 1.5 degrees Celsius above preindustrial levels, including changes resulting from global warming of more than 2 degrees Celsius above preindustrial levels, are projected to result in irreversible, catastrophic changes to public health, livelihoods, quality of life, food security, water supplies, human security, and economic growth;</text></whereas><whereas><text>Whereas even with global warming up to 1.5 degrees Celsius above preindustrial levels, the planet is projected to experience—</text><paragraph id="H025A2805816D4FDBAFD712D7A4092084"><enum>(1)</enum><text display-inline="yes-display-inline">a significant rise in sea levels;</text></paragraph><paragraph id="H4DCA9E832B0F492E834218DB39D151FD"><enum>(2)</enum><text display-inline="yes-display-inline">extraordinary loss of biodiversity; and</text></paragraph><paragraph id="HB84E8E62F29F4EDE84C2AFBD4F2FBEDF"><enum>(3)</enum><text display-inline="yes-display-inline">intensifying droughts, floods, wildfires, and other extreme weather events;</text></paragraph></whereas><whereas><text>Whereas, according to climate scientists, addressing the climate emergency will require a just phase-out of the use of oil, gas, and coal in order to keep the carbon that is the primary constituent of fossil fuels in the ground and out of the atmosphere;</text></whereas><whereas><text>Whereas in 2022 some of the world’s largest oil and gas companies reported record annual profits and rewarded shareholders with buybacks while knowingly exacerbating the ongoing climate crisis;</text></whereas><whereas><text>Whereas the United Nations Intergovernmental Panel on Climate Change has determined that limiting warming through emissions reduction and carbon sequestration will require rapid and immediate acceleration and proliferation of <quote>far-reaching, multilevel, and cross-sectoral climate mitigation</quote> and <quote>transitions in energy, land, urban and rural infrastructure (including transport and buildings), and industrial systems</quote>;</text></whereas><whereas><text>Whereas, in August 2022, the United States took its single most aggressive action to tackle the climate crisis and transition to create renewable energy solutions when the Inflation Reduction Act (in this resolution referred to as the <quote>IRA</quote>) was signed into law by President Biden;</text></whereas><whereas><text>Whereas the IRA includes $369 billion for energy security and climate change, including investments in disadvantaged communities, projects that repurpose retired fossil fuel infrastructure and employ displaced workers, and setting the United States on course for a renewable energy transition as soon as possible;</text></whereas><whereas><text>Whereas the IRA creates new environmental justice block grants, establishes renewable energy financing, provides funding for Tribal communities to boost climate resilience, makes it more affordable to purchase energy efficient and electric appliances, incentivizes domestic manufacturing of renewable energy technologies, and will boost the renewable energy economy;</text></whereas><whereas><text>Whereas the passage of the IRA is projected to reduce the United States global warming emissions between 31 percent to 44 percent below 2005 levels by 2030;</text></whereas><whereas><text>Whereas the UN Environment Programme still found in October 2022 that the existing commitments made in the Nationally Determined Contributions since the 2015 Paris Climate Conference are insufficient to limit warming to 1.5 degrees Celsius;</text></whereas><whereas><text>Whereas urgent governmental action is still required to address the severe environmental, economic, social, public health, and national security threats posed by the climate crisis;</text></whereas><whereas><text>Whereas the massive scope and scale of action necessary to stabilize the climate will continue to require unprecedented levels of public awareness, engagement, and deliberation to develop and implement effective, just, and equitable policies to address the climate crisis;</text></whereas><whereas><text>Whereas the United States has a proud history of collaborative, constructive, massive-scale Federal mobilizations of resources and labor in order to solve great challenges, such as the Interstate Highway System, the Apollo 11 Moon landing, Reconstruction, the New Deal, and World War II;</text></whereas><whereas><text>Whereas the Constitution of the United States protects the fundamental rights to life, liberty, property, and equal protection of the laws, and a climate system capable of sustaining human life is fundamental to a free and ordered society as well as the preservation of our fundamental rights;</text></whereas><whereas><text>Whereas 18 national governments across the world and the European Union have declared a climate emergency, as well as the State of Hawaii and more than 190 other cities, counties, and local jurisdictions in the United States;</text></whereas><whereas><text>Whereas the United States maintains existing resources and international commitments for bilateral and multilateral assistance to support economically emerging countries, including the Green Climate Fund, the Clean Technology Fund, the Adaptation Fund, the Least Developed Countries Fund, and the International Sustainable Landscapes programs, that should be supported with robust funding levels;</text></whereas><whereas><text>Whereas President Biden also maintains existing Executive authority under the National Environmental Policy Act, the Mineral Leasing Act, the Outer Continental Shelf Lands Act, the Naval Petroleum Reserves Production Act, the Clean Water Act, the Natural Gas Act, and the Clean Air Act that can be used to address the ongoing climate crisis;</text></whereas><whereas><text>Whereas, under these existing authorities, the President can phase down the rate of fossil fuel production on federal lands and in federal waters, limit gas exports, halt approval of new fossil fuel infrastructure projects, establish national limits for greenhouse gases, and decarbonize transportation; </text></whereas><whereas><text>Whereas a national climate emergency declaration would further unlock the broad powers of the National Emergency Act, the Defense Production Act, and the Stafford Disaster Relief and Emergency Assistance Act;</text></whereas><whereas><text>Whereas such a declaration can be used to further reduce greenhouse gas emissions, address environmental injustice, invest in large scale mitigation and resiliency projects, create additional jobs with family sustaining wages and benefits, and ensure a just transition to a renewable energy economy;</text></whereas><whereas><text>Whereas such a declaration will allow the United States to further mobilize domestic industry, ramp up domestic manufacturing of renewable energy technologies, and deploy resilient energy infrastructure;</text></whereas><whereas><text>Whereas such a declaration can also reinstate the ban on crude oil exports, suspend offshore fossil fuel leases, curb fossil fuel imports, and stop the hundreds of billions of dollars in investments in fossil fuel projects abroad while taking additional steps toward strengthening our emergency preparedness for thousands of high-risk communities;</text></whereas><whereas><text>Whereas such a declaration necessitates the adoption of policies and processes rooted in principles of racial equity, self-determination, and democracy, as well as the fundamental human rights of all people to clean air and water, healthy food, adequate land, education, and shelter, as promulgated in the 1991 Principles of Environmental Justice;</text></whereas><whereas><text>Whereas front-line communities, Tribal Governments and communities, people of color, and labor unions must be equitably and actively engaged in a national climate emergency declaration, in such a way that aligns with the 1996 Jemez Principles of Democratic Organizing, and prioritized through local climate mitigation and adaptation planning, policy, and program delivery so that workers in the United States, and the communities of those workers, are guaranteed a strong, viable economic future; and</text></whereas><whereas><text>Whereas the United States has an obligation, as a primary driver of accelerated climate change, to mobilize at emergency speed to ensure the safest climate and environment possible not just for communities of the United States but for communities across the world, particularly those on the front lines of the climate crisis which have least contributed to the crisis, and to account for global and community impacts of any actions it takes in response to the climate crisis: Now, therefore, be it</text></whereas></preamble><resolution-body style="traditional" id="H1A3D26B1436A4306B16DE85BCE06B5C7"><section display-inline="yes-display-inline" section-type="undesignated-section" id="HB2C8C55643E84275BD724CE5ABC81A33"><enum/><text>That it is the sense of Congress that–</text><paragraph id="H7245E2829E524C6AAD0624DB1AB44E7B"><enum>(1)</enum><text>climate change caused by human activities, which increase emissions of greenhouse gases, constitutes a climate emergency that—</text><subparagraph id="HF60B939ECE894F9C99EB68A487EDBD22"><enum>(A)</enum><text>severely and urgently impacts the economic and social well-being, health, safety, and national security of the United States; and</text></subparagraph><subparagraph id="HB854EBC3D4D642969BBE543A01492932"><enum>(B)</enum><text display-inline="yes-display-inline">demands that the President wield both existing authorities and emergency powers to ensure a national, social, industrial, and economic mobilization of the resources and labor of the United States at a massive scale to mitigate and prepare for the consequences of the climate emergency for current and future generations; and</text></subparagraph></paragraph><paragraph id="HECDEBF827E934BD4AA5E972B14FDE94B" commented="no"><enum>(2)</enum><text>nothing in this concurrent resolution constitutes a declaration of a national emergency for the purposes of any Act of Congress authorizing the exercise, during the period of a national emergency or other type of declared emergency, of any special or extraordinary power. </text></paragraph></section></resolution-body></resolution> 

