<?xml version="1.0"?>
<?xml-stylesheet type="text/xsl" href="billres.xsl"?>
<!DOCTYPE resolution PUBLIC "-//US Congress//DTDs/res.dtd//EN" "res.dtd">
<resolution dms-id="HB722CAF1F46B4CC8AE8260D8C895AFF3" public-private="public" resolution-stage="Received-in-Senate" resolution-type="house-concurrent" star-print="no-star-print" key="G" stage-count="1"><metadata xmlns:dc="http://purl.org/dc/elements/1.1/">
<dublinCore>
<dc:title>118 HCON 93 : Providing for a joint session of Congress to receive a message from the President.</dc:title>
<dc:publisher>U.S. House of Representatives</dc:publisher>
<dc:date>2024-03-06</dc:date>
<dc:format>text/xml</dc:format>
<dc:language>EN</dc:language>
<dc:rights>Pursuant to Title 17 Section 105 of the United States Code, this file is not subject to copyright protection and is in the public domain.</dc:rights>
</dublinCore>
</metadata>
<form>
<distribution-code display="yes">II</distribution-code><congress display="yes">118th CONGRESS</congress><session display="yes">2d Session</session><legis-num>H. CON. RES. 93</legis-num><current-chamber>IN THE SENATE OF THE UNITED STATES</current-chamber><action><action-date date="20240306">March 6, 2024</action-date><action-desc>Received</action-desc></action><legis-type>CONCURRENT RESOLUTION</legis-type><official-title display="yes">Providing for a joint session of Congress to receive a message from the President.</official-title></form><resolution-body style="traditional" id="H28B438B1264F426B86DA612CDF32653E"><section display-inline="yes-display-inline" section-type="undesignated-section" id="H2444DD6600A64650A46D343AB3530E70"><enum/><text>That the two Houses of Congress assemble in the Hall of the House of Representatives on Thursday, March 7, 2024, at 9 p.m., for the purpose of receiving<pagebreak></pagebreak> such communication as the President of the United States shall be pleased to make to them.</text></section></resolution-body><attestation><attestation-group><attestation-date date="20240305" chamber="House">Passed the House of Representatives March 5, 2024.</attestation-date><attestor display="yes">Kevin F. McCumber,</attestor><role>Clerk.</role></attestation-group></attestation></resolution> 

