<?xml version="1.0"?>
<?xml-stylesheet type="text/xsl" href="billres.xsl"?>
<!DOCTYPE resolution PUBLIC "-//US Congress//DTDs/res.dtd//EN" "res.dtd">
<resolution resolution-stage="Introduced-in-House" dms-id="HB56D4BE9EC6043ADB61C37F286DDF32A" public-private="public" resolution-type="house-concurrent" star-print="no-star-print" key="H"><metadata xmlns:dc="http://purl.org/dc/elements/1.1/">
<dublinCore>
<dc:title>118 HCON 40 IH: Expressing support for local law enforcement officers and condemning efforts to defund or dismantle local law enforcement agencies.</dc:title>
<dc:publisher>U.S. House of Representatives</dc:publisher>
<dc:date>2023-05-05</dc:date>
<dc:format>text/xml</dc:format>
<dc:language>EN</dc:language>
<dc:rights>Pursuant to Title 17 Section 105 of the United States Code, this file is not subject to copyright protection and is in the public domain.</dc:rights>
</dublinCore>
</metadata>
<form>
<distribution-code display="yes">IV</distribution-code><congress display="yes">118th CONGRESS</congress><session display="yes">1st Session</session><legis-num display="yes">H. CON. RES. 40</legis-num><current-chamber>IN THE HOUSE OF REPRESENTATIVES</current-chamber><action display="yes"><action-date date="20230505">May 5, 2023</action-date><action-desc><sponsor name-id="B001297">Mr. Buck</sponsor> (for himself and <cosponsor name-id="B001302">Mr. Biggs</cosponsor>) submitted the following concurrent resolution; which was referred to the <committee-name committee-id="HJU00">Committee on the Judiciary</committee-name></action-desc></action><legis-type>CONCURRENT RESOLUTION</legis-type><official-title display="yes">Expressing support for local law enforcement officers and condemning efforts to defund or dismantle local law enforcement agencies.</official-title></form><preamble> 
<whereas><text>Whereas our brave men and women in local law enforcement work tirelessly to protect the communities they serve;</text></whereas> <whereas><text>Whereas local law enforcement officers are tasked with upholding the rule of law and ensuring public safety;</text></whereas> 
<whereas><text>Whereas local law enforcement officers selflessly put themselves in harm’s way to fight crime, get drugs off our streets, and protect the innocent;</text></whereas> <whereas><text>Whereas, in the summer of 2020, looting, rioting, and violence in major cities caused the destruction of many shops, restaurants, and businesses;</text></whereas> 
<whereas><text>Whereas, in 2020, the United States tallied more than 21,000 murders—the highest total since 1995 and 4,900 more than in 2019;</text></whereas> <whereas><text>Whereas leftist activists and progressive politicians called for the defunding and dismantling of local police departments across the country and actively encouraged resentment toward local law enforcement;</text></whereas> 
<whereas><text>Whereas the defund the police movement vilifies and demonizes local law enforcement officers and puts them at greater risk of danger;</text></whereas> <whereas><text>Whereas many local jurisdictions defunded their police departments and saw a subsequent increase in violent crime;</text></whereas> 
<whereas><text>Whereas violent leftist extremists have repeatedly attacked and assaulted local law enforcement officers; and</text></whereas> <whereas><text>Whereas local law enforcement officers deserve our respect and profound gratitude: Now, therefore, be it</text></whereas></preamble><resolution-body style="traditional" id="H855759C4AA8444E79A31D649A7803977"> 
<section display-inline="yes-display-inline" section-type="undesignated-section" id="HA44B70C99E3246C599E2F8FF7277561C"><text>That Congress—</text> <paragraph id="HAE76791BAF8046C3949AFC8FCD0F33DC"><enum>(1)</enum><text display-inline="yes-display-inline">recognizes and appreciates the dedication and devotion demonstrated by the men and women of local law enforcement who keep our communities safe; and </text></paragraph> 
<paragraph id="HD0FD09173EC540EC8CA6733FB6BE31AA"><enum>(2)</enum><text display-inline="yes-display-inline">condemns calls to defund, disband, dismantle, or abolish the police.</text></paragraph></section> </resolution-body></resolution>

