<?xml version="1.0"?>
<?xml-stylesheet type="text/xsl" href="billres.xsl"?>
<!DOCTYPE resolution PUBLIC "-//US Congress//DTDs/res.dtd//EN" "res.dtd">
<resolution resolution-stage="Engrossed-in-House" dms-id="HB56D4BE9EC6043ADB61C37F286DDF32A" public-private="public" resolution-type="house-concurrent" star-print="no-star-print" key="H" stage-count="1">
<metadata xmlns:dc="http://purl.org/dc/elements/1.1/">
<dublinCore>
<dc:title>118 HCON 40 EH: Expressing support for local law enforcement officers and condemning efforts to defund or dismantle local law enforcement agencies.</dc:title>
<dc:publisher>U.S. House of Representatives</dc:publisher>
<dc:date></dc:date>
<dc:format>text/xml</dc:format>
<dc:language>EN</dc:language>
<dc:rights>Pursuant to Title 17 Section 105 of the United States Code, this file is not subject to copyright protection and is in the public domain.</dc:rights>
</dublinCore>
</metadata>
<form>
<distribution-code display="no">IV</distribution-code>
<congress display="yes">118th CONGRESS</congress>
<session display="yes">1st Session</session>
<legis-num display="yes">H. CON. RES. 40</legis-num>
<current-chamber display="no">IN THE HOUSE OF REPRESENTATIVES</current-chamber>
<legis-type>CONCURRENT RESOLUTION</legis-type>
<official-title display="no">Expressing support for local law enforcement officers and condemning efforts to defund or dismantle local law enforcement agencies.</official-title>
</form>
<preamble>
<whereas><text>Whereas our brave men and women in local law enforcement work tirelessly to protect the communities they serve;</text></whereas> <whereas><text>Whereas local law enforcement officers are tasked with upholding the rule of law and ensuring public safety;</text></whereas>
<whereas><text>Whereas local law enforcement officers selflessly put themselves in harm’s way to fight crime, get drugs off our streets, and protect the innocent;</text></whereas> <whereas><text>Whereas, in the summer of 2020, looting, rioting, and violence in major cities caused the destruction of many shops, restaurants, and businesses;</text></whereas>
<whereas><text>Whereas, in 2020, the United States tallied more than 21,000 murders—the highest total since 1995 and 4,900 more than in 2019;</text></whereas> <whereas><text>Whereas leftist activists and progressive politicians called for the defunding and dismantling of local police departments across the country and actively encouraged resentment toward local law enforcement;</text></whereas>
<whereas><text>Whereas the defund the police movement vilifies and demonizes local law enforcement officers and puts them at greater risk of danger;</text></whereas> <whereas><text>Whereas many local jurisdictions defunded their police departments and saw a subsequent increase in violent crime;</text></whereas>
<whereas><text>Whereas calls to <quote>defund</quote>, <quote>disband</quote>, <quote>dismantle</quote>, or <quote>abolish</quote> the police should be condemned and rule of law should be strictly maintained;</text></whereas> <whereas><text>Whereas local law enforcement officers take an oath to never betray the public trust;</text></whereas>
<whereas><text>Whereas in the course of investigations into officers who have allegedly exhibited misconduct, local law enforcement should have certain rights to ensure a fair administration of justice, including— </text> <paragraph id="HC9DF4330C1C8429195FF9BD33C16F443"><enum>(1)</enum><text>a local law enforcement officer’s inherent right to self-defense against physical threats; </text></paragraph> 
<paragraph id="H9D98567E314143ADB509D7393711BFC5"><enum>(2)</enum><text>a local law enforcement officer’s right to legal recourse if a civilian attempts to assault the local law enforcement officer; </text></paragraph> <paragraph id="H7297A9B654274E509336D261D50F5E27"><enum>(3)</enum><text>a local law enforcement officer’s right to be protected from physical harassment targeting a local law enforcement officer; </text></paragraph> 
<paragraph id="H2C27AC46D2434C47AA9A0C7FC17B52E5"><enum>(4)</enum><text>a local law enforcement officer’s right to equipment necessary for personal protection; </text></paragraph> <paragraph id="HF1E51C257BA24472BFDFAB4FBE71E4BD"><enum>(5)</enum><text>a local law enforcement officer’s right to counsel or a representative present at any interview conducted as part of an investigation; </text></paragraph> 
<paragraph id="H856FE9B8073340E08287A16D49BDC170"><enum>(6)</enum><text>a local law enforcement officer’s right to be informed of the nature of the investigation before any interview commences, including the name of the complainant and sufficient information to reasonably apprise the officer of the allegations; </text></paragraph> <paragraph id="HA8B1B55E1AAD4C17BF713BFFCC23858C"><enum>(7)</enum><text>during questioning in the course of an investigation a local law enforcement officer’s right— </text> 
<subparagraph id="H596283BB33A745D6946C3B0323643035"><enum>(A)</enum><text>to not be subjected to any offensive language; </text></subparagraph> <subparagraph id="HA28EEDCAE4254007B78E860397D4501B"><enum>(B)</enum><text>to not be threatened with departmental, civil, or criminal charges; and </text></subparagraph> 
<subparagraph id="HDE999CC4B3674E26A7D2B3366D6DF008"><enum>(C)</enum><text>to not receive financial or promotional inducement; </text></subparagraph></paragraph> <paragraph id="H60176858230C40FB81A81C3E5DB3F2FF"><enum>(8)</enum><text>a local law enforcement officer’s right to a hearing, with notification in advance of the date, access to transcripts, other relevant documents, and evidence; </text></paragraph> 
<paragraph id="H0FE770607D1B4C90864CEE4D9DE362FB"><enum>(9)</enum><text>a local law enforcement officer’s right to have the opportunity to respond to adverse accusations; and </text></paragraph> <paragraph id="H57338F9B2418493FA883FC7A08EAADE9"><enum>(10)</enum><text>a local law enforcement officer’s right to not be disciplined for exercising a Fifth Amendment right to remain silent unless granted immunity that such statements will not be used against the officer in any criminal proceeding; </text></paragraph></whereas>
<whereas><text>Whereas in order to ensure these investigations are conducted in a manner that protects the public, respects the rights of local law enforcement personnel, and is conducive to good order and discipline; </text></whereas> <whereas><text>Whereas States across the country are encouraged to adopt a <quote>Bill of Rights</quote> for local law enforcement personnel for protections related to investigation and prosecution arising from conduct during official performance of duties; </text></whereas>
<whereas><text>Whereas the local law enforcement community protects our streets, acknowledges the rights of all Americans, and keeps citizens safe from harm; </text></whereas> <whereas><text>Whereas local law enforcement officers are recognized for their public service to all, knowing they face extremely dangerous situations while carrying out their duties; </text></whereas>
<whereas><text>Whereas a healthy and collaborative relationship between local law enforcement officers and the communities they serve is essential to creating mutually respectful dialogue; </text></whereas> <whereas><text>Whereas violent leftist extremists have repeatedly attacked and assaulted local law enforcement officers; and</text></whereas>
<whereas><text>Whereas local law enforcement officers deserve our respect and profound gratitude: Now, therefore, be it</text></whereas></preamble> <resolution-body style="traditional" id="H855759C4AA8444E79A31D649A7803977"> <section display-inline="yes-display-inline" section-type="undesignated-section" id="HA44B70C99E3246C599E2F8FF7277561C"><enum/><text>That Congress—</text>
<paragraph id="HAE76791BAF8046C3949AFC8FCD0F33DC"><enum>(1)</enum><text display-inline="yes-display-inline">recognizes and appreciates the dedication and devotion demonstrated by the men and women of local law enforcement who keep our communities safe; and </text></paragraph> <paragraph id="HD0FD09173EC540EC8CA6733FB6BE31AA"><enum>(2)</enum><text display-inline="yes-display-inline">condemns calls to defund, disband, dismantle, or abolish the police.</text></paragraph></section>
</resolution-body>
<attestation><attestation-group><attestation-date date="20230518" chamber="House">Passed the House of Representatives May 18, 2023.</attestation-date><attestor display="no">Cheryl L. Johnson,</attestor><role>Clerk.</role></attestation-group></attestation>
<endorsement display="yes"></endorsement>
</resolution> 


