<?xml version="1.0"?>
<?xml-stylesheet type="text/xsl" href="billres.xsl"?>
<!DOCTYPE resolution PUBLIC "-//US Congress//DTDs/res.dtd//EN" "res.dtd">
<resolution resolution-stage="Introduced-in-House" dms-id="H93927AB2436F4831AB683BF7DF8E2E23" public-private="public" resolution-type="house-concurrent" star-print="no-star-print" key="H"><metadata xmlns:dc="http://purl.org/dc/elements/1.1/">
<dublinCore>
<dc:title>118 HCON 60 IH: Calling for the immediate release of Marc Fogel, a United States citizen and teacher, who was given an unjust and disproportionate criminal sentence by the Government of the Russian Federation in June 2022.</dc:title>
<dc:publisher>U.S. House of Representatives</dc:publisher>
<dc:date>2023-07-26</dc:date>
<dc:format>text/xml</dc:format>
<dc:language>EN</dc:language>
<dc:rights>Pursuant to Title 17 Section 105 of the United States Code, this file is not subject to copyright protection and is in the public domain.</dc:rights>
</dublinCore>
</metadata>
<form>
<distribution-code display="yes">IV</distribution-code><congress display="yes">118th CONGRESS</congress><session display="yes">1st Session</session><legis-num display="yes">H. CON. RES. 60</legis-num><current-chamber>IN THE HOUSE OF REPRESENTATIVES</current-chamber><action display="yes"><action-date date="20230726">July 26, 2023</action-date><action-desc><sponsor name-id="D000530">Mr. Deluzio</sponsor> (for himself, <cosponsor name-id="R000610">Mr. Reschenthaler</cosponsor>, <cosponsor name-id="E000296">Mr. Evans</cosponsor>, <cosponsor name-id="B001296">Mr. Boyle of Pennsylvania</cosponsor>, <cosponsor name-id="K000376">Mr. Kelly of Pennsylvania</cosponsor>, <cosponsor name-id="D000631">Ms. Dean of Pennsylvania</cosponsor>, <cosponsor name-id="F000466">Mr. Fitzpatrick</cosponsor>, <cosponsor name-id="W000826">Ms. Wild</cosponsor>, <cosponsor name-id="S001205">Ms. Scanlon</cosponsor>, <cosponsor name-id="M001204">Mr. Meuser</cosponsor>, <cosponsor name-id="T000467">Mr. Thompson of Pennsylvania</cosponsor>, <cosponsor name-id="H001085">Ms. Houlahan</cosponsor>, <cosponsor name-id="C001090">Mr. Cartwright</cosponsor>, <cosponsor name-id="L000602">Ms. Lee of Pennsylvania</cosponsor>, and <cosponsor name-id="Z000018">Mr. Zinke</cosponsor>) submitted the following concurrent resolution; which was referred to the <committee-name committee-id="HFA00">Committee on Foreign Affairs</committee-name></action-desc></action><legis-type>CONCURRENT RESOLUTION</legis-type><official-title display="yes">Calling for the immediate release of Marc Fogel, a United States citizen and teacher, who was given an unjust and disproportionate criminal sentence by the Government of the Russian Federation in June 2022.</official-title></form><preamble><whereas><text>Whereas United States citizen Marc Fogel has lived a life of service, teaching history at international schools in Colombia, Malaysia, Oman, Venezuela, and Russia for 35 years;</text></whereas><whereas><text>Whereas Marc Fogel taught at the Anglo-American School of Moscow from 2012 to 2021, honorably serving the children of United States diplomats and members of the Armed Forces;</text></whereas><whereas><text>Whereas Marc Fogel is known to his family, friends, colleagues, and students as a kind, personable, upbeat, and giving man, a loving father, and a passionate and dedicated teacher;</text></whereas><whereas><text>Whereas Marc Fogel has undergone three back surgeries, a spinal fusion, a hip replacement, and two knee surgeries to correct various injuries and health issues, which have left him with chronic back pain and a permanent limp;</text></whereas><whereas><text>Whereas Marc Fogel did not wish to use opioids to manage his pain and was instead prescribed medical marijuana for pain management in a manner consistent with the State law of Pennsylvania;</text></whereas><whereas><text>Whereas, on August 14, 2021, as he returned to Russia for one final year of teaching before his intended retirement, Marc Fogel was arrested in the Sheremetyevo airport in Moscow for carrying about half an ounce of medical marijuana in his luggage;</text></whereas><whereas><text>Whereas Marc Fogel has stated he intended that marijuana solely for personal consumption, and the Government of the Russian Federation has presented no evidence to the contrary;</text></whereas><whereas><text>Whereas, on June 16, 2022, a Russian court convicted Marc Fogel of <quote>large-scale drugs smuggling</quote> in a politicized show trial and sentenced him to 14 years in a maximum-security penal colony in Russia;</text></whereas><whereas><text>Whereas Russian lawyers informed the family that the typical sentence for Marc Fogel’s offense is five years of probation, and in 2019, the same Russian court sentenced Alexander Grigoriev to eight years in prison for the possession of 1,500 grams of various narcotics;</text></whereas><whereas><text>Whereas Marc Fogel’s sentence is vastly disproportionate to the severity of his nonviolent crime, wildly dissimilar to the typical punishments for comparable offenses in Russia, and clearly motivated by ongoing political tensions between Russia and the United States;</text></whereas><whereas><text>Whereas, in August 2022, Russian courts denied Marc Fogel’s appeal of his sentence;</text></whereas><whereas><text>Whereas the 2021 Country Report on Human Rights Practices in Russia issued by the Department of State reported, <quote>Conditions in prisons and detention centers … were often harsh and life threatening. Overcrowding, abuse by guards and inmates, limited access to health care, food shortages, and inadequate sanitation were common</quote>;</text></whereas><whereas><text>Whereas Marc Fogel turns 62 years old in July 2023, and his physical and mental health is rapidly declining due to the stress and harsh conditions of his detention, such that his family fears he will not survive his sentence; and</text></whereas><whereas><text>Whereas the Department of State requested Marc Fogel be released from Russian custody on humanitarian grounds, but received no response to that request: Now, therefore, be it</text></whereas></preamble><resolution-body style="traditional" id="H3FEDDBA32F5D4C4D8C1734AC5E627FA3"><section display-inline="yes-display-inline" section-type="undesignated-section" id="HC9342D3B82CA4FFEB928952EA77DBB9B"><enum/><text>That Congress—</text><paragraph id="H38CDECAE59EC450481DF476EBE888D5D"><enum>(1)</enum><text>calls on the Government of the Russian Federation to immediately release Marc Fogel, who has already served more time in prison than his minor and nonviolent crimes can justify;</text></paragraph><paragraph id="H10FE381C78AA4D6BA52E239C0E4B4189"><enum>(2)</enum><text>urges the Government of the Russian Federation to respect Marc Fogel’s human rights and to provide full, unfettered, and consistent consular access to Marc Fogel while he remains in detention, in accordance with its international obligations;</text></paragraph><paragraph id="HE83A4CFA82E646BEA0EBD6B0CA709502"><enum>(3)</enum><text>urges all United States executive branch officials, including President Joseph Biden, Secretary of State Antony Blinken, and Special Presidential Envoy for Hostage Affairs Roger Carstens, to raise the case of Marc Fogel and to press for his immediate release in all interactions with the Government of the Russian Federation;</text></paragraph><paragraph id="H10E74952005D4BDDA728949B96AE7997"><enum>(4)</enum><text>urges the Government of the Russian Federation to desist from issuing outlandishly disproportionate criminal sentences to nonviolent United States citizens;</text></paragraph><paragraph id="HD5184427033B4FC4AB0D4E24DFED2349"><enum>(5)</enum><text>condemns the Government of the Russian Federation’s continued use of detentions and prosecutions of citizens and lawful permanent residents of the United States for political purposes;</text></paragraph><paragraph id="H19BD1E32A8AD4800B77B0064FA529073"><enum>(6)</enum><text>calls for the immediate release of other citizens and lawful permanent residents of the United States who are wrongfully detained in Russia, such as Paul Whelan, Evan Gershkovich, and Vladimir Kara-Murza; and</text></paragraph><paragraph id="HF47DD085759A47CBB1260ED2265DC20E"><enum>(7)</enum><text>expresses sympathy for and solidarity with the families of all other citizens and lawful permanent residents of the United States wrongfully detained abroad for the personal hardship experienced as a result of the arbitrary and baseless detention of their loved ones. </text></paragraph></section></resolution-body></resolution> 

