<?xml version="1.0"?>
<?xml-stylesheet type="text/xsl" href="billres.xsl"?>
<!DOCTYPE resolution PUBLIC "-//US Congress//DTDs/res.dtd//EN" "res.dtd">
<resolution dms-id="HDCB77708D06E44FA8AF1044D6CFD7EE6" public-private="public" resolution-stage="Engrossed-in-House" resolution-type="house-concurrent" star-print="no-star-print" key="H" stage-count="1"> 
<metadata xmlns:dc="http://purl.org/dc/elements/1.1/">
<dublinCore>
<dc:title>118 HCON 100 EH: Directing the Clerk of the House of Representatives to make a correction in the enrollment of H.R. 2882.</dc:title>
<dc:publisher>U.S. House of Representatives</dc:publisher>
<dc:date></dc:date>
<dc:format>text/xml</dc:format>
<dc:language>EN</dc:language>
<dc:rights>Pursuant to Title 17 Section 105 of the United States Code, this file is not subject to copyright protection and is in the public domain.</dc:rights>
</dublinCore>
</metadata>
<form>
<distribution-code display="no">I</distribution-code> 
<congress display="yes">118th CONGRESS</congress> 
<session display="yes">2d Session</session> 
<legis-num display="yes">H. CON. RES. 100</legis-num> 
<current-chamber display="no">IN THE HOUSE OF REPRESENTATIVES</current-chamber> 
<legis-type>CONCURRENT RESOLUTION</legis-type> 
<official-title display="no">Directing the Clerk of the House of Representatives to make a correction in the enrollment of H.R. 2882.</official-title> 
</form> 
<resolution-body style="traditional" id="H02E836A9C1D4489B977F516413014467"> 
<section display-inline="yes-display-inline" section-type="undesignated-section" id="HE1FB7D514E1444DB8FE89B84BF9E6353"></section> 
<section id="HE6C15FDFF0D34FA18135E627D7CEE2CE" display-inline="yes-display-inline" section-type="undesignated-section"><text display-inline="yes-display-inline">That in the enrollment of the bill H.R. 2882, the Clerk of the House of Representatives shall make the following correction:</text></section> <section id="HD9019B0985FB4A3BB995338ACC24FB59" section-type="undesignated-section"><text display-inline="yes-display-inline">Amend the title so as to read: <quote>Making further consolidated appropriations for the fiscal year ending September 30, 2024, and for other purposes.</quote>.</text></section> 
</resolution-body> 
<attestation><attestation-group><attestation-date date="20240322" chamber="House">Passed the House of Representatives March 22, 2024.</attestation-date><attestor display="no">Cheryl L. Johnson,</attestor><role>Clerk.</role></attestation-group></attestation>
<endorsement display="yes"></endorsement>
</resolution> 


