<mods xmlns:xlink="http://www.w3.org/1999/xlink" xmlns:xsi="http://www.w3.org/2001/XMLSchema-instance" xmlns="http://www.loc.gov/mods/v3" version="3.3" xsi:schemaLocation="http://www.loc.gov/mods/v3 http://www.loc.gov/standards/mods/v3/mods-3-3.xsd" ID="P0b002ee1bfa61e71">
    <name type="corporate">
         <namePart>United States Government Publishing Office</namePart>
         <role>
              <roleTerm authority="marcrelator" type="text">publisher</roleTerm>
              <roleTerm authority="marcrelator" type="code">pbl</roleTerm>
        </role>
         <role>
              <roleTerm authority="marcrelator" type="text">distributor</roleTerm>
              <roleTerm authority="marcrelator" type="code">dst</roleTerm>
        </role>
    </name>
    <name type="corporate">
         <namePart>United States</namePart>
         <namePart>Congress</namePart>
         <namePart>House of Representatives</namePart>
         <role>
              <roleTerm authority="marcrelator" type="text">author</roleTerm>
              <roleTerm authority="marcrelator" type="code">aut</roleTerm>
        </role>
         <description>Government Organization</description>
    </name>
    <typeOfResource>text</typeOfResource>
    <genre authority="marcgt">government publication</genre>
    <language>
         <languageTerm type="code" authority="iso639-2b">eng</languageTerm>
    </language>
    <extension>
         <collectionCode>BILLS</collectionCode>
         <searchTitle>Providing for congressional disapproval under chapter 8 of title 5, United States Code, of the rule submitted by U.S. Citizenship and Immigration Services and the Executive Officer for Immigration Review relating to Circumvention of Lawful Pathways.;H.J. Res. 83 (IH)
    </searchTitle>
         <category>Bills and Statutes</category>
         <waisDatabaseName>118_cong_bills</waisDatabaseName>
         <branch>legislative</branch>
         <dateIngested>2023-07-28</dateIngested>
    </extension>
    <titleInfo>
         <title>Providing for congressional disapproval under chapter 8 of title 5, United States Code, of the rule submitted by U.S. Citizenship and Immigration Services and the Executive Officer for Immigration Review relating to Circumvention of Lawful Pathways.</title>
    </titleInfo>
    <titleInfo type="alternative">
         <title>H.J. Res. 83 (IH)
    </title>
    </titleInfo>
    <originInfo>
         <publisher>U.S. Government Publishing Office</publisher>
         <dateIssued encoding="w3cdtf">2023-07-27</dateIssued>
         <issuance>monographic</issuance>
    </originInfo>
    <physicalDescription>
         <note type="source content type">deposited</note>
         <digitalOrigin>born digital</digitalOrigin>
         <extent>2 p.</extent>
    </physicalDescription>
    <classification authority="sudocs">Y 1.6:</classification>
    <classification authority="sudocs">Y 1.4/8:</classification>
    <identifier type="local">P0b002ee1bfa61e71</identifier>
    <identifier type="uri">https://www.govinfo.gov/app/details/BILLS-118hjres83ih</identifier>
    <identifier type="preferred citation">H.J. Res. 83</identifier>
    <identifier type="stock number">021-610-00252-9</identifier>
    <identifier type="Parent ILS system id">000501532</identifier>
    <identifier type="Child ILS system id">000325570</identifier>
    <identifier type="Parent ILS title">Congressional bills</identifier>
    <identifier type="Child ILS title">House joint resolutions</identifier>
    <identifier type="former package identifier">f:hj83_ih.txt</identifier>
    <location>
         <url displayLabel="Content Detail" access="object in context">https://www.govinfo.gov/app/details/BILLS-118hjres83ih</url>
         <url displayLabel="HTML rendition" access="raw object">https://www.govinfo.gov/content/pkg/BILLS-118hjres83ih/html/BILLS-118hjres83ih.htm</url>
         <url displayLabel="PDF rendition" access="raw object">https://www.govinfo.gov/content/pkg/BILLS-118hjres83ih/pdf/BILLS-118hjres83ih.pdf</url>
         <url displayLabel="XML rendition" access="raw object">https://www.govinfo.gov/content/pkg/BILLS-118hjres83ih/xml/BILLS-118hjres83ih.xml</url>
    </location>
    <accessCondition type="GPO scope determination">fdlp</accessCondition>
    <recordInfo>
         <recordContentSource authority="marcorg">DGPO</recordContentSource>
         <recordCreationDate encoding="w3cdtf">2023-07-28</recordCreationDate>
         <recordChangeDate encoding="w3cdtf">2023-07-28</recordChangeDate>
         <recordIdentifier source="DGPO">BILLS-118hjres83ih</recordIdentifier>
         <recordOrigin>machine generated</recordOrigin>
         <languageOfCataloging>
              <languageTerm type="code" authority="iso639-2b">eng</languageTerm>
        </languageOfCataloging>
    </recordInfo>
    <name type="personal">
         <namePart>August Pfluger</namePart>
         <affiliation>United States House of Representatives</affiliation>
         <role>
              <roleTerm authority="marcrelator" type="text">sponsor</roleTerm>
              <roleTerm authority="marcrelator" type="code">spn</roleTerm>
        </role>
         <description>United States Congress Member</description>
    </name>
    <name type="personal">
         <namePart>John R. Carter</namePart>
         <affiliation>United States House of Representatives</affiliation>
         <role>
              <roleTerm type="text">cosponsor</roleTerm>
        </role>
         <description>United States Congress Member</description>
    </name>
    <name type="personal">
         <namePart>W. Gregory Steube</namePart>
         <affiliation>United States House of Representatives</affiliation>
         <role>
              <roleTerm type="text">cosponsor</roleTerm>
        </role>
         <description>United States Congress Member</description>
    </name>
    <name type="personal">
         <namePart>Jake Ellzey</namePart>
         <affiliation>United States House of Representatives</affiliation>
         <role>
              <roleTerm type="text">cosponsor</roleTerm>
        </role>
         <description>United States Congress Member</description>
    </name>
    <name type="personal">
         <namePart>Diana Harshbarger</namePart>
         <affiliation>United States House of Representatives</affiliation>
         <role>
              <roleTerm type="text">cosponsor</roleTerm>
        </role>
         <description>United States Congress Member</description>
    </name>
    <name type="personal">
         <namePart>Eric A. &quot;Rick&quot; Crawford</namePart>
         <affiliation>United States House of Representatives</affiliation>
         <role>
              <roleTerm type="text">cosponsor</roleTerm>
        </role>
         <description>United States Congress Member</description>
    </name>
    <name type="personal">
         <namePart>John H. Rutherford</namePart>
         <affiliation>United States House of Representatives</affiliation>
         <role>
              <roleTerm type="text">cosponsor</roleTerm>
        </role>
         <description>United States Congress Member</description>
    </name>
    <name type="personal">
         <namePart>Rudy Yakym III</namePart>
         <affiliation>United States House of Representatives</affiliation>
         <role>
              <roleTerm type="text">cosponsor</roleTerm>
        </role>
         <description>United States Congress Member</description>
    </name>
    <name type="personal">
         <namePart>Mary E. Miller</namePart>
         <affiliation>United States House of Representatives</affiliation>
         <role>
              <roleTerm type="text">cosponsor</roleTerm>
        </role>
         <description>United States Congress Member</description>
    </name>
    <name type="personal">
         <namePart>George Santos</namePart>
         <affiliation>United States House of Representatives</affiliation>
         <role>
              <roleTerm type="text">cosponsor</roleTerm>
        </role>
         <description>United States Congress Member</description>
    </name>
    <name type="personal">
         <namePart>Dan Crenshaw</namePart>
         <affiliation>United States House of Representatives</affiliation>
         <role>
              <roleTerm type="text">cosponsor</roleTerm>
        </role>
         <description>United States Congress Member</description>
    </name>
    <name type="personal">
         <namePart>Brett Guthrie</namePart>
         <affiliation>United States House of Representatives</affiliation>
         <role>
              <roleTerm type="text">cosponsor</roleTerm>
        </role>
         <description>United States Congress Member</description>
    </name>
    <name type="personal">
         <namePart>Pete Sessions</namePart>
         <affiliation>United States House of Representatives</affiliation>
         <role>
              <roleTerm type="text">cosponsor</roleTerm>
        </role>
         <description>United States Congress Member</description>
    </name>
    <name type="personal">
         <namePart>Brian Babin</namePart>
         <affiliation>United States House of Representatives</affiliation>
         <role>
              <roleTerm type="text">cosponsor</roleTerm>
        </role>
         <description>United States Congress Member</description>
    </name>
    <name type="personal">
         <namePart>Ryan K. Zinke</namePart>
         <affiliation>United States House of Representatives</affiliation>
         <role>
              <roleTerm type="text">cosponsor</roleTerm>
        </role>
         <description>United States Congress Member</description>
    </name>
    <name type="personal">
         <namePart>Morgan Luttrell</namePart>
         <affiliation>United States House of Representatives</affiliation>
         <role>
              <roleTerm type="text">cosponsor</roleTerm>
        </role>
         <description>United States Congress Member</description>
    </name>
    <name type="personal">
         <namePart>Andrew S. Clyde</namePart>
         <affiliation>United States House of Representatives</affiliation>
         <role>
              <roleTerm type="text">cosponsor</roleTerm>
        </role>
         <description>United States Congress Member</description>
    </name>
    <name type="corporate">
         <namePart>United States</namePart>
         <namePart>Congress</namePart>
         <namePart>House of Representatives</namePart>
         <namePart>Committee on the Judiciary</namePart>
         <role>
              <roleTerm authority="marcrelator" type="text">associated name</roleTerm>
              <roleTerm authority="marcrelator" type="code">asn</roleTerm>
        </role>
    </name>
    <relatedItem type="isReferencedBy">
         <titleInfo>
              <title>United States Code</title>
              <partNumber>Title 5 Chapter 8</partNumber>
        </titleInfo>
         <identifier type="USC citation">5 U.S.C. Chapter 8</identifier>
    </relatedItem>
    <extension>
         <docClass>hjres</docClass>
         <accessId>BILLS-118hjres83ih</accessId>
         <congress>118</congress>
         <session>1</session>
         <originChamber>HOUSE</originChamber>
         <currentChamber>HOUSE</currentChamber>
         <billNumber>83</billNumber>
         <billVersion reprint="false">ih</billVersion>
         <fileSuffix>ih</fileSuffix>
         <officialTitle>Providing for congressional disapproval under chapter 8 of title 5, United States Code, of the rule submitted by U.S. Citizenship and Immigration Services and the Executive Officer for Immigration Review relating to Circumvention of Lawful Pathways.</officialTitle>
         <action date="2023-07-27">Mr. Pfluger (for himself, Mr. Carter of Texas, Mr. Steube, Mr. Ellzey, Mrs. Harshbarger, Mr. Crawford, Mr. Rutherford, Mr. Yakym, Mrs. Miller of Illinois, Mr. Santos, Mr. Crenshaw, Mr. Guthrie, Mr. Sessions, Mr. Babin, Mr. Zinke, Mr. Luttrell, and Mr. Clyde) submitted the following joint resolution; which was referred to the Committee on the Judiciary</action>
         <congCommittee authorityId="hsju00" chamber="H" congress="118" type="S">
                                
              <name type="authority-standard">Committee on the Judiciary</name>
                                
              <name type="authority-short">Judiciary</name>
                            
        </congCommittee>
         <congMember bioGuideId="P000048" chamber="H" congress="118" party="R" role="SPONSOR" state="TX">
                                
              <name type="parsed">Mr. Pfluger</name>
                                
              <name type="authority-fnf">August Pfluger</name>
                                
              <name type="authority-lnf">Pfluger, August</name>
                            
        </congMember>
         <congMember bioGuideId="C001051" chamber="H" congress="118" party="R" role="COSPONSOR" state="TX">
                                
              <name type="parsed">Mr. Carter of Texas</name>
                                
              <name type="authority-fnf">John R. Carter</name>
                                
              <name type="authority-lnf">Carter, John R.</name>
                                
              <name type="authority-other">Mr. John Carter</name>
                            
        </congMember>
         <congMember bioGuideId="S001214" chamber="H" congress="118" party="R" role="COSPONSOR" state="FL">
                                
              <name type="parsed">Mr. Steube</name>
                                
              <name type="authority-fnf">W. Gregory Steube</name>
                                
              <name type="authority-lnf">Steube, W. Gregory</name>
                            
        </congMember>
         <congMember bioGuideId="E000071" chamber="H" congress="118" party="R" role="COSPONSOR" state="TX">
                                
              <name type="parsed">Mr. Ellzey</name>
                                
              <name type="authority-fnf">Jake Ellzey</name>
                                
              <name type="authority-lnf">Ellzey, Jake</name>
                            
        </congMember>
         <congMember bioGuideId="H001086" chamber="H" congress="118" party="R" role="COSPONSOR" state="TN">
                                
              <name type="parsed">Mrs. Harshbarger</name>
                                
              <name type="authority-fnf">Diana Harshbarger</name>
                                
              <name type="authority-lnf">Harshbarger, Diana</name>
                            
        </congMember>
         <congMember bioGuideId="C001087" chamber="H" congress="118" party="R" role="COSPONSOR" state="AR">
                                
              <name type="parsed">Mr. Crawford</name>
                                
              <name type="authority-fnf">Eric A. &quot;Rick&quot; Crawford</name>
                                
              <name type="authority-lnf">Crawford, Eric A. &quot;Rick&quot;</name>
                                
              <name type="authority-other">Mr. Eric Crawford</name>
                            
        </congMember>
         <congMember bioGuideId="R000609" chamber="H" congress="118" party="R" role="COSPONSOR" state="FL">
                                
              <name type="parsed">Mr. Rutherford</name>
                                
              <name type="authority-fnf">John H. Rutherford</name>
                                
              <name type="authority-lnf">Rutherford, John H.</name>
                                
              <name type="authority-other">Mr. John Rutherford</name>
                            
        </congMember>
         <congMember bioGuideId="Y000067" chamber="H" congress="118" party="R" role="COSPONSOR" state="IN">
                                
              <name type="parsed">Mr. Yakym</name>
                                
              <name type="authority-fnf">Rudy Yakym III</name>
                                
              <name type="authority-lnf">Yakym, Rudy</name>
                                
              <name type="authority-other">Rudy Yakym III</name>
                            
        </congMember>
         <congMember bioGuideId="M001211" chamber="H" congress="118" party="R" role="COSPONSOR" state="IL">
                                
              <name type="parsed">Mrs. Miller of Illinois</name>
                                
              <name type="authority-fnf">Mary E. Miller</name>
                                
              <name type="authority-lnf">Miller, Mary E.</name>
                                
              <name type="authority-other">Mrs. Mary Miller</name>
                            
        </congMember>
         <congMember bioGuideId="S001222" chamber="H" congress="118" party="R" role="COSPONSOR" state="NY">
                                
              <name type="parsed">Mr. Santos</name>
                                
              <name type="authority-fnf">George Santos</name>
                                
              <name type="authority-lnf">Santos, George</name>
                            
        </congMember>
         <congMember bioGuideId="C001120" chamber="H" congress="118" party="R" role="COSPONSOR" state="TX">
                                
              <name type="parsed">Mr. Crenshaw</name>
                                
              <name type="authority-fnf">Dan Crenshaw</name>
                                
              <name type="authority-lnf">Crenshaw, Dan</name>
                            
        </congMember>
         <congMember bioGuideId="G000558" chamber="H" congress="118" party="R" role="COSPONSOR" state="KY">
                                
              <name type="parsed">Mr. Guthrie</name>
                                
              <name type="authority-fnf">Brett Guthrie</name>
                                
              <name type="authority-lnf">Guthrie, Brett</name>
                            
        </congMember>
         <congMember bioGuideId="S000250" chamber="H" congress="118" party="R" role="COSPONSOR" state="TX">
                                
              <name type="parsed">Mr. Sessions</name>
                                
              <name type="authority-fnf">Pete Sessions</name>
                                
              <name type="authority-lnf">Sessions, Pete</name>
                            
        </congMember>
         <congMember bioGuideId="B001291" chamber="H" congress="118" party="R" role="COSPONSOR" state="TX">
                                
              <name type="parsed">Mr. Babin</name>
                                
              <name type="authority-fnf">Brian Babin</name>
                                
              <name type="authority-lnf">Babin, Brian</name>
                            
        </congMember>
         <congMember bioGuideId="Z000018" chamber="H" congress="118" party="R" role="COSPONSOR" state="MT">
                                
              <name type="parsed">Mr. Zinke</name>
                                
              <name type="authority-fnf">Ryan K. Zinke</name>
                                
              <name type="authority-lnf">Zinke, Ryan K.</name>
                                
              <name type="authority-other">Mr. Ryan Zinke</name>
                            
        </congMember>
         <congMember bioGuideId="L000603" chamber="H" congress="118" party="R" role="COSPONSOR" state="TX">
                                
              <name type="parsed">Mr. Luttrell</name>
                                
              <name type="authority-fnf">Morgan Luttrell</name>
                                
              <name type="authority-lnf">Luttrell, Morgan</name>
                            
        </congMember>
         <congMember bioGuideId="C001116" chamber="H" congress="118" party="R" role="COSPONSOR" state="GA">
                                
              <name type="parsed">Mr. Clyde</name>
                                
              <name type="authority-fnf">Andrew S. Clyde</name>
                                
              <name type="authority-lnf">Clyde, Andrew S.</name>
                                
              <name type="authority-other">Mr. Andrew Clyde</name>
                            
        </congMember>
         <isPrivate>false</isPrivate>
         <isAppropriation>false</isAppropriation>
         <USCode title="5">
                                
              <chapter number="8"></chapter>
                            
        </USCode>
    </extension>
</mods>