<?xml version="1.0"?>
<?xml-stylesheet type="text/xsl" href="billres.xsl"?>
<!DOCTYPE resolution PUBLIC "-//US Congress//DTDs/res.dtd//EN" "res.dtd">
<resolution resolution-stage="Introduced-in-House" dms-id="HA8F9ED2A977D4F31A7205FE7AC10250B" public-private="public" resolution-type="house-joint" star-print="no-star-print" key="H">
<metadata xmlns:dc="http://purl.org/dc/elements/1.1/">
<dublinCore>
<dc:title>118 HJ 81 IH: Proposing an amendment to the Constitution of the United States to require that the Supreme Court be composed of not more than nine justices.</dc:title>
<dc:publisher>U.S. House of Representatives</dc:publisher>
<dc:date>2023-07-11</dc:date>
<dc:format>text/xml</dc:format>
<dc:language>EN</dc:language>
<dc:rights>Pursuant to Title 17 Section 105 of the United States Code, this file is not subject to copyright protection and is in the public domain.</dc:rights>
</dublinCore>
</metadata>
<form>
<distribution-code display="yes">IA</distribution-code>
<congress display="yes">118th CONGRESS</congress>
<session display="yes">1st Session</session>
<legis-num display="yes">H. J. RES. 81</legis-num>
<current-chamber>IN THE HOUSE OF REPRESENTATIVES</current-chamber>
<action display="yes">
<action-date date="20230711">July 11, 2023</action-date>
<action-desc><sponsor name-id="G000579">Mr. Gallagher</sponsor> (for himself and <cosponsor name-id="W000806">Mr. Webster of Florida</cosponsor>) submitted the following joint resolution; which was referred to the <committee-name committee-id="HJU00">Committee on the Judiciary</committee-name></action-desc>
</action>
<legis-type>JOINT RESOLUTION</legis-type>
<official-title display="yes">Proposing an amendment to the Constitution of the United States to require that the Supreme Court be composed of not more than nine justices.</official-title>
</form>
<resolution-body style="constitutional-amendment" id="H061B7922B3C147798D61C3E467146F25">
<section display-inline="yes-display-inline" section-type="undesignated-section" id="H1BFBEAC7643942EF94A6736D1B7CE19E"><enum/><text>That the following article is proposed as an amendment to the Constitution of the United States, which shall be valid to all intents and purposes as part of the Constitution when ratified by the legislatures of three-fourths of the several States within seven years after the date of its submission for ratification: </text> <quoted-block style="traditional" id="HF928CDF49A5A4A52A6BAD0181845E1EA" display-inline="no-display-inline"><constitution-article id="HE46E44B4D21947BA9A14DFCADD6BC616"><enum> —</enum> <section id="H3757F6B5113F4D96AB5911E55C83ED3C" section-type="section-one"><enum>1.</enum><text display-inline="yes-display-inline">The Supreme Court shall be composed of not more than nine justices.</text></section>
<section id="H7944E5EDC0794E8984FE9360183D20B7" section-type="section-one"><enum>2.</enum><text display-inline="yes-display-inline">The Congress shall have the power to enforce this article by appropriate legislation. </text></section></constitution-article><after-quoted-block>.</after-quoted-block></quoted-block></section> </resolution-body> </resolution> 

