<?xml version="1.0"?>
<?xml-stylesheet type="text/xsl" href="billres.xsl"?>
<!DOCTYPE resolution PUBLIC "-//US Congress//DTDs/res.dtd//EN" "res.dtd">
<resolution resolution-stage="Introduced-in-House" dms-id="H07E22A8E5EA14DEDB0A6E0DD36505021" public-private="public" resolution-type="house-joint" star-print="no-star-print" key="H"><metadata xmlns:dc="http://purl.org/dc/elements/1.1/">
<dublinCore>
<dc:title>118 HJ 111 IH: Disapproving the rule submitted by the Department of Energy relating to “Energy Conservation Program: Energy Conservation Standards for Consumer Furnaces”.</dc:title>
<dc:publisher>U.S. House of Representatives</dc:publisher>
<dc:date>2024-02-01</dc:date>
<dc:format>text/xml</dc:format>
<dc:language>EN</dc:language>
<dc:rights>Pursuant to Title 17 Section 105 of the United States Code, this file is not subject to copyright protection and is in the public domain.</dc:rights>
</dublinCore>
</metadata>
<form>
<distribution-code display="yes">IA</distribution-code><congress display="yes">118th CONGRESS</congress><session display="yes">2d Session</session><legis-num display="yes">H. J. RES. 111</legis-num><current-chamber>IN THE HOUSE OF REPRESENTATIVES</current-chamber><action display="yes"><action-date date="20240201">February 1, 2024</action-date><action-desc><sponsor name-id="F000470">Mrs. Fischbach</sponsor> (for herself, <cosponsor name-id="F000246">Mr. Fallon</cosponsor>, <cosponsor name-id="R000610">Mr. Reschenthaler</cosponsor>, <cosponsor name-id="E000071">Mr. Ellzey</cosponsor>, <cosponsor name-id="S001224">Mr. Self</cosponsor>, <cosponsor name-id="P000599">Mr. Posey</cosponsor>, <cosponsor name-id="C001120">Mr. Crenshaw</cosponsor>, <cosponsor name-id="O000175">Mr. Ogles</cosponsor>, <cosponsor name-id="S001196">Ms. Stefanik</cosponsor>, <cosponsor name-id="J000304">Mr. Jackson of Texas</cosponsor>, <cosponsor name-id="C001116">Mr. Clyde</cosponsor>, <cosponsor name-id="M001211">Mrs. Miller of Illinois</cosponsor>, <cosponsor name-id="L000564">Mr. Lamborn</cosponsor>, <cosponsor name-id="R000103">Mr. Rosendale</cosponsor>, <cosponsor name-id="V000134">Ms. Van Duyne</cosponsor>, <cosponsor name-id="T000478">Ms. Tenney</cosponsor>, <cosponsor name-id="K000392">Mr. Kustoff</cosponsor>, <cosponsor name-id="L000600">Mr. Langworthy</cosponsor>, <cosponsor name-id="R000603">Mr. Rouzer</cosponsor>, <cosponsor name-id="H001096">Ms. Hageman</cosponsor>, <cosponsor name-id="W000814">Mr. Weber of Texas</cosponsor>, <cosponsor name-id="H001086">Mrs. Harshbarger</cosponsor>, <cosponsor name-id="V000133">Mr. Van Drew</cosponsor>, <cosponsor name-id="G000576">Mr. Grothman</cosponsor>, <cosponsor name-id="N000189">Mr. Newhouse</cosponsor>, <cosponsor name-id="L000589">Mrs. Lesko</cosponsor>, <cosponsor name-id="B001295">Mr. Bost</cosponsor>, <cosponsor name-id="R000612">Mr. Rose</cosponsor>, <cosponsor name-id="P000609">Mr. Palmer</cosponsor>, <cosponsor name-id="S001212">Mr. Stauber</cosponsor>, <cosponsor name-id="M001205">Mrs. Miller of West Virginia</cosponsor>, <cosponsor name-id="M001194">Mr. Moolenaar</cosponsor>, <cosponsor name-id="F000475">Mr. Finstad</cosponsor>, <cosponsor name-id="H001067">Mr. Hudson</cosponsor>, <cosponsor name-id="N000190">Mr. Norman</cosponsor>, <cosponsor name-id="E000298">Mr. Estes</cosponsor>, and <cosponsor name-id="B000825">Ms. Boebert</cosponsor>) submitted the following joint resolution; which was referred to the <committee-name committee-id="HIF00">Committee on Energy and Commerce</committee-name></action-desc></action><legis-type>JOINT RESOLUTION</legis-type><official-title display="yes">Disapproving the rule submitted by the Department of Energy relating to <quote>Energy Conservation Program: Energy Conservation Standards for Consumer Furnaces</quote>.</official-title></form><resolution-body style="traditional" id="HA5FC62125FF3499B9E0A9F1F18F701F8"><section display-inline="yes-display-inline" section-type="undesignated-section" id="H2D110C7F52F54920B7888BF1B86F3706"><enum/><text display-inline="yes-display-inline">That Congress disapproves the rule submitted by the Department of Energy relating to <quote>Energy Conservation Program: Energy Conservation Standards for Consumer Furnaces</quote> (88 Fed. Reg. 87502), and such rule shall have no force or effect.</text></section></resolution-body></resolution> 

