<?xml version="1.0"?>
<?xml-stylesheet type="text/xsl" href="billres.xsl"?>
<!DOCTYPE resolution PUBLIC "-//US Congress//DTDs/res.dtd//EN" "res.dtd">
<resolution resolution-stage="Introduced-in-House" dms-id="HEB8F5321F2544E26AFF25145C74DAEE3" public-private="public" resolution-type="house-concurrent" star-print="no-star-print" key="H"><metadata xmlns:dc="http://purl.org/dc/elements/1.1/">
<dublinCore>
<dc:title>118 HCON 9 IH: Denouncing the horrors of socialism.</dc:title>
<dc:publisher>U.S. House of Representatives</dc:publisher>
<dc:date>2023-01-25</dc:date>
<dc:format>text/xml</dc:format>
<dc:language>EN</dc:language>
<dc:rights>Pursuant to Title 17 Section 105 of the United States Code, this file is not subject to copyright protection and is in the public domain.</dc:rights>
</dublinCore>
</metadata>
<form>
<distribution-code display="yes">IV</distribution-code><congress display="yes">118th CONGRESS</congress><session display="yes">1st Session</session><legis-num display="yes">H. CON. RES. 9</legis-num><current-chamber>IN THE HOUSE OF REPRESENTATIVES</current-chamber><action display="yes"><action-date date="20230125">January 25, 2023</action-date><action-desc><sponsor name-id="S000168">Ms. Salazar</sponsor> (for herself, <cosponsor name-id="S001176">Mr. Scalise</cosponsor>, <cosponsor name-id="F000450">Ms. Foxx</cosponsor>, <cosponsor name-id="M001184">Mr. Massie</cosponsor>, <cosponsor name-id="M000317">Ms. Malliotakis</cosponsor>, <cosponsor name-id="W000806">Mr. Webster of Florida</cosponsor>, <cosponsor name-id="B001301">Mr. Bergman</cosponsor>, <cosponsor name-id="G000565">Mr. Gosar</cosponsor>, <cosponsor name-id="G000582">Mrs. González-Colón</cosponsor>, <cosponsor name-id="G000578">Mr. Gaetz</cosponsor>, <cosponsor name-id="N000190">Mr. Norman</cosponsor>, <cosponsor name-id="J000304">Mr. Jackson of Texas</cosponsor>, <cosponsor name-id="B001311">Mr. Bishop of North Carolina</cosponsor>, <cosponsor name-id="R000610">Mr. Reschenthaler</cosponsor>, <cosponsor name-id="H001095">Mr. Hunt</cosponsor>, <cosponsor name-id="N000189">Mr. Newhouse</cosponsor>, <cosponsor name-id="D000615">Mr. Duncan</cosponsor>, <cosponsor name-id="W000823">Mr. Waltz</cosponsor>, <cosponsor name-id="G000593">Mr. Gimenez</cosponsor>, <cosponsor name-id="M001211">Mrs. Miller of Illinois</cosponsor>, <cosponsor name-id="C001116">Mr. Clyde</cosponsor>, <cosponsor name-id="I000056">Mr. Issa</cosponsor>, <cosponsor name-id="J000299">Mr. Johnson of Louisiana</cosponsor>, <cosponsor name-id="G000577">Mr. Graves of Louisiana</cosponsor>, <cosponsor name-id="S001192">Mr. Stewart</cosponsor>, <cosponsor name-id="T000478">Ms. Tenney</cosponsor>, <cosponsor name-id="C001039">Mrs. Cammack</cosponsor>, <cosponsor name-id="H001072">Mr. Hill</cosponsor>, <cosponsor name-id="M001177">Mr. McClintock</cosponsor>, <cosponsor name-id="J000295">Mr. Joyce of Ohio</cosponsor>, <cosponsor name-id="B001306">Mr. Balderson</cosponsor>, <cosponsor name-id="C001054">Mr. Carl</cosponsor>, <cosponsor name-id="L000578">Mr. LaMalfa</cosponsor>, <cosponsor name-id="O000086">Mr. Owens</cosponsor>, <cosponsor name-id="S001196">Ms. Stefanik</cosponsor>, <cosponsor name-id="N000026">Mr. Nehls</cosponsor>, <cosponsor name-id="F000446">Mr. Feenstra</cosponsor>, <cosponsor name-id="L000266">Mr. LaTurner</cosponsor>, <cosponsor name-id="J000289">Mr. Jordan</cosponsor>, <cosponsor name-id="E000071">Mr. Ellzey</cosponsor>, <cosponsor name-id="R000609">Mr. Rutherford</cosponsor>, <cosponsor name-id="T000480">Mr. Timmons</cosponsor>, <cosponsor name-id="P000599">Mr. Posey</cosponsor>, <cosponsor name-id="G000594">Mr. Tony Gonzales of Texas</cosponsor>, <cosponsor name-id="K000392">Mr. Kustoff</cosponsor>, <cosponsor name-id="M001215">Mrs. Miller-Meeks</cosponsor>, <cosponsor name-id="H001067">Mr. Hudson</cosponsor>, <cosponsor name-id="A000055">Mr. Aderholt</cosponsor>, <cosponsor name-id="W000804">Mr. Wittman</cosponsor>, <cosponsor name-id="B001260">Mr. Buchanan</cosponsor>, <cosponsor name-id="M001194">Mr. Moolenaar</cosponsor>, <cosponsor name-id="B000740">Mrs. Bice</cosponsor>, <cosponsor name-id="S000250">Mr. Sessions</cosponsor>, <cosponsor name-id="F000478">Mr. Fry</cosponsor>, <cosponsor name-id="G000589">Mr. Gooden of Texas</cosponsor>, <cosponsor name-id="M001224">Mr. Moran</cosponsor>, <cosponsor name-id="W000809">Mr. Womack</cosponsor>, <cosponsor name-id="A000369">Mr. Amodei</cosponsor>, <cosponsor name-id="B001257">Mr. Bilirakis</cosponsor>, <cosponsor name-id="G000579">Mr. Gallagher</cosponsor>, <cosponsor name-id="W000816">Mr. Williams of Texas</cosponsor>, <cosponsor name-id="C000059">Mr. Calvert</cosponsor>, <cosponsor name-id="W000814">Mr. Weber of Texas</cosponsor>, <cosponsor name-id="O000175">Mr. Ogles</cosponsor>, <cosponsor name-id="F000470">Mrs. Fischbach</cosponsor>, <cosponsor name-id="B001248">Mr. Burgess</cosponsor>, <cosponsor name-id="M001136">Mrs. McClain</cosponsor>, <cosponsor name-id="D000600">Mr. Diaz-Balart</cosponsor>, <cosponsor name-id="L000603">Mr. Luttrell</cosponsor>, <cosponsor name-id="B001297">Mr. Buck</cosponsor>, <cosponsor name-id="M001212">Mr. Moore of Alabama</cosponsor>, <cosponsor name-id="B001307">Mr. Baird</cosponsor>, <cosponsor name-id="S001224">Mr. Self</cosponsor>, <cosponsor name-id="B001295">Mr. Bost</cosponsor>, and <cosponsor name-id="G000591">Mr. Guest</cosponsor>) submitted the following concurrent resolution; which was referred to the <committee-name committee-id="HBA00">Committee on Financial Services</committee-name></action-desc></action><legis-type>CONCURRENT RESOLUTION</legis-type><official-title display="yes">Denouncing the horrors of socialism.</official-title></form><preamble><whereas><text>Whereas socialist ideology necessitates a concentration of power that has time and time again collapsed into Communist regimes, totalitarian rule, and brutal dictatorships;</text></whereas><whereas><text>Whereas socialism has repeatedly led to famine and mass murders, and the killing of over 100,000,000 people worldwide;</text></whereas><whereas><text>Whereas many of the greatest crimes in history were committed by socialist ideologues, including Vladimir Lenin, Joseph Stalin, Mao Zedong, Fidel Castro, Pol Pot, Kim Jong Il, Kim Jong Un, Daniel Ortega, Hugo Chavez, and Nicolás Maduro;</text></whereas><whereas><text>Whereas tens of millions died in the Bolshevik Revolution, at least 10,000,000 people were sent to the gulags in the Union of Soviet Socialist Republics (USSR), and millions more starved in the Terror-Famine (Holodomor) in Ukraine;</text></whereas><whereas><text>Whereas between 15,000,000 and 55,000,000 people starved to death in the wake of famine and devastation caused by the Great Leap Forward in China;</text></whereas><whereas><text>Whereas the socialist experiment in Cambodia led to the killing fields in which over a million people were gruesomely murdered;</text></whereas><whereas><text>Whereas up to 3,500,000 people have starved in North Korea, dividing a land of freedom from a land of destitution;</text></whereas><whereas><text>Whereas the Castro regime in Cuba expropriated the land of Cuban farmers and the businesses of Cuban entrepreneurs, stealing their possessions and their livelihoods, and exiling millions with nothing but the clothes on their backs;</text></whereas><whereas><text>Whereas the implementation of socialism in Venezuela has turned a once-prosperous nation into a failed State with the world’s highest rate of inflation;</text></whereas><whereas><text>Whereas the author of the Declaration of Independence, President Thomas Jefferson, wrote, <quote>To take from one, because it is thought that his own industry and that of his fathers has acquired too much, in order to spare to others, who, or whose fathers have not exercised equal industry and skill, is to violate arbitrarily the first principle of association, the guarantee to every one of a free exercise of his industry, and the fruits acquired by it.</quote>;</text></whereas><whereas><text>Whereas the <quote>Father of the Constitution</quote>, President James Madison, wrote that it <quote>is not a just government, nor is property secure under it, where the property which a man has in his personal safety and personal liberty, is violated by arbitrary seizures of one class of citizens for the service of the rest</quote>; and</text></whereas><whereas><text>Whereas the United States of America was founded on the belief in the sanctity of the individual, to which the collectivistic system of socialism in all of its forms is fundamentally and necessarily opposed: Now, therefore, be it</text></whereas></preamble><resolution-body style="OLC" id="HA0EDF084F4C4430E9D3DC31018A94514"><section id="H89B622CF2FEA42E7937E87482C51FD81" display-inline="yes-display-inline" section-type="undesignated-section"><text display-inline="yes-display-inline">That Congress denounces socialism in all its forms, and opposes the implementation of socialist policies in the United States of America. </text></section></resolution-body></resolution> 

