<?xml version="1.0"?>
<?xml-stylesheet type="text/xsl" href="billres.xsl"?>
<!DOCTYPE resolution PUBLIC "-//US Congress//DTDs/res.dtd//EN" "res.dtd">
<resolution resolution-stage="Introduced-in-House" dms-id="H8911FF6874A24804900DB91D0EF48655" public-private="public" resolution-type="house-joint" star-print="no-star-print" key="H"><metadata xmlns:dc="http://purl.org/dc/elements/1.1/">
<dublinCore>
<dc:title>118 HJ 125 IH: Providing for congressional disapproval under chapter 8 of title 5, United States Code, of the rule submitted by the Board of Governors of the Federal Reserve System relating to “Principles for Climate-Related Financial Risk Management for Large Financial Institutions”.</dc:title>
<dc:publisher>U.S. House of Representatives</dc:publisher>
<dc:date>2024-04-05</dc:date>
<dc:format>text/xml</dc:format>
<dc:language>EN</dc:language>
<dc:rights>Pursuant to Title 17 Section 105 of the United States Code, this file is not subject to copyright protection and is in the public domain.</dc:rights>
</dublinCore>
</metadata>
<form>
<distribution-code display="yes">IA</distribution-code><congress display="yes">118th CONGRESS</congress><session display="yes">2d Session</session><legis-num display="yes">H. J. RES. 125</legis-num><current-chamber>IN THE HOUSE OF REPRESENTATIVES</current-chamber><action display="yes"><action-date date="20240405">April 5, 2024</action-date><action-desc><sponsor name-id="F000471">Mr. Fitzgerald</sponsor> (for himself, <cosponsor name-id="M001204">Mr. Meuser</cosponsor>, <cosponsor name-id="M001195">Mr. Mooney</cosponsor>, <cosponsor name-id="L000491">Mr. Lucas</cosponsor>, <cosponsor name-id="H001072">Mr. Hill</cosponsor>, and <cosponsor name-id="D000032">Mr. Donalds</cosponsor>) submitted the following joint resolution; which was referred to the <committee-name committee-id="HBA00">Committee on Financial Services</committee-name></action-desc></action><legis-type>JOINT RESOLUTION</legis-type><official-title display="yes">Providing for congressional disapproval under <external-xref legal-doc="usc-chapter" parsable-cite="usc-chapter/5/8">chapter 8</external-xref> of title 5, United States Code, of the rule submitted by the Board of Governors of the Federal Reserve System relating to <quote>Principles for Climate-Related Financial Risk Management for Large Financial Institutions</quote>.</official-title></form><resolution-body style="traditional" id="H6B465C6F021B4640A4D8DB384B7AF6C0"> 
<section display-inline="yes-display-inline" section-type="undesignated-section" id="HCFDF32CD4EFD4F4EB0BF92B7D6DF8C78"><text display-inline="yes-display-inline">That Congress disapproves the rule submitted by the Board of Governors of the Federal Reserve System relating to <quote>Principles for Climate-Related Financial Risk Management for Large Financial Institutions</quote> (88 Fed. Reg. 74183; published October 30, 2023), and such rule shall have no force or effect.</text></section> </resolution-body></resolution>

