<?xml version="1.0"?>
<?xml-stylesheet type="text/xsl" href="billres.xsl"?>
<!DOCTYPE resolution PUBLIC "-//US Congress//DTDs/res.dtd//EN" "res.dtd">
<resolution resolution-stage="Introduced-in-House" dms-id="H3BA4C550A91241E7A2304D4D5242B9C2" public-private="public" resolution-type="house-concurrent" star-print="no-star-print" key="H"><metadata xmlns:dc="http://purl.org/dc/elements/1.1/">
<dublinCore>
<dc:title>118 HCON 98 IH: Affirming the vital importance to the United States and its allies and partners of actions necessary to preserve peace, security, and freedom of navigation in the Red Sea and Gulf of Aden.</dc:title>
<dc:publisher>U.S. House of Representatives</dc:publisher>
<dc:date>2024-03-13</dc:date>
<dc:format>text/xml</dc:format>
<dc:language>EN</dc:language>
<dc:rights>Pursuant to Title 17 Section 105 of the United States Code, this file is not subject to copyright protection and is in the public domain.</dc:rights>
</dublinCore>
</metadata>
<form>
<distribution-code display="yes">IV</distribution-code><congress display="yes">118th CONGRESS</congress><session display="yes">2d Session</session><legis-num display="yes">H. CON. RES. 98</legis-num><current-chamber>IN THE HOUSE OF REPRESENTATIVES</current-chamber><action display="yes"><action-date date="20240313">March 13, 2024</action-date><action-desc><sponsor name-id="G000594">Mr. Tony Gonzales of Texas</sponsor> (for himself, <cosponsor name-id="A000377">Mr. Armstrong</cosponsor>, <cosponsor name-id="R000609">Mr. Rutherford</cosponsor>, <cosponsor name-id="L000598">Mr. LaLota</cosponsor>, <cosponsor name-id="C001133">Mr. Ciscomani</cosponsor>, <cosponsor name-id="C001051">Mr. Carter of Texas</cosponsor>, <cosponsor name-id="B001307">Mr. Baird</cosponsor>, <cosponsor name-id="M001216">Mr. Mills</cosponsor>, <cosponsor name-id="L000603">Mr. Luttrell</cosponsor>, and <cosponsor name-id="D000230">Mr. Davis of North Carolina</cosponsor>) submitted the following concurrent resolution; which was referred to the <committee-name committee-id="HFA00">Committee on Foreign Affairs</committee-name>, and in addition to the Committee on <committee-name committee-id="HJU00">the Judiciary</committee-name>, for a period to be subsequently determined by the Speaker, in each case for consideration of such provisions as fall within the jurisdiction of the committee concerned</action-desc></action><legis-type>CONCURRENT RESOLUTION</legis-type><official-title display="yes">Affirming the vital importance to the United States and its allies and partners of actions necessary to preserve peace, security, and freedom of navigation in the Red Sea and Gulf of Aden.</official-title></form><preamble><whereas><text>Whereas the Iranian-backed Houthis, have launched more than 45 attacks on ships in the Red Sea and the Gulf of Aden since November 19, 2023;</text></whereas><whereas><text>Whereas the Red Sea is a vital artery for trade and commerce, accounting for nearly 15 percent of the world’s maritime traffic;</text></whereas><whereas><text>Whereas the Islamic Republic of Iran and it’s Hezbollah proxies are actively threatening regional and global stability by providing funding, training and advance missiles and drones, and other forms of support to the Houthis;</text></whereas><whereas><text>Whereas this support has enabled the Houthis to attack commercial shipping vessels in the Gulf of Aden region;</text></whereas><whereas><text>Whereas the United States and its allies and regional partners have engaged in extensive activities to secure maritime freedom in the Gulf of Aden;</text></whereas><whereas><text>Whereas, on January 11, 2024, 2 United States Navy SEALs were killed in action during an operation to seize Iranian weapons bound for the Houthis;</text></whereas><whereas><text>Whereas the Iran-backed Houthis’ continued attacks on United States and allied interests in the Red Sea and Gulf of Aden region is having a significant economic impact, including increased shipping costs and shipping delays;</text></whereas><whereas><text>Whereas the United States and its allies have demonstrated their commitment to supporting freedom of navigation in the Red Sea and Gulf of Aden; and</text></whereas><whereas><text>Whereas the free flow of trade through the Red Sea and Gulf of Aden region is of vital interests to the United States and the global economy: Now, therefore, be it</text></whereas></preamble><resolution-body style="traditional" id="H611244CE7C26462886AB8C067E31191E"><section display-inline="yes-display-inline" section-type="undesignated-section" id="H16C5CEE8DB314312A1A492636585B2AB"><enum/><text>That—</text><paragraph id="H86D0B5D8B3FC4462B364E55364CE2762"><enum>(1)</enum><text>it is the sense of Congress that—</text><subparagraph id="H9E667BA6646D45859C7F9A96A006C5BB"><enum>(A)</enum><text display-inline="yes-display-inline">United States forces in the Gulf of Aden and Red Sea should take actions necessary to restore deterrence against threats to safeguard the safety and security of the interests of the United States;</text></subparagraph><subparagraph id="HB7A7681426D94539BF63056C12BFAB05"><enum>(B)</enum><text>the President should continue to consult to the maximum extent practicable with the leadership of Congress in advance of authorizing military responses to attacks on United States forces and interests resulting from the situation in the gulf; and</text></subparagraph><subparagraph id="HDA4AC51B722849268EECD65FD453FBD3"><enum>(C)</enum><text>the President should report to Congress in a timely manner on incidents involving the United States forces in the region; </text></subparagraph></paragraph><paragraph id="HC1DDD47B10194F57B08967B2A029BFB5"><enum>(2)</enum><text display-inline="yes-display-inline">Congress supports the President’s decision to designate the Houthis as a specially designated global terrorist group and urges the Secretary of State to designate the Houthis as a foreign terrorist organization; and</text></paragraph><paragraph id="H2BBE3975C94443968FEA7CA6ADFC9E48"><enum>(3)</enum><text display-inline="yes-display-inline">Congress declares its support for protecting freedom of navigation in the Gulf of Aden and Red Sea including through initiatives involving cooperation with United States allies and partners, and appropriate actions to combat the threat posed by Iran-backed terrorism. </text></paragraph></section></resolution-body></resolution> 

