<mods xmlns:xlink="http://www.w3.org/1999/xlink" xmlns:xsi="http://www.w3.org/2001/XMLSchema-instance" xmlns="http://www.loc.gov/mods/v3" version="3.3" xsi:schemaLocation="http://www.loc.gov/mods/v3 http://www.loc.gov/standards/mods/v3/mods-3-3.xsd" ID="P0b002ee1bdaf8c90">
    <name type="corporate">
         <namePart>United States Government Publishing Office</namePart>
         <role>
              <roleTerm authority="marcrelator" type="text">publisher</roleTerm>
              <roleTerm authority="marcrelator" type="code">pbl</roleTerm>
        </role>
         <role>
              <roleTerm authority="marcrelator" type="text">distributor</roleTerm>
              <roleTerm authority="marcrelator" type="code">dst</roleTerm>
        </role>
    </name>
    <name type="corporate">
         <namePart>United States</namePart>
         <namePart>Congress</namePart>
         <namePart>House of Representatives</namePart>
         <role>
              <roleTerm authority="marcrelator" type="text">author</roleTerm>
              <roleTerm authority="marcrelator" type="code">aut</roleTerm>
        </role>
         <description>Government Organization</description>
    </name>
    <typeOfResource>text</typeOfResource>
    <genre authority="marcgt">government publication</genre>
    <language>
         <languageTerm type="code" authority="iso639-2b">eng</languageTerm>
    </language>
    <extension>
         <collectionCode>BILLS</collectionCode>
         <searchTitle>Condemning the Russian Federation’s kidnapping of Ukrainian children.;H. Con. Res. 29 (IH)
    </searchTitle>
         <category>Bills and Statutes</category>
         <waisDatabaseName>118_cong_bills</waisDatabaseName>
         <branch>legislative</branch>
         <dateIngested>2023-04-26</dateIngested>
    </extension>
    <titleInfo>
         <title>Condemning the Russian Federation’s kidnapping of Ukrainian children.</title>
    </titleInfo>
    <titleInfo type="alternative">
         <title>H. Con. Res. 29 (IH)
    </title>
    </titleInfo>
    <originInfo>
         <publisher>U.S. Government Publishing Office</publisher>
         <dateIssued encoding="w3cdtf">2023-03-28</dateIssued>
         <issuance>monographic</issuance>
    </originInfo>
    <physicalDescription>
         <note type="source content type">deposited</note>
         <digitalOrigin>born digital</digitalOrigin>
         <extent>3 p.</extent>
    </physicalDescription>
    <classification authority="sudocs">Y 1.6:</classification>
    <classification authority="sudocs">Y 1.4/9:</classification>
    <identifier type="local">P0b002ee1bdaf8c90</identifier>
    <identifier type="uri">https://www.govinfo.gov/app/details/BILLS-118hconres29ih</identifier>
    <identifier type="preferred citation">H. Con. Res. 29</identifier>
    <identifier type="stock number">021-610-00252-9</identifier>
    <identifier type="Parent ILS system id">000501532</identifier>
    <identifier type="Child ILS system id">000325575</identifier>
    <identifier type="Parent ILS title">Congressional bills</identifier>
    <identifier type="Child ILS title">House concurrent resolutions</identifier>
    <identifier type="former package identifier">f:hc29_ih.txt</identifier>
    <location>
         <url displayLabel="Content Detail" access="object in context">https://www.govinfo.gov/app/details/BILLS-118hconres29ih</url>
         <url displayLabel="HTML rendition" access="raw object">https://www.govinfo.gov/content/pkg/BILLS-118hconres29ih/html/BILLS-118hconres29ih.htm</url>
         <url displayLabel="PDF rendition" access="raw object">https://www.govinfo.gov/content/pkg/BILLS-118hconres29ih/pdf/BILLS-118hconres29ih.pdf</url>
         <url displayLabel="XML rendition" access="raw object">https://www.govinfo.gov/content/pkg/BILLS-118hconres29ih/xml/BILLS-118hconres29ih.xml</url>
    </location>
    <accessCondition type="GPO scope determination">fdlp</accessCondition>
    <recordInfo>
         <recordContentSource authority="marcorg">DGPO</recordContentSource>
         <recordCreationDate encoding="w3cdtf">2023-04-26</recordCreationDate>
         <recordChangeDate encoding="w3cdtf">2023-04-27</recordChangeDate>
         <recordIdentifier source="DGPO">BILLS-118hconres29ih</recordIdentifier>
         <recordOrigin>machine generated</recordOrigin>
         <languageOfCataloging>
              <languageTerm type="code" authority="iso639-2b">eng</languageTerm>
        </languageOfCataloging>
    </recordInfo>
    <name type="personal">
         <namePart>Don Bacon</namePart>
         <affiliation>United States House of Representatives</affiliation>
         <role>
              <roleTerm authority="marcrelator" type="text">sponsor</roleTerm>
              <roleTerm authority="marcrelator" type="code">spn</roleTerm>
        </role>
         <description>United States Congress Member</description>
    </name>
    <name type="personal">
         <namePart>Nancy Mace</namePart>
         <affiliation>United States House of Representatives</affiliation>
         <role>
              <roleTerm type="text">cosponsor</roleTerm>
        </role>
         <description>United States Congress Member</description>
    </name>
    <name type="personal">
         <namePart>Joseph D. Morelle</namePart>
         <affiliation>United States House of Representatives</affiliation>
         <role>
              <roleTerm type="text">cosponsor</roleTerm>
        </role>
         <description>United States Congress Member</description>
    </name>
    <name type="personal">
         <namePart>Jimmy Panetta</namePart>
         <affiliation>United States House of Representatives</affiliation>
         <role>
              <roleTerm type="text">cosponsor</roleTerm>
        </role>
         <description>United States Congress Member</description>
    </name>
    <name type="personal">
         <namePart>Doug Lamborn</namePart>
         <affiliation>United States House of Representatives</affiliation>
         <role>
              <roleTerm type="text">cosponsor</roleTerm>
        </role>
         <description>United States Congress Member</description>
    </name>
    <name type="personal">
         <namePart>Doug LaMalfa</namePart>
         <affiliation>United States House of Representatives</affiliation>
         <role>
              <roleTerm type="text">cosponsor</roleTerm>
        </role>
         <description>United States Congress Member</description>
    </name>
    <name type="personal">
         <namePart>Jamie Raskin</namePart>
         <affiliation>United States House of Representatives</affiliation>
         <role>
              <roleTerm type="text">cosponsor</roleTerm>
        </role>
         <description>United States Congress Member</description>
    </name>
    <name type="personal">
         <namePart>Lloyd Doggett</namePart>
         <affiliation>United States House of Representatives</affiliation>
         <role>
              <roleTerm type="text">cosponsor</roleTerm>
        </role>
         <description>United States Congress Member</description>
    </name>
    <name type="personal">
         <namePart>Brian K. Fitzpatrick</namePart>
         <affiliation>United States House of Representatives</affiliation>
         <role>
              <roleTerm type="text">cosponsor</roleTerm>
        </role>
         <description>United States Congress Member</description>
    </name>
    <name type="corporate">
         <namePart>United States</namePart>
         <namePart>Congress</namePart>
         <namePart>House of Representatives</namePart>
         <namePart>Committee on Foreign Affairs</namePart>
         <role>
              <roleTerm authority="marcrelator" type="text">associated name</roleTerm>
              <roleTerm authority="marcrelator" type="code">asn</roleTerm>
        </role>
    </name>
    <extension>
         <docClass>hconres</docClass>
         <accessId>BILLS-118hconres29ih</accessId>
         <congress>118</congress>
         <session>1</session>
         <originChamber>HOUSE</originChamber>
         <currentChamber>HOUSE</currentChamber>
         <billNumber>29</billNumber>
         <billVersion reprint="false">ih</billVersion>
         <fileSuffix>ih</fileSuffix>
         <officialTitle>Condemning the Russian Federation’s kidnapping of Ukrainian children.</officialTitle>
         <action date="2023-03-28">Mr. Bacon (for himself, Ms. Mace, Mr. Morelle, Mr. Panetta, Mr. Lamborn, Mr. LaMalfa, Mr. Raskin, Mr. Doggett, and Mr. Fitzpatrick) submitted the following concurrent resolution; which was referred to the Committee on Foreign Affairs</action>
         <congCommittee authorityId="hsfa00" chamber="H" congress="118" type="S">
                                
              <name type="authority-standard">Committee on Foreign Affairs</name>
                                
              <name type="authority-short">Foreign Affairs</name>
                            
        </congCommittee>
         <congMember bioGuideId="B001298" chamber="H" congress="118" party="R" role="SPONSOR" state="NE">
                                
              <name type="parsed">Mr. Bacon</name>
                                
              <name type="authority-fnf">Don Bacon</name>
                                
              <name type="authority-lnf">Bacon, Don</name>
                            
        </congMember>
         <congMember bioGuideId="M000194" chamber="H" congress="118" party="R" role="COSPONSOR" state="SC">
                                
              <name type="parsed">Ms. Mace</name>
                                
              <name type="authority-fnf">Nancy Mace</name>
                                
              <name type="authority-lnf">Mace, Nancy</name>
                            
        </congMember>
         <congMember bioGuideId="M001206" chamber="H" congress="118" party="D" role="COSPONSOR" state="NY">
                                
              <name type="parsed">Mr. Morelle</name>
                                
              <name type="authority-fnf">Joseph D. Morelle</name>
                                
              <name type="authority-lnf">Morelle, Joseph D.</name>
                                
              <name type="authority-other">Mr. Joseph Morelle</name>
                            
        </congMember>
         <congMember bioGuideId="P000613" chamber="H" congress="118" party="D" role="COSPONSOR" state="CA">
                                
              <name type="parsed">Mr. Panetta</name>
                                
              <name type="authority-fnf">Jimmy Panetta</name>
                                
              <name type="authority-lnf">Panetta, Jimmy</name>
                            
        </congMember>
         <congMember bioGuideId="L000564" chamber="H" congress="118" party="R" role="COSPONSOR" state="CO">
                                
              <name type="parsed">Mr. Lamborn</name>
                                
              <name type="authority-fnf">Doug Lamborn</name>
                                
              <name type="authority-lnf">Lamborn, Doug</name>
                            
        </congMember>
         <congMember bioGuideId="L000578" chamber="H" congress="118" party="R" role="COSPONSOR" state="CA">
                                
              <name type="parsed">Mr. LaMalfa</name>
                                
              <name type="authority-fnf">Doug LaMalfa</name>
                                
              <name type="authority-lnf">LaMalfa, Doug</name>
                            
        </congMember>
         <congMember bioGuideId="R000606" chamber="H" congress="118" party="D" role="COSPONSOR" state="MD">
                                
              <name type="parsed">Mr. Raskin</name>
                                
              <name type="authority-fnf">Jamie Raskin</name>
                                
              <name type="authority-lnf">Raskin, Jamie</name>
                            
        </congMember>
         <congMember bioGuideId="D000399" chamber="H" congress="118" party="D" role="COSPONSOR" state="TX">
                                
              <name type="parsed">Mr. Doggett</name>
                                
              <name type="authority-fnf">Lloyd Doggett</name>
                                
              <name type="authority-lnf">Doggett, Lloyd</name>
                            
        </congMember>
         <congMember bioGuideId="F000466" chamber="H" congress="118" party="R" role="COSPONSOR" state="PA">
                                
              <name type="parsed">Mr. Fitzpatrick</name>
                                
              <name type="authority-fnf">Brian K. Fitzpatrick</name>
                                
              <name type="authority-lnf">Fitzpatrick, Brian K.</name>
                                
              <name type="authority-other">Mr. Brian Fitzpatrick</name>
                            
        </congMember>
         <isPrivate>false</isPrivate>
         <isAppropriation>false</isAppropriation>
    </extension>
</mods>