<mods xmlns:xlink="http://www.w3.org/1999/xlink" xmlns:xsi="http://www.w3.org/2001/XMLSchema-instance" xmlns="http://www.loc.gov/mods/v3" version="3.3" xsi:schemaLocation="http://www.loc.gov/mods/v3 http://www.loc.gov/standards/mods/v3/mods-3-3.xsd" ID="P0b002ee1c485b24f">
    <name type="corporate">
         <namePart>United States Government Publishing Office</namePart>
         <role>
              <roleTerm authority="marcrelator" type="text">publisher</roleTerm>
              <roleTerm authority="marcrelator" type="code">pbl</roleTerm>
        </role>
         <role>
              <roleTerm authority="marcrelator" type="text">distributor</roleTerm>
              <roleTerm authority="marcrelator" type="code">dst</roleTerm>
        </role>
    </name>
    <name type="corporate">
         <namePart>United States</namePart>
         <namePart>Congress</namePart>
         <namePart>House of Representatives</namePart>
         <role>
              <roleTerm authority="marcrelator" type="text">author</roleTerm>
              <roleTerm authority="marcrelator" type="code">aut</roleTerm>
        </role>
         <description>Government Organization</description>
    </name>
    <typeOfResource>text</typeOfResource>
    <genre authority="marcgt">government publication</genre>
    <language>
         <languageTerm type="code" authority="iso639-2b">eng</languageTerm>
    </language>
    <extension>
         <collectionCode>BILLS</collectionCode>
         <searchTitle>Providing for congressional disapproval under chapter 8 of title 5, United States Code, of the rule submitted by the Department of the Treasury relating to Coronavirus State and Local Fiscal Recovery Funds.;H.J. Res. 110 (IH)
    </searchTitle>
         <category>Bills and Statutes</category>
         <waisDatabaseName>118_cong_bills</waisDatabaseName>
         <branch>legislative</branch>
         <dateIngested>2024-02-02</dateIngested>
    </extension>
    <titleInfo>
         <title>Providing for congressional disapproval under chapter 8 of title 5, United States Code, of the rule submitted by the Department of the Treasury relating to Coronavirus State and Local Fiscal Recovery Funds.</title>
    </titleInfo>
    <titleInfo type="alternative">
         <title>H.J. Res. 110 (IH)
    </title>
    </titleInfo>
    <originInfo>
         <publisher>U.S. Government Publishing Office</publisher>
         <dateIssued encoding="w3cdtf">2024-02-01</dateIssued>
         <issuance>monographic</issuance>
    </originInfo>
    <physicalDescription>
         <note type="source content type">deposited</note>
         <digitalOrigin>born digital</digitalOrigin>
         <extent>2 p.</extent>
    </physicalDescription>
    <classification authority="sudocs">Y 1.6:</classification>
    <classification authority="sudocs">Y 1.4/8:</classification>
    <identifier type="local">P0b002ee1c485b24f</identifier>
    <identifier type="uri">https://www.govinfo.gov/app/details/BILLS-118hjres110ih</identifier>
    <identifier type="preferred citation">H.J. Res. 110</identifier>
    <identifier type="stock number">021-610-00252-9</identifier>
    <identifier type="Parent ILS system id">000501532</identifier>
    <identifier type="Child ILS system id">000325570</identifier>
    <identifier type="Parent ILS title">Congressional bills</identifier>
    <identifier type="Child ILS title">House joint resolutions</identifier>
    <identifier type="former package identifier">f:hj110_ih.txt</identifier>
    <location>
         <url displayLabel="Content Detail" access="object in context">https://www.govinfo.gov/app/details/BILLS-118hjres110ih</url>
         <url displayLabel="HTML rendition" access="raw object">https://www.govinfo.gov/content/pkg/BILLS-118hjres110ih/html/BILLS-118hjres110ih.htm</url>
         <url displayLabel="PDF rendition" access="raw object">https://www.govinfo.gov/content/pkg/BILLS-118hjres110ih/pdf/BILLS-118hjres110ih.pdf</url>
         <url displayLabel="XML rendition" access="raw object">https://www.govinfo.gov/content/pkg/BILLS-118hjres110ih/xml/BILLS-118hjres110ih.xml</url>
    </location>
    <accessCondition type="GPO scope determination">fdlp</accessCondition>
    <recordInfo>
         <recordContentSource authority="marcorg">DGPO</recordContentSource>
         <recordCreationDate encoding="w3cdtf">2024-02-02</recordCreationDate>
         <recordChangeDate encoding="w3cdtf">2024-02-02</recordChangeDate>
         <recordIdentifier source="DGPO">BILLS-118hjres110ih</recordIdentifier>
         <recordOrigin>machine generated</recordOrigin>
         <languageOfCataloging>
              <languageTerm type="code" authority="iso639-2b">eng</languageTerm>
        </languageOfCataloging>
    </recordInfo>
    <name type="personal">
         <namePart>Troy Balderson</namePart>
         <affiliation>United States House of Representatives</affiliation>
         <role>
              <roleTerm authority="marcrelator" type="text">sponsor</roleTerm>
              <roleTerm authority="marcrelator" type="code">spn</roleTerm>
        </role>
         <description>United States Congress Member</description>
    </name>
    <name type="personal">
         <namePart>Kevin Hern</namePart>
         <affiliation>United States House of Representatives</affiliation>
         <role>
              <roleTerm type="text">cosponsor</roleTerm>
        </role>
         <description>United States Congress Member</description>
    </name>
    <name type="personal">
         <namePart>Ben Cline</namePart>
         <affiliation>United States House of Representatives</affiliation>
         <role>
              <roleTerm type="text">cosponsor</roleTerm>
        </role>
         <description>United States Congress Member</description>
    </name>
    <name type="personal">
         <namePart>Michael Cloud</namePart>
         <affiliation>United States House of Representatives</affiliation>
         <role>
              <roleTerm type="text">cosponsor</roleTerm>
        </role>
         <description>United States Congress Member</description>
    </name>
    <name type="personal">
         <namePart>Randy K. Weber, Sr.</namePart>
         <affiliation>United States House of Representatives</affiliation>
         <role>
              <roleTerm type="text">cosponsor</roleTerm>
        </role>
         <description>United States Congress Member</description>
    </name>
    <name type="personal">
         <namePart>Chuck Edwards</namePart>
         <affiliation>United States House of Representatives</affiliation>
         <role>
              <roleTerm type="text">cosponsor</roleTerm>
        </role>
         <description>United States Congress Member</description>
    </name>
    <name type="personal">
         <namePart>Byron Donalds</namePart>
         <affiliation>United States House of Representatives</affiliation>
         <role>
              <roleTerm type="text">cosponsor</roleTerm>
        </role>
         <description>United States Congress Member</description>
    </name>
    <name type="personal">
         <namePart>John R. Moolenaar</namePart>
         <affiliation>United States House of Representatives</affiliation>
         <role>
              <roleTerm type="text">cosponsor</roleTerm>
        </role>
         <description>United States Congress Member</description>
    </name>
    <name type="personal">
         <namePart>Andrew S. Clyde</namePart>
         <affiliation>United States House of Representatives</affiliation>
         <role>
              <roleTerm type="text">cosponsor</roleTerm>
        </role>
         <description>United States Congress Member</description>
    </name>
    <name type="personal">
         <namePart>Glenn Grothman</namePart>
         <affiliation>United States House of Representatives</affiliation>
         <role>
              <roleTerm type="text">cosponsor</roleTerm>
        </role>
         <description>United States Congress Member</description>
    </name>
    <name type="personal">
         <namePart>Doug LaMalfa</namePart>
         <affiliation>United States House of Representatives</affiliation>
         <role>
              <roleTerm type="text">cosponsor</roleTerm>
        </role>
         <description>United States Congress Member</description>
    </name>
    <name type="personal">
         <namePart>Kat Cammack</namePart>
         <affiliation>United States House of Representatives</affiliation>
         <role>
              <roleTerm type="text">cosponsor</roleTerm>
        </role>
         <description>United States Congress Member</description>
    </name>
    <name type="personal">
         <namePart>Harriet M. Hageman</namePart>
         <affiliation>United States House of Representatives</affiliation>
         <role>
              <roleTerm type="text">cosponsor</roleTerm>
        </role>
         <description>United States Congress Member</description>
    </name>
    <name type="personal">
         <namePart>Beth Van Duyne</namePart>
         <affiliation>United States House of Representatives</affiliation>
         <role>
              <roleTerm type="text">cosponsor</roleTerm>
        </role>
         <description>United States Congress Member</description>
    </name>
    <name type="personal">
         <namePart>Jeff Duncan</namePart>
         <affiliation>United States House of Representatives</affiliation>
         <role>
              <roleTerm type="text">cosponsor</roleTerm>
        </role>
         <description>United States Congress Member</description>
    </name>
    <name type="corporate">
         <namePart>United States</namePart>
         <namePart>Congress</namePart>
         <namePart>House of Representatives</namePart>
         <namePart>Committee on Oversight and Accountability</namePart>
         <role>
              <roleTerm authority="marcrelator" type="text">associated name</roleTerm>
              <roleTerm authority="marcrelator" type="code">asn</roleTerm>
        </role>
    </name>
    <relatedItem type="isReferencedBy">
         <titleInfo>
              <title>United States Code</title>
              <partNumber>Title 5 Chapter 8</partNumber>
        </titleInfo>
         <identifier type="USC citation">5 U.S.C. Chapter 8</identifier>
    </relatedItem>
    <extension>
         <docClass>hjres</docClass>
         <accessId>BILLS-118hjres110ih</accessId>
         <congress>118</congress>
         <session>2</session>
         <originChamber>HOUSE</originChamber>
         <currentChamber>HOUSE</currentChamber>
         <billNumber>110</billNumber>
         <billVersion reprint="false">ih</billVersion>
         <fileSuffix>ih</fileSuffix>
         <officialTitle>Providing for congressional disapproval under chapter 8 of title 5, United States Code, of the rule submitted by the Department of the Treasury relating to Coronavirus State and Local Fiscal Recovery Funds.</officialTitle>
         <action date="2024-02-01">Mr. Balderson (for himself, Mr. Hern, Mr. Cline, Mr. Cloud, Mr. Weber of Texas, Mr. Edwards, Mr. Donalds, Mr. Moolenaar, Mr. Clyde, Mr. Grothman, Mr. LaMalfa, Mrs. Cammack, Ms. Hageman, Ms. Van Duyne, and Mr. Duncan) submitted the following joint resolution; which was referred to the Committee on Oversight and Accountability</action>
         <congCommittee authorityId="hsgo00" chamber="H" congress="118" type="S">
                                
              <name type="authority-standard">Committee on Oversight and Accountability</name>
                                
              <name type="authority-short">Oversight and Accountability</name>
                            
        </congCommittee>
         <congMember bioGuideId="B001306" chamber="H" congress="118" party="R" role="SPONSOR" state="OH">
                                
              <name type="parsed">Mr. Balderson</name>
                                
              <name type="authority-fnf">Troy Balderson</name>
                                
              <name type="authority-lnf">Balderson, Troy</name>
                            
        </congMember>
         <congMember bioGuideId="H001082" chamber="H" congress="118" party="R" role="COSPONSOR" state="OK">
                                
              <name type="parsed">Mr. Hern</name>
                                
              <name type="authority-fnf">Kevin Hern</name>
                                
              <name type="authority-lnf">Hern, Kevin</name>
                            
        </congMember>
         <congMember bioGuideId="C001118" chamber="H" congress="118" party="R" role="COSPONSOR" state="VA">
                                
              <name type="parsed">Mr. Cline</name>
                                
              <name type="authority-fnf">Ben Cline</name>
                                
              <name type="authority-lnf">Cline, Ben</name>
                            
        </congMember>
         <congMember bioGuideId="C001115" chamber="H" congress="118" party="R" role="COSPONSOR" state="TX">
                                
              <name type="parsed">Mr. Cloud</name>
                                
              <name type="authority-fnf">Michael Cloud</name>
                                
              <name type="authority-lnf">Cloud, Michael</name>
                            
        </congMember>
         <congMember bioGuideId="W000814" chamber="H" congress="118" party="R" role="COSPONSOR" state="TX">
                                
              <name type="parsed">Mr. Weber of Texas</name>
                                
              <name type="authority-fnf">Randy K. Weber, Sr.</name>
                                
              <name type="authority-lnf">Weber, Randy K., Sr.</name>
                                
              <name type="authority-other">Mr. Randy Weber</name>
                            
        </congMember>
         <congMember bioGuideId="E000246" chamber="H" congress="118" party="R" role="COSPONSOR" state="NC">
                                
              <name type="parsed">Mr. Edwards</name>
                                
              <name type="authority-fnf">Chuck Edwards</name>
                                
              <name type="authority-lnf">Edwards, Chuck</name>
                            
        </congMember>
         <congMember bioGuideId="D000032" chamber="H" congress="118" party="R" role="COSPONSOR" state="FL">
                                
              <name type="parsed">Mr. Donalds</name>
                                
              <name type="authority-fnf">Byron Donalds</name>
                                
              <name type="authority-lnf">Donalds, Byron</name>
                            
        </congMember>
         <congMember bioGuideId="M001194" chamber="H" congress="118" party="R" role="COSPONSOR" state="MI">
                                
              <name type="parsed">Mr. Moolenaar</name>
                                
              <name type="authority-fnf">John R. Moolenaar</name>
                                
              <name type="authority-lnf">Moolenaar, John R.</name>
                                
              <name type="authority-other">Mr. John Moolenaar</name>
                            
        </congMember>
         <congMember bioGuideId="C001116" chamber="H" congress="118" party="R" role="COSPONSOR" state="GA">
                                
              <name type="parsed">Mr. Clyde</name>
                                
              <name type="authority-fnf">Andrew S. Clyde</name>
                                
              <name type="authority-lnf">Clyde, Andrew S.</name>
                                
              <name type="authority-other">Mr. Andrew Clyde</name>
                            
        </congMember>
         <congMember bioGuideId="G000576" chamber="H" congress="118" party="R" role="COSPONSOR" state="WI">
                                
              <name type="parsed">Mr. Grothman</name>
                                
              <name type="authority-fnf">Glenn Grothman</name>
                                
              <name type="authority-lnf">Grothman, Glenn</name>
                            
        </congMember>
         <congMember bioGuideId="L000578" chamber="H" congress="118" party="R" role="COSPONSOR" state="CA">
                                
              <name type="parsed">Mr. LaMalfa</name>
                                
              <name type="authority-fnf">Doug LaMalfa</name>
                                
              <name type="authority-lnf">LaMalfa, Doug</name>
                            
        </congMember>
         <congMember bioGuideId="C001039" chamber="H" congress="118" party="R" role="COSPONSOR" state="FL">
                                
              <name type="parsed">Mrs. Cammack</name>
                                
              <name type="authority-fnf">Kat Cammack</name>
                                
              <name type="authority-lnf">Cammack, Kat</name>
                            
        </congMember>
         <congMember bioGuideId="H001096" chamber="H" congress="118" party="R" role="COSPONSOR" state="WY">
                                
              <name type="parsed">Ms. Hageman</name>
                                
              <name type="authority-fnf">Harriet M. Hageman</name>
                                
              <name type="authority-lnf">Hageman, Harriet M.</name>
                                
              <name type="authority-other">Harriet Hageman</name>
                            
        </congMember>
         <congMember bioGuideId="V000134" chamber="H" congress="118" party="R" role="COSPONSOR" state="TX">
                                
              <name type="parsed">Ms. Van Duyne</name>
                                
              <name type="authority-fnf">Beth Van Duyne</name>
                                
              <name type="authority-lnf">Van Duyne, Beth</name>
                            
        </congMember>
         <congMember bioGuideId="D000615" chamber="H" congress="118" party="R" role="COSPONSOR" state="SC">
                                
              <name type="parsed">Mr. Duncan</name>
                                
              <name type="authority-fnf">Jeff Duncan</name>
                                
              <name type="authority-lnf">Duncan, Jeff</name>
                            
        </congMember>
         <isPrivate>false</isPrivate>
         <isAppropriation>false</isAppropriation>
         <USCode title="5">
                                
              <chapter number="8"></chapter>
                            
        </USCode>
    </extension>
</mods>