<?xml version="1.0"?>
<?xml-stylesheet type="text/xsl" href="billres.xsl"?>
<!DOCTYPE resolution PUBLIC "-//US Congress//DTDs/res.dtd//EN" "res.dtd">
<resolution resolution-stage="Engrossed-in-House" dms-id="H8961092C55374A7CA4F1279AF2F4407D" public-private="public" resolution-type="house-concurrent" star-print="no-star-print" key="H" stage-count="1">
<metadata xmlns:dc="http://purl.org/dc/elements/1.1/">
<dublinCore>
<dc:title>118 HCON 120 EH: Authorizing the use of Emancipation Hall in the Capitol Visitor Center for a ceremony as part of the unveiling of the statue of Johnny Cash, provided by the State of Arkansas.</dc:title>
<dc:publisher>U.S. House of Representatives</dc:publisher>
<dc:date></dc:date>
<dc:format>text/xml</dc:format>
<dc:language>EN</dc:language>
<dc:rights>Pursuant to Title 17 Section 105 of the United States Code, this file is not subject to copyright protection and is in the public domain.</dc:rights>
</dublinCore>
</metadata>
<form>
<distribution-code display="no">IV</distribution-code>
<congress display="yes">118th CONGRESS</congress>
<session display="yes">2d Session</session>
<legis-num display="yes">H. CON. RES. 120</legis-num>
<current-chamber display="no">IN THE HOUSE OF REPRESENTATIVES</current-chamber>
<legis-type>CONCURRENT RESOLUTION</legis-type>
<official-title display="no">Authorizing the use of Emancipation Hall in the Capitol Visitor Center for a ceremony as part of the unveiling of the statue of Johnny Cash, provided by the State of Arkansas.</official-title>
</form>
<resolution-body style="OLC" id="H800738F9CE3949A5A6EA9DED19499444">
<section display-inline="no-display-inline" section-type="section-one" id="HD067CC5442CC44E7B3753B3EE6F5C62A"><enum>1.</enum><header>Use of Emancipation Hall for a ceremony as part of the unveiling of the statue of Johnny Cash</header>
<subsection id="H071E37189E9146ADBA5FA2AAC932D732"><enum>(a)</enum><header>Authorization</header><text display-inline="yes-display-inline">Emancipation Hall in the Capitol Visitor Center is authorized to be used on September 24, 2024, for a ceremony as part of the unveiling of the statue of Johnny Cash, provided by the State of Arkansas.</text></subsection> <subsection id="H50EE2716B6DE4B5DB5778DA67AB1CFB7"><enum>(b)</enum><header>Preparations</header><text display-inline="yes-display-inline">Physical preparations for the ceremony described in subsection (a) shall be carried out in accordance with such conditions as the Architect of the Capitol may prescribe. </text></subsection></section>
</resolution-body>
<attestation><attestation-group><attestation-date date="20240723" chamber="House">Passed the House of Representatives July 23, 2024.</attestation-date><attestor display="no">Kevin F. McCumber,</attestor><role>Clerk.</role></attestation-group></attestation>
<endorsement display="yes"></endorsement>
</resolution> 


