<mods xmlns:xlink="http://www.w3.org/1999/xlink" xmlns:xsi="http://www.w3.org/2001/XMLSchema-instance" xmlns="http://www.loc.gov/mods/v3" version="3.3" xsi:schemaLocation="http://www.loc.gov/mods/v3 http://www.loc.gov/standards/mods/v3/mods-3-3.xsd" ID="P0b002ee1c703f8e8">
    <name type="corporate">
         <namePart>United States Government Publishing Office</namePart>
         <role>
              <roleTerm authority="marcrelator" type="text">publisher</roleTerm>
              <roleTerm authority="marcrelator" type="code">pbl</roleTerm>
        </role>
         <role>
              <roleTerm authority="marcrelator" type="text">distributor</roleTerm>
              <roleTerm authority="marcrelator" type="code">dst</roleTerm>
        </role>
    </name>
    <name type="corporate">
         <namePart>United States</namePart>
         <namePart>Congress</namePart>
         <namePart>House of Representatives</namePart>
         <role>
              <roleTerm authority="marcrelator" type="text">author</roleTerm>
              <roleTerm authority="marcrelator" type="code">aut</roleTerm>
        </role>
         <description>Government Organization</description>
    </name>
    <typeOfResource>text</typeOfResource>
    <genre authority="marcgt">government publication</genre>
    <language>
         <languageTerm type="code" authority="iso639-2b">eng</languageTerm>
    </language>
    <extension>
         <collectionCode>BILLS</collectionCode>
         <searchTitle>Providing for congressional disapproval under chapter 8 of title 5, United States Code, of the rule submitted by the Occupational Safety and Health Administration relating to Worker Walkaround Representative Designation Process.;H.J. Res. 147 (IH)
    </searchTitle>
         <category>Bills and Statutes</category>
         <waisDatabaseName>118_cong_bills</waisDatabaseName>
         <branch>legislative</branch>
         <dateIngested>2024-05-17</dateIngested>
    </extension>
    <titleInfo>
         <title>Providing for congressional disapproval under chapter 8 of title 5, United States Code, of the rule submitted by the Occupational Safety and Health Administration relating to Worker Walkaround Representative Designation Process.</title>
    </titleInfo>
    <titleInfo type="alternative">
         <title>H.J. Res. 147 (IH)
    </title>
    </titleInfo>
    <originInfo>
         <publisher>U.S. Government Publishing Office</publisher>
         <dateIssued encoding="w3cdtf">2024-05-16</dateIssued>
         <issuance>monographic</issuance>
    </originInfo>
    <physicalDescription>
         <note type="source content type">deposited</note>
         <digitalOrigin>born digital</digitalOrigin>
         <extent>2 p.</extent>
    </physicalDescription>
    <classification authority="sudocs">Y 1.6:</classification>
    <classification authority="sudocs">Y 1.4/8:</classification>
    <identifier type="local">P0b002ee1c703f8e8</identifier>
    <identifier type="uri">https://www.govinfo.gov/app/details/BILLS-118hjres147ih</identifier>
    <identifier type="preferred citation">H.J. Res. 147</identifier>
    <identifier type="stock number">021-610-00252-9</identifier>
    <identifier type="Parent ILS system id">000501532</identifier>
    <identifier type="Child ILS system id">000325570</identifier>
    <identifier type="Parent ILS title">Congressional bills</identifier>
    <identifier type="Child ILS title">House joint resolutions</identifier>
    <identifier type="former package identifier">f:hj147_ih.txt</identifier>
    <location>
         <url displayLabel="Content Detail" access="object in context">https://www.govinfo.gov/app/details/BILLS-118hjres147ih</url>
         <url displayLabel="HTML rendition" access="raw object">https://www.govinfo.gov/content/pkg/BILLS-118hjres147ih/html/BILLS-118hjres147ih.htm</url>
         <url displayLabel="PDF rendition" access="raw object">https://www.govinfo.gov/content/pkg/BILLS-118hjres147ih/pdf/BILLS-118hjres147ih.pdf</url>
         <url displayLabel="XML rendition" access="raw object">https://www.govinfo.gov/content/pkg/BILLS-118hjres147ih/xml/BILLS-118hjres147ih.xml</url>
    </location>
    <accessCondition type="GPO scope determination">fdlp</accessCondition>
    <recordInfo>
         <recordContentSource authority="marcorg">DGPO</recordContentSource>
         <recordCreationDate encoding="w3cdtf">2024-05-17</recordCreationDate>
         <recordChangeDate encoding="w3cdtf">2024-05-17</recordChangeDate>
         <recordIdentifier source="DGPO">BILLS-118hjres147ih</recordIdentifier>
         <recordOrigin>machine generated</recordOrigin>
         <languageOfCataloging>
              <languageTerm type="code" authority="iso639-2b">eng</languageTerm>
        </languageOfCataloging>
    </recordInfo>
    <name type="personal">
         <namePart>Mary E. Miller</namePart>
         <affiliation>United States House of Representatives</affiliation>
         <role>
              <roleTerm authority="marcrelator" type="text">sponsor</roleTerm>
              <roleTerm authority="marcrelator" type="code">spn</roleTerm>
        </role>
         <description>United States Congress Member</description>
    </name>
    <name type="personal">
         <namePart>Virginia Foxx</namePart>
         <affiliation>United States House of Representatives</affiliation>
         <role>
              <roleTerm type="text">cosponsor</roleTerm>
        </role>
         <description>United States Congress Member</description>
    </name>
    <name type="personal">
         <namePart>Andrew S. Clyde</namePart>
         <affiliation>United States House of Representatives</affiliation>
         <role>
              <roleTerm type="text">cosponsor</roleTerm>
        </role>
         <description>United States Congress Member</description>
    </name>
    <name type="personal">
         <namePart>Adrian Smith</namePart>
         <affiliation>United States House of Representatives</affiliation>
         <role>
              <roleTerm type="text">cosponsor</roleTerm>
        </role>
         <description>United States Congress Member</description>
    </name>
    <name type="personal">
         <namePart>Andrew Ogles</namePart>
         <affiliation>United States House of Representatives</affiliation>
         <role>
              <roleTerm type="text">cosponsor</roleTerm>
        </role>
         <description>United States Congress Member</description>
    </name>
    <name type="personal">
         <namePart>Bob Good</namePart>
         <affiliation>United States House of Representatives</affiliation>
         <role>
              <roleTerm type="text">cosponsor</roleTerm>
        </role>
         <description>United States Congress Member</description>
    </name>
    <name type="personal">
         <namePart>Randy K. Weber, Sr.</namePart>
         <affiliation>United States House of Representatives</affiliation>
         <role>
              <roleTerm type="text">cosponsor</roleTerm>
        </role>
         <description>United States Congress Member</description>
    </name>
    <name type="personal">
         <namePart>John R. Moolenaar</namePart>
         <affiliation>United States House of Representatives</affiliation>
         <role>
              <roleTerm type="text">cosponsor</roleTerm>
        </role>
         <description>United States Congress Member</description>
    </name>
    <name type="personal">
         <namePart>Tracey Mann</namePart>
         <affiliation>United States House of Representatives</affiliation>
         <role>
              <roleTerm type="text">cosponsor</roleTerm>
        </role>
         <description>United States Congress Member</description>
    </name>
    <name type="personal">
         <namePart>Aaron Bean</namePart>
         <affiliation>United States House of Representatives</affiliation>
         <role>
              <roleTerm type="text">cosponsor</roleTerm>
        </role>
         <description>United States Congress Member</description>
    </name>
    <name type="personal">
         <namePart>Jeff Duncan</namePart>
         <affiliation>United States House of Representatives</affiliation>
         <role>
              <roleTerm type="text">cosponsor</roleTerm>
        </role>
         <description>United States Congress Member</description>
    </name>
    <name type="personal">
         <namePart>Rick W. Allen</namePart>
         <affiliation>United States House of Representatives</affiliation>
         <role>
              <roleTerm type="text">cosponsor</roleTerm>
        </role>
         <description>United States Congress Member</description>
    </name>
    <name type="personal">
         <namePart>Glenn Grothman</namePart>
         <affiliation>United States House of Representatives</affiliation>
         <role>
              <roleTerm type="text">cosponsor</roleTerm>
        </role>
         <description>United States Congress Member</description>
    </name>
    <name type="personal">
         <namePart>Michael Cloud</namePart>
         <affiliation>United States House of Representatives</affiliation>
         <role>
              <roleTerm type="text">cosponsor</roleTerm>
        </role>
         <description>United States Congress Member</description>
    </name>
    <name type="personal">
         <namePart>John S. Duarte</namePart>
         <affiliation>United States House of Representatives</affiliation>
         <role>
              <roleTerm type="text">cosponsor</roleTerm>
        </role>
         <description>United States Congress Member</description>
    </name>
    <name type="personal">
         <namePart>Julia Letlow</namePart>
         <affiliation>United States House of Representatives</affiliation>
         <role>
              <roleTerm type="text">cosponsor</roleTerm>
        </role>
         <description>United States Congress Member</description>
    </name>
    <name type="personal">
         <namePart>Tim Walberg</namePart>
         <affiliation>United States House of Representatives</affiliation>
         <role>
              <roleTerm type="text">cosponsor</roleTerm>
        </role>
         <description>United States Congress Member</description>
    </name>
    <name type="personal">
         <namePart>Pete Sessions</namePart>
         <affiliation>United States House of Representatives</affiliation>
         <role>
              <roleTerm type="text">cosponsor</roleTerm>
        </role>
         <description>United States Congress Member</description>
    </name>
    <name type="personal">
         <namePart>Andy Biggs</namePart>
         <affiliation>United States House of Representatives</affiliation>
         <role>
              <roleTerm type="text">cosponsor</roleTerm>
        </role>
         <description>United States Congress Member</description>
    </name>
    <name type="personal">
         <namePart>Eric Burlison</namePart>
         <affiliation>United States House of Representatives</affiliation>
         <role>
              <roleTerm type="text">cosponsor</roleTerm>
        </role>
         <description>United States Congress Member</description>
    </name>
    <name type="personal">
         <namePart>Lloyd Smucker</namePart>
         <affiliation>United States House of Representatives</affiliation>
         <role>
              <roleTerm type="text">cosponsor</roleTerm>
        </role>
         <description>United States Congress Member</description>
    </name>
    <name type="personal">
         <namePart>Brian Babin</namePart>
         <affiliation>United States House of Representatives</affiliation>
         <role>
              <roleTerm type="text">cosponsor</roleTerm>
        </role>
         <description>United States Congress Member</description>
    </name>
    <name type="personal">
         <namePart>Erin Houchin</namePart>
         <affiliation>United States House of Representatives</affiliation>
         <role>
              <roleTerm type="text">cosponsor</roleTerm>
        </role>
         <description>United States Congress Member</description>
    </name>
    <name type="personal">
         <namePart>Daniel Webster</namePart>
         <affiliation>United States House of Representatives</affiliation>
         <role>
              <roleTerm type="text">cosponsor</roleTerm>
        </role>
         <description>United States Congress Member</description>
    </name>
    <name type="personal">
         <namePart>Lauren Boebert</namePart>
         <affiliation>United States House of Representatives</affiliation>
         <role>
              <roleTerm type="text">cosponsor</roleTerm>
        </role>
         <description>United States Congress Member</description>
    </name>
    <name type="personal">
         <namePart>Dan Bishop</namePart>
         <affiliation>United States House of Representatives</affiliation>
         <role>
              <roleTerm type="text">cosponsor</roleTerm>
        </role>
         <description>United States Congress Member</description>
    </name>
    <name type="corporate">
         <namePart>United States</namePart>
         <namePart>Congress</namePart>
         <namePart>House of Representatives</namePart>
         <namePart>Committee on Education and the Workforce</namePart>
         <role>
              <roleTerm authority="marcrelator" type="text">associated name</roleTerm>
              <roleTerm authority="marcrelator" type="code">asn</roleTerm>
        </role>
    </name>
    <relatedItem type="isReferencedBy">
         <titleInfo>
              <title>United States Code</title>
              <partNumber>Title 5 Chapter 8</partNumber>
        </titleInfo>
         <identifier type="USC citation">5 U.S.C. Chapter 8</identifier>
    </relatedItem>
    <extension>
         <docClass>hjres</docClass>
         <accessId>BILLS-118hjres147ih</accessId>
         <congress>118</congress>
         <session>2</session>
         <originChamber>HOUSE</originChamber>
         <currentChamber>HOUSE</currentChamber>
         <billNumber>147</billNumber>
         <billVersion reprint="false">ih</billVersion>
         <fileSuffix>ih</fileSuffix>
         <officialTitle>Providing for congressional disapproval under chapter 8 of title 5, United States Code, of the rule submitted by the Occupational Safety and Health Administration relating to Worker Walkaround Representative Designation Process.</officialTitle>
         <action date="2024-05-16">Mrs. Miller of Illinois (for herself, Ms. Foxx, Mr. Clyde, Mr. Smith of Nebraska, Mr. Ogles, Mr. Good of Virginia, Mr. Weber of Texas, Mr. Moolenaar, Mr. Mann, Mr. Bean of Florida, Mr. Duncan, Mr. Allen, Mr. Grothman, Mr. Cloud, Mr. Duarte, Ms. Letlow, Mr. Walberg, Mr. Sessions, Mr. Biggs, Mr. Burlison, Mr. Smucker, Mr. Babin, Mrs. Houchin, Mr. Webster of Florida, Ms. Boebert, and Mr. Bishop of North Carolina) submitted the following joint resolution; which was referred to the Committee on Education and the Workforce</action>
         <congCommittee authorityId="hsed00" chamber="H" congress="118" type="S">
                                
              <name type="authority-standard">Committee on Education and the Workforce</name>
                                
              <name type="authority-short">Education and the Workforce</name>
                            
        </congCommittee>
         <congMember bioGuideId="M001211" chamber="H" congress="118" party="R" role="SPONSOR" state="IL">
                                
              <name type="parsed">Mrs. Miller of Illinois</name>
                                
              <name type="authority-fnf">Mary E. Miller</name>
                                
              <name type="authority-lnf">Miller, Mary E.</name>
                                
              <name type="authority-other">Mrs. Mary Miller</name>
                            
        </congMember>
         <congMember bioGuideId="F000450" chamber="H" congress="118" party="R" role="COSPONSOR" state="NC">
                                
              <name type="parsed">Ms. Foxx</name>
                                
              <name type="authority-fnf">Virginia Foxx</name>
                                
              <name type="authority-lnf">Foxx, Virginia</name>
                            
        </congMember>
         <congMember bioGuideId="C001116" chamber="H" congress="118" party="R" role="COSPONSOR" state="GA">
                                
              <name type="parsed">Mr. Clyde</name>
                                
              <name type="authority-fnf">Andrew S. Clyde</name>
                                
              <name type="authority-lnf">Clyde, Andrew S.</name>
                                
              <name type="authority-other">Mr. Andrew Clyde</name>
                            
        </congMember>
         <congMember bioGuideId="S001172" chamber="H" congress="118" party="R" role="COSPONSOR" state="NE">
                                
              <name type="parsed">Mr. Smith of Nebraska</name>
                                
              <name type="authority-fnf">Adrian Smith</name>
                                
              <name type="authority-lnf">Smith, Adrian</name>
                            
        </congMember>
         <congMember bioGuideId="O000175" chamber="H" congress="118" party="R" role="COSPONSOR" state="TN">
                                
              <name type="parsed">Mr. Ogles</name>
                                
              <name type="authority-fnf">Andrew Ogles</name>
                                
              <name type="authority-lnf">Ogles, Andrew</name>
                            
        </congMember>
         <congMember bioGuideId="G000595" chamber="H" congress="118" party="R" role="COSPONSOR" state="VA">
                                
              <name type="parsed">Mr. Good of Virginia</name>
                                
              <name type="authority-fnf">Bob Good</name>
                                
              <name type="authority-lnf">Good, Bob</name>
                            
        </congMember>
         <congMember bioGuideId="W000814" chamber="H" congress="118" party="R" role="COSPONSOR" state="TX">
                                
              <name type="parsed">Mr. Weber of Texas</name>
                                
              <name type="authority-fnf">Randy K. Weber, Sr.</name>
                                
              <name type="authority-lnf">Weber, Randy K.</name>
                                
              <name type="authority-other">Mr. Randy Weber Sr.</name>
                            
        </congMember>
         <congMember bioGuideId="M001194" chamber="H" congress="118" party="R" role="COSPONSOR" state="MI">
                                
              <name type="parsed">Mr. Moolenaar</name>
                                
              <name type="authority-fnf">John R. Moolenaar</name>
                                
              <name type="authority-lnf">Moolenaar, John R.</name>
                                
              <name type="authority-other">Mr. John Moolenaar</name>
                            
        </congMember>
         <congMember bioGuideId="M000871" chamber="H" congress="118" party="R" role="COSPONSOR" state="KS">
                                
              <name type="parsed">Mr. Mann</name>
                                
              <name type="authority-fnf">Tracey Mann</name>
                                
              <name type="authority-lnf">Mann, Tracey</name>
                            
        </congMember>
         <congMember bioGuideId="B001314" chamber="H" congress="118" party="R" role="COSPONSOR" state="FL">
                                
              <name type="parsed">Mr. Bean of Florida</name>
                                
              <name type="authority-fnf">Aaron Bean</name>
                                
              <name type="authority-lnf">Bean, Aaron</name>
                            
        </congMember>
         <congMember bioGuideId="D000615" chamber="H" congress="118" party="R" role="COSPONSOR" state="SC">
                                
              <name type="parsed">Mr. Duncan</name>
                                
              <name type="authority-fnf">Jeff Duncan</name>
                                
              <name type="authority-lnf">Duncan, Jeff</name>
                            
        </congMember>
         <congMember bioGuideId="A000372" chamber="H" congress="118" party="R" role="COSPONSOR" state="GA">
                                
              <name type="parsed">Mr. Allen</name>
                                
              <name type="authority-fnf">Rick W. Allen</name>
                                
              <name type="authority-lnf">Allen, Rick W.</name>
                                
              <name type="authority-other">Mr. Rick Allen</name>
                            
        </congMember>
         <congMember bioGuideId="G000576" chamber="H" congress="118" party="R" role="COSPONSOR" state="WI">
                                
              <name type="parsed">Mr. Grothman</name>
                                
              <name type="authority-fnf">Glenn Grothman</name>
                                
              <name type="authority-lnf">Grothman, Glenn</name>
                            
        </congMember>
         <congMember bioGuideId="C001115" chamber="H" congress="118" party="R" role="COSPONSOR" state="TX">
                                
              <name type="parsed">Mr. Cloud</name>
                                
              <name type="authority-fnf">Michael Cloud</name>
                                
              <name type="authority-lnf">Cloud, Michael</name>
                            
        </congMember>
         <congMember bioGuideId="D000633" chamber="H" congress="118" party="R" role="COSPONSOR" state="CA">
                                
              <name type="parsed">Mr. Duarte</name>
                                
              <name type="authority-fnf">John S. Duarte</name>
                                
              <name type="authority-lnf">Duarte, John S.</name>
                                
              <name type="authority-other">Mr. John Duarte</name>
                            
        </congMember>
         <congMember bioGuideId="L000595" chamber="H" congress="118" party="R" role="COSPONSOR" state="LA">
                                
              <name type="parsed">Ms. Letlow</name>
                                
              <name type="authority-fnf">Julia Letlow</name>
                                
              <name type="authority-lnf">Letlow, Julia</name>
                            
        </congMember>
         <congMember bioGuideId="W000798" chamber="H" congress="118" party="R" role="COSPONSOR" state="MI">
                                
              <name type="parsed">Mr. Walberg</name>
                                
              <name type="authority-fnf">Tim Walberg</name>
                                
              <name type="authority-lnf">Walberg, Tim</name>
                            
        </congMember>
         <congMember bioGuideId="S000250" chamber="H" congress="118" party="R" role="COSPONSOR" state="TX">
                                
              <name type="parsed">Mr. Sessions</name>
                                
              <name type="authority-fnf">Pete Sessions</name>
                                
              <name type="authority-lnf">Sessions, Pete</name>
                            
        </congMember>
         <congMember bioGuideId="B001302" chamber="H" congress="118" party="R" role="COSPONSOR" state="AZ">
                                
              <name type="parsed">Mr. Biggs</name>
                                
              <name type="authority-fnf">Andy Biggs</name>
                                
              <name type="authority-lnf">Biggs, Andy</name>
                            
        </congMember>
         <congMember bioGuideId="B001316" chamber="H" congress="118" party="R" role="COSPONSOR" state="MO">
                                
              <name type="parsed">Mr. Burlison</name>
                                
              <name type="authority-fnf">Eric Burlison</name>
                                
              <name type="authority-lnf">Burlison, Eric</name>
                            
        </congMember>
         <congMember bioGuideId="S001199" chamber="H" congress="118" party="R" role="COSPONSOR" state="PA">
                                
              <name type="parsed">Mr. Smucker</name>
                                
              <name type="authority-fnf">Lloyd Smucker</name>
                                
              <name type="authority-lnf">Smucker, Lloyd</name>
                            
        </congMember>
         <congMember bioGuideId="B001291" chamber="H" congress="118" party="R" role="COSPONSOR" state="TX">
                                
              <name type="parsed">Mr. Babin</name>
                                
              <name type="authority-fnf">Brian Babin</name>
                                
              <name type="authority-lnf">Babin, Brian</name>
                            
        </congMember>
         <congMember bioGuideId="H001093" chamber="H" congress="118" party="R" role="COSPONSOR" state="IN">
                                
              <name type="parsed">Mrs. Houchin</name>
                                
              <name type="authority-fnf">Erin Houchin</name>
                                
              <name type="authority-lnf">Houchin, Erin</name>
                            
        </congMember>
         <congMember bioGuideId="W000806" chamber="H" congress="118" party="R" role="COSPONSOR" state="FL">
                                
              <name type="parsed">Mr. Webster of Florida</name>
                                
              <name type="authority-fnf">Daniel Webster</name>
                                
              <name type="authority-lnf">Webster, Daniel</name>
                            
        </congMember>
         <congMember bioGuideId="B000825" chamber="H" congress="118" party="R" role="COSPONSOR" state="CO">
                                
              <name type="parsed">Ms. Boebert</name>
                                
              <name type="authority-fnf">Lauren Boebert</name>
                                
              <name type="authority-lnf">Boebert, Lauren</name>
                            
        </congMember>
         <congMember bioGuideId="B001311" chamber="H" congress="118" party="R" role="COSPONSOR" state="NC">
                                
              <name type="parsed">Mr. Bishop of North Carolina</name>
                                
              <name type="authority-fnf">Dan Bishop</name>
                                
              <name type="authority-lnf">Bishop, Dan</name>
                            
        </congMember>
         <isPrivate>false</isPrivate>
         <isAppropriation>false</isAppropriation>
         <USCode title="5">
                                
              <chapter number="8"></chapter>
                            
        </USCode>
    </extension>
</mods>