<?xml version="1.0"?>
<?xml-stylesheet type="text/xsl" href="billres.xsl"?>
<!DOCTYPE resolution PUBLIC "-//US Congress//DTDs/res.dtd//EN" "res.dtd">
<resolution dms-id="HABA941BEEED24E55BBFAC591B49B5FAF" public-private="public" resolution-stage="Received-in-Senate" resolution-type="house-concurrent" star-print="no-star-print" key="G" stage-count="1"><metadata xmlns:dc="http://purl.org/dc/elements/1.1/">
<dublinCore>
<dc:title>118 HCON 126 : Authorizing the use of the rotunda of the Capitol for a ceremony to award posthumously a Congressional Gold Medal in commemoration to the servicemembers who perished in Afghanistan on August 26, 2021, during the evacuation of citizens of the United States and Afghan allies at Hamid Karzai International Airport.</dc:title>
<dc:publisher>U.S. House of Representatives</dc:publisher>
<dc:date>2024-09-09</dc:date>
<dc:format>text/xml</dc:format>
<dc:language>EN</dc:language>
<dc:rights>Pursuant to Title 17 Section 105 of the United States Code, this file is not subject to copyright protection and is in the public domain.</dc:rights>
</dublinCore>
</metadata>
<form>
<distribution-code display="yes">III</distribution-code><congress display="yes">118th CONGRESS</congress><session display="yes">2d Session</session><legis-num>H. CON. RES. 126</legis-num><current-chamber>IN THE SENATE OF THE UNITED STATES</current-chamber><action><action-date date="20240909">September 9, 2024</action-date><action-desc>Received</action-desc></action><legis-type>CONCURRENT RESOLUTION</legis-type><official-title display="yes">Authorizing the use of the rotunda of the Capitol for a ceremony to award posthumously a Congressional Gold Medal in commemoration to the servicemembers who perished in Afghanistan on August 26, 2021, during the evacuation of citizens of the United States and Afghan allies at Hamid Karzai International Airport.</official-title></form><resolution-body style="OLC" id="H232A94619C574A57BDE0C4D531EBB41C"><pagebreak></pagebreak><section id="H5B7AF2B046AC42DC97E639078E82A492" section-type="section-one"><enum>1.</enum><header>Use of Rotunda for Ceremony to Award Posthumously Congressional Gold Medal in Commemoration to Servicemembers Who Perished in Afghanistan on August 26, 2021, during Evacuation of United States Citizens and Afghan Allies at Hamid Karzai International Airport</header><subsection id="H8150628E3DA64547A42651FF5A68C686"><enum>(a)</enum><header>Authorization</header><text display-inline="yes-display-inline">The rotunda of the Capitol is authorized to be used on September 10, 2024, for a ceremony to award posthumously a Congressional Gold Medal in commemoration to the servicemembers who perished in Afghanistan on August 26, 2021, during the evacuation of citizens of the United States and Afghan allies at Hamid Karzai International Airport.</text></subsection><subsection id="H02C52B565ADD435988F05C040089546B"><enum>(b)</enum><header>Preparations</header><text display-inline="yes-display-inline">Physical preparations for the conduct of the ceremony described in subsection (a) shall be carried out in accordance with such conditions as the Architect of the Capitol may prescribe.</text></subsection></section></resolution-body><attestation><attestation-group><attestation-date date="20240816" chamber="House">Passed the House of Representatives August 16, 2024.</attestation-date><attestor display="yes">Kevin F. McCumber,</attestor><role>Clerk.</role></attestation-group></attestation></resolution> 

