<?xml version="1.0"?>
<?xml-stylesheet type="text/xsl" href="billres.xsl"?>
<!DOCTYPE resolution PUBLIC "-//US Congress//DTDs/res.dtd//EN" "res.dtd">
<resolution resolution-stage="Introduced-in-House" dms-id="H04C977D912904687B5B1CA12E8299E48" public-private="public" resolution-type="house-joint" star-print="no-star-print" key="H"><metadata xmlns:dc="http://purl.org/dc/elements/1.1/">
<dublinCore>
<dc:title>118 HJ 66 IH: Disapproving the rule submitted by the Consumer Financial Protection Bureau relating to “Small Business Lending Under the Equal Credit Opportunity Act (Regulation B)”.</dc:title>
<dc:publisher>U.S. House of Representatives</dc:publisher>
<dc:date>2023-05-31</dc:date>
<dc:format>text/xml</dc:format>
<dc:language>EN</dc:language>
<dc:rights>Pursuant to Title 17 Section 105 of the United States Code, this file is not subject to copyright protection and is in the public domain.</dc:rights>
</dublinCore>
</metadata>
<form>
<distribution-code display="yes">IA</distribution-code><congress display="yes">118th CONGRESS</congress><session display="yes">1st Session</session><legis-num display="yes">H. J. RES. 66</legis-num><current-chamber>IN THE HOUSE OF REPRESENTATIVES</current-chamber><action display="yes"><action-date date="20230531">May 31, 2023</action-date><action-desc><sponsor name-id="W000816">Mr. Williams of Texas</sponsor> (for himself, <cosponsor name-id="B001282">Mr. Barr</cosponsor>, and <cosponsor name-id="O000175">Mr. Ogles</cosponsor>) submitted the following joint resolution; which was referred to the <committee-name committee-id="HBA00">Committee on Financial Services</committee-name></action-desc></action><legis-type>JOINT RESOLUTION</legis-type><official-title display="yes">Disapproving the rule submitted by the Consumer Financial Protection Bureau relating to <quote>Small Business Lending Under the Equal Credit Opportunity Act (Regulation B)</quote>.</official-title></form><resolution-body style="OLC" id="H9542E046EB6041489C1B8994A3736BDF"><section display-inline="yes-display-inline" section-type="undesignated-section" id="H4F597523ABF044C2899458B7E9F4A9E2"><text display-inline="yes-display-inline">That Congress disapproves the rule submitted by the Consumer Financial Protection Bureau relating to <quote>Small Business Lending Under the Equal Credit Opportunity Act (Regulation B)</quote> (88 Fed. Reg. 35150), and such rule shall have no force or effect.</text></section></resolution-body></resolution> 

