<mods xmlns:xlink="http://www.w3.org/1999/xlink" xmlns:xsi="http://www.w3.org/2001/XMLSchema-instance" xmlns="http://www.loc.gov/mods/v3" version="3.3" xsi:schemaLocation="http://www.loc.gov/mods/v3 http://www.loc.gov/standards/mods/v3/mods-3-3.xsd" ID="P0b002ee1bc7ce268">
    <name type="corporate">
         <namePart>United States Government Publishing Office</namePart>
         <role>
              <roleTerm authority="marcrelator" type="text">publisher</roleTerm>
              <roleTerm authority="marcrelator" type="code">pbl</roleTerm>
        </role>
         <role>
              <roleTerm authority="marcrelator" type="text">distributor</roleTerm>
              <roleTerm authority="marcrelator" type="code">dst</roleTerm>
        </role>
    </name>
    <name type="corporate">
         <namePart>United States</namePart>
         <namePart>Congress</namePart>
         <namePart>Senate</namePart>
         <role>
              <roleTerm authority="marcrelator" type="text">author</roleTerm>
              <roleTerm authority="marcrelator" type="code">aut</roleTerm>
        </role>
         <description>Government Organization</description>
    </name>
    <name type="corporate">
         <namePart>United States</namePart>
         <namePart>Congress</namePart>
         <namePart>House of Representatives</namePart>
         <role>
              <roleTerm authority="marcrelator" type="text">author</roleTerm>
              <roleTerm authority="marcrelator" type="code">aut</roleTerm>
        </role>
         <description>Government Organization</description>
    </name>
    <typeOfResource>text</typeOfResource>
    <genre authority="marcgt">government publication</genre>
    <language>
         <languageTerm type="code" authority="iso639-2b">eng</languageTerm>
    </language>
    <extension>
         <collectionCode>BILLS</collectionCode>
         <searchTitle>Providing for congressional disapproval under chapter 8 of title 5, United States Code, of the rule submitted by the Department of Labor relating to Prudence and Loyalty in Selecting Plan Investments and Exercising Shareholder Rights.;H.J. Res. 30 (RDS)
    </searchTitle>
         <category>Bills and Statutes</category>
         <waisDatabaseName>118_cong_bills</waisDatabaseName>
         <branch>legislative</branch>
         <dateIngested>2023-03-02</dateIngested>
    </extension>
    <titleInfo>
         <title>Providing for congressional disapproval under chapter 8 of title 5, United States Code, of the rule submitted by the Department of Labor relating to Prudence and Loyalty in Selecting Plan Investments and Exercising Shareholder Rights.</title>
    </titleInfo>
    <titleInfo type="alternative">
         <title>H.J. Res. 30 (RDS)
    </title>
    </titleInfo>
    <originInfo>
         <publisher>U.S. Government Publishing Office</publisher>
         <dateIssued encoding="w3cdtf">2023-03-01</dateIssued>
         <issuance>monographic</issuance>
    </originInfo>
    <physicalDescription>
         <note type="source content type">deposited</note>
         <digitalOrigin>born digital</digitalOrigin>
         <extent>2 p.</extent>
    </physicalDescription>
    <classification authority="sudocs">Y 1.6:</classification>
    <classification authority="sudocs">Y 1.4/8:</classification>
    <identifier type="local">P0b002ee1bc7ce268</identifier>
    <identifier type="uri">https://www.govinfo.gov/app/details/BILLS-118hjres30rds</identifier>
    <identifier type="preferred citation">H.J. Res. 30</identifier>
    <identifier type="stock number">021-610-00252-9</identifier>
    <identifier type="Parent ILS system id">000501532</identifier>
    <identifier type="Child ILS system id">000325570</identifier>
    <identifier type="Parent ILS title">Congressional bills</identifier>
    <identifier type="Child ILS title">House joint resolutions</identifier>
    <identifier type="former package identifier">f:hj30_rds.txt</identifier>
    <location>
         <url displayLabel="Content Detail" access="object in context">https://www.govinfo.gov/app/details/BILLS-118hjres30rds</url>
         <url displayLabel="HTML rendition" access="raw object">https://www.govinfo.gov/content/pkg/BILLS-118hjres30rds/html/BILLS-118hjres30rds.htm</url>
         <url displayLabel="PDF rendition" access="raw object">https://www.govinfo.gov/content/pkg/BILLS-118hjres30rds/pdf/BILLS-118hjres30rds.pdf</url>
         <url displayLabel="XML rendition" access="raw object">https://www.govinfo.gov/content/pkg/BILLS-118hjres30rds/xml/BILLS-118hjres30rds.xml</url>
    </location>
    <accessCondition type="GPO scope determination">fdlp</accessCondition>
    <recordInfo>
         <recordContentSource authority="marcorg">DGPO</recordContentSource>
         <recordCreationDate encoding="w3cdtf">2023-03-02</recordCreationDate>
         <recordChangeDate encoding="w3cdtf">2023-03-03</recordChangeDate>
         <recordIdentifier source="DGPO">BILLS-118hjres30rds</recordIdentifier>
         <recordOrigin>machine generated</recordOrigin>
         <languageOfCataloging>
              <languageTerm type="code" authority="iso639-2b">eng</languageTerm>
        </languageOfCataloging>
    </recordInfo>
    <relatedItem type="isReferencedBy">
         <titleInfo>
              <title>United States Code</title>
              <partNumber>Title 5 Chapter 8</partNumber>
        </titleInfo>
         <identifier type="USC citation">5 U.S.C. Chapter 8</identifier>
    </relatedItem>
    <extension>
         <docClass>hjres</docClass>
         <accessId>BILLS-118hjres30rds</accessId>
         <congress>118</congress>
         <session>1</session>
         <originChamber>HOUSE</originChamber>
         <currentChamber>SENATE</currentChamber>
         <billNumber>30</billNumber>
         <billVersion reprint="false">rds</billVersion>
         <fileSuffix>rds</fileSuffix>
         <officialTitle>Providing for congressional disapproval under chapter 8 of title 5, United States Code, of the rule submitted by the Department of Labor relating to Prudence and Loyalty in Selecting Plan Investments and Exercising Shareholder Rights.</officialTitle>
         <action date="2023-03-01">Received</action>
         <isPrivate>false</isPrivate>
         <isAppropriation>false</isAppropriation>
         <USCode title="5">
                                
              <chapter number="8"></chapter>
                            
        </USCode>
    </extension>
</mods>