<?xml version="1.0"?>
<?xml-stylesheet type="text/xsl" href="billres.xsl"?>
<!DOCTYPE resolution PUBLIC "-//US Congress//DTDs/res.dtd//EN" "res.dtd">
<resolution resolution-stage="Introduced-in-House" dms-id="H3DF794C2DA284A0C8576738D8A19F2CD" public-private="public" resolution-type="house-concurrent" star-print="no-star-print" key="H"><metadata xmlns:dc="http://purl.org/dc/elements/1.1/">
<dublinCore>
<dc:title>118 HCON 113 IH: Recognizing the life, achievements, and public service of former President George H.W. Bush on the occasion of his 100th birthday.</dc:title>
<dc:publisher>U.S. House of Representatives</dc:publisher>
<dc:date>2024-06-12</dc:date>
<dc:format>text/xml</dc:format>
<dc:language>EN</dc:language>
<dc:rights>Pursuant to Title 17 Section 105 of the United States Code, this file is not subject to copyright protection and is in the public domain.</dc:rights>
</dublinCore>
</metadata>
<form>
<distribution-code display="yes">IV</distribution-code><congress display="yes">118th CONGRESS</congress><session display="yes">2d Session</session><legis-num display="yes">H. CON. RES. 113</legis-num><current-chamber>IN THE HOUSE OF REPRESENTATIVES</current-chamber><action display="yes"><action-date date="20240612">June 12, 2024</action-date><action-desc><sponsor name-id="P000048">Mr. Pfluger</sponsor> (for himself, <cosponsor name-id="G000377">Ms. Granger</cosponsor>, <cosponsor name-id="S000250">Mr. Sessions</cosponsor>, <cosponsor name-id="E000071">Mr. Ellzey</cosponsor>, <cosponsor name-id="L000603">Mr. Luttrell</cosponsor>, <cosponsor name-id="W000816">Mr. Williams of Texas</cosponsor>, <cosponsor name-id="B001291">Mr. Babin</cosponsor>, <cosponsor name-id="F000246">Mr. Fallon</cosponsor>, <cosponsor name-id="M001157">Mr. McCaul</cosponsor>, <cosponsor name-id="W000814">Mr. Weber of Texas</cosponsor>, <cosponsor name-id="F000468">Mrs. Fletcher</cosponsor>, <cosponsor name-id="C001120">Mr. Crenshaw</cosponsor>, <cosponsor name-id="M001224">Mr. Moran</cosponsor>, <cosponsor name-id="J000304">Mr. Jackson of Texas</cosponsor>, <cosponsor name-id="V000134">Ms. Van Duyne</cosponsor>, <cosponsor name-id="G000589">Mr. Gooden of Texas</cosponsor>, <cosponsor name-id="B001248">Mr. Burgess</cosponsor>, <cosponsor name-id="S001224">Mr. Self</cosponsor>, <cosponsor name-id="A000375">Mr. Arrington</cosponsor>, <cosponsor name-id="B001298">Mr. Bacon</cosponsor>, <cosponsor name-id="B000740">Mrs. Bice</cosponsor>, <cosponsor name-id="L000599">Mr. Lawler</cosponsor>, <cosponsor name-id="F000466">Mr. Fitzpatrick</cosponsor>, <cosponsor name-id="G000546">Mr. Graves of Missouri</cosponsor>, <cosponsor name-id="D000032">Mr. Donalds</cosponsor>, <cosponsor name-id="G000558">Mr. Guthrie</cosponsor>, and <cosponsor name-id="L000266">Mr. LaTurner</cosponsor>) submitted the following concurrent resolution; which was referred to the <committee-name committee-id="HGO00">Committee on Oversight and Accountability</committee-name></action-desc></action><legis-type>CONCURRENT RESOLUTION</legis-type><official-title display="yes">Recognizing the life, achievements, and public service of former President George H.W. Bush on the occasion of his 100th birthday.</official-title></form><preamble><whereas><text>Whereas, on June 12, 1924, George Herbert Walker Bush was born in Milton, Massachusetts;</text></whereas><whereas><text>Whereas George H.W. Bush enlisted in the United States Navy as a naval aviator on his 18th birthday, eventually flying his first combat mission in May 1944, bombing Japanese-held Wake Island;</text></whereas><whereas><text>Whereas George H.W. Bush was awarded the Distinguished Flying Cross for his role in Chichi Jima where he successfully bailed from his aircraft and evaded capture;</text></whereas><whereas><text>Whereas George H.W. Bush retired from the Navy having flown 58 active missions, completed 128 career landings, and recorded 1228 hours of flight time;</text></whereas><whereas><text>Whereas George H.W. Bush enrolled at Yale College, where he graduated in two and a half years;</text></whereas><whereas><text>Whereas, in college, George H.W. Bush captained the Yale baseball team and played in the first two College World Series;</text></whereas><whereas><text>Whereas George H.W. Bush married Barbara Pierce on January 6, 1945;</text></whereas><whereas><text>Whereas George H.W. Bush had six children, George W., Robin, Jeb, Neil, Marvin, and Dorothy;</text></whereas><whereas><text>Whereas, in June 1948, the young Bush family moved to West Texas, where one of Mr. Bush’s companies, Zapata, eventually became the Pennzoil Corporation, while Zapata Off-shore Co. pioneered in offshore drilling with operations in the Gulf of Mexico, Brunei, Venezuela, the Sea of Japan, and the Persian Gulf;</text></whereas><whereas><text>Whereas George H.W. Bush was elected as Chairman of the Harris County Republican Party in 1963;</text></whereas><whereas><text>Whereas, in 1966, George H.W. Bush ran for the House of Representatives for Texas’ 7th Congressional District, and won;</text></whereas><whereas><text>Whereas George H.W. Bush was appointed as the United States Ambassador to the United Nations in 1970;</text></whereas><whereas><text>Whereas George H.W. Bush was appointed as the Chair of the Republican National Committee in 1972;</text></whereas><whereas><text>Whereas George H.W. Bush was confirmed as the Director of Central Intelligence in 1976;</text></whereas><whereas><text>Whereas, at the 1980 Republican National Convention, Republican Presidential nominee Ronald Reagan selected George H.W. Bush as his Vice Presidential nominee;</text></whereas><whereas><text>Whereas George H.W. Bush assumed the role of Vice President in 1981;</text></whereas><whereas><text>Whereas the Reagan-Bush administration was reelected for a second term in 1984;</text></whereas><whereas><text>Whereas, in 1988, George H.W. Bush became the Presidential nominee, with running mate Dan Quayle, Senator from Indiana;</text></whereas><whereas><text>Whereas George H.W. Bush won the election with over 400 electoral votes, which remains the most recent election in which a candidate won over 400 electoral votes;</text></whereas><whereas><text>Whereas, during President Bush’s term in the Oval Office, a revolution of human liberty swept the globe, emancipating tens of millions of people and unleashing a series of transformative events;</text></whereas><whereas><text>Whereas freedom prevailed in the Cold War as the Soviet Union imploded, the Berlin Wall <quote>fell</quote>, and Germany united within the North Atlantic Treaty Organization following 45 years of postwar division, and from Eastern Europe to the Baltic states to Latin America to the former Soviet republics, many liberal democracies supplanted totalitarian regimes;</text></whereas><whereas><text>Whereas President Bush worked with Soviet leader Mikhail Gorbachev and other key global figures to end the Cold War peacefully and usher in a new geopolitical era marked by political self-determination, the spread of market capitalism, and the opening of closed economies;</text></whereas><whereas><text>Whereas, in August 1990, after Iraqi troops under dictator Saddam Hussein invaded neighboring Kuwait, President Bush forged a coalition of 32 countries to restore Kuwaiti sovereignty and uphold international law;</text></whereas><whereas><text>Whereas, despite being the first sitting Vice President elected to the Presidency since Martin van Buren in 1837, and only the second United States President elected to serve a full term without party control in either chamber of Congress, President Bush signed into law the Americans with Disabilities Act, which, among other accomplishments, eliminated the barriers to employment, public accommodations, and transportation services for some 43,000,000 citizens with disabilities;</text></whereas><whereas><text>Whereas George Bush also signed the Clean Air Act Amendments of 1990, which guided United States environmental policy for more than two decades;</text></whereas><whereas><text>Whereas the education summit Mr. Bush hosted in 1989 with all 50 United States governors at the University of Virginia helped to spur a national reform movement, and the 1990 budget agreement he signed codified into law real caps on discretionary spending by Congress while cutting the deficit by historic levels;</text></whereas><whereas><text>Whereas President Bush launched his <quote>Points of Light</quote> initiative to promote volunteerism and community service across the United States, and during his term in office named 1,020 Daily Points of Light hailing from all 50 States;</text></whereas><whereas><text>Whereas the George H.W. Bush Presidential Library and Museum was built in 1997 on the campus of Texas A&amp;M University;</text></whereas><whereas><text>Whereas the Bush School of Government and Public Service was founded in 1997 on the campus of Texas A&amp;M University; </text></whereas><whereas><text>Whereas, after leaving the White House, President Bush chaired the Board of Visitors at the University of Texas M.D. Anderson Cancer Center from 2001 to 2003, and later with his wife, Barbara, Mr. Bush served as honorary cochair of C-Change, a collaborative group of key cancer leaders from the government, business, and nonprofit sectors who are committed to eliminate cancer as a major public health problem;</text></whereas><whereas><text>Whereas, in 1997, the George Bush Intercontinental Airport in Houston was renamed in his honor;</text></whereas><whereas><text>Whereas the USS George H.W. Bush, the tenth and final Nimitz-class supercarrier of the United States Navy, was commissioned in 2009; and</text></whereas><whereas><text>Whereas, at the time of their passing in 2018, George H.W. and Barbara Bush had been married for 73 years and were survived by 5 children and their spouses, 17 grandchildren, and 8 great-grandchildren: Now, therefore, be it</text></whereas></preamble><resolution-body style="traditional" id="H86B4565F3A984BA8BFCCA33F6AD5458E"><section display-inline="yes-display-inline" section-type="undesignated-section" id="H8419B93271B74520BF9FDB4B980ABBBB"><enum/><text>That Congress—</text><paragraph id="H63948877BC284829B1D6176A240821AE"><enum>(1)</enum><text>honors the life, achievements, and distinguished public service of George Herbert Walker Bush;</text></paragraph><paragraph id="HC745EBD8BF0841F69EDD79DF43A524B4"><enum>(2)</enum><text>recognizes George Herbert Walker Bush on the occasion of his 100th birthday and expresses thanks and commendations to him and his family;</text></paragraph><paragraph id="HBFA88644C3E14FBB9FA1DB7E03C460BC"><enum>(3)</enum><text>acknowledges the positive impact George Herbert Walker Bush contributed to his country and the world through his decency and compassion; and</text></paragraph><paragraph id="H87048B3D1F234F9CA8E004570515304A"><enum>(4)</enum><text>establishes the legacy of George Herbert Walker Bush as one of the great leaders and statesmen of the United States.</text></paragraph></section></resolution-body></resolution> 

