<mods xmlns:xlink="http://www.w3.org/1999/xlink" xmlns:xsi="http://www.w3.org/2001/XMLSchema-instance" xmlns="http://www.loc.gov/mods/v3" version="3.3" xsi:schemaLocation="http://www.loc.gov/mods/v3 http://www.loc.gov/standards/mods/v3/mods-3-3.xsd" ID="P0b002ee1bfa32f0c">
    <name type="corporate">
         <namePart>United States Government Publishing Office</namePart>
         <role>
              <roleTerm authority="marcrelator" type="text">publisher</roleTerm>
              <roleTerm authority="marcrelator" type="code">pbl</roleTerm>
        </role>
         <role>
              <roleTerm authority="marcrelator" type="text">distributor</roleTerm>
              <roleTerm authority="marcrelator" type="code">dst</roleTerm>
        </role>
    </name>
    <name type="corporate">
         <namePart>United States</namePart>
         <namePart>Congress</namePart>
         <namePart>House of Representatives</namePart>
         <role>
              <roleTerm authority="marcrelator" type="text">author</roleTerm>
              <roleTerm authority="marcrelator" type="code">aut</roleTerm>
        </role>
         <description>Government Organization</description>
    </name>
    <typeOfResource>text</typeOfResource>
    <genre authority="marcgt">government publication</genre>
    <language>
         <languageTerm type="code" authority="iso639-2b">eng</languageTerm>
    </language>
    <extension>
         <collectionCode>BILLS</collectionCode>
         <searchTitle>Calling for the immediate release of Marc Fogel, a United States citizen and teacher, who was given an unjust and disproportionate criminal sentence by the Government of the Russian Federation in June 2022.;H. Con. Res. 60 (IH)
    </searchTitle>
         <category>Bills and Statutes</category>
         <waisDatabaseName>118_cong_bills</waisDatabaseName>
         <branch>legislative</branch>
         <dateIngested>2023-07-27</dateIngested>
    </extension>
    <titleInfo>
         <title>Calling for the immediate release of Marc Fogel, a United States citizen and teacher, who was given an unjust and disproportionate criminal sentence by the Government of the Russian Federation in June 2022.</title>
    </titleInfo>
    <titleInfo type="alternative">
         <title>H. Con. Res. 60 (IH)
    </title>
    </titleInfo>
    <originInfo>
         <publisher>U.S. Government Publishing Office</publisher>
         <dateIssued encoding="w3cdtf">2023-07-26</dateIssued>
         <issuance>monographic</issuance>
    </originInfo>
    <physicalDescription>
         <note type="source content type">deposited</note>
         <digitalOrigin>born digital</digitalOrigin>
         <extent>5 p.</extent>
    </physicalDescription>
    <classification authority="sudocs">Y 1.6:</classification>
    <classification authority="sudocs">Y 1.4/9:</classification>
    <identifier type="local">P0b002ee1bfa32f0c</identifier>
    <identifier type="uri">https://www.govinfo.gov/app/details/BILLS-118hconres60ih</identifier>
    <identifier type="preferred citation">H. Con. Res. 60</identifier>
    <identifier type="stock number">021-610-00252-9</identifier>
    <identifier type="Parent ILS system id">000501532</identifier>
    <identifier type="Child ILS system id">000325575</identifier>
    <identifier type="Parent ILS title">Congressional bills</identifier>
    <identifier type="Child ILS title">House concurrent resolutions</identifier>
    <identifier type="former package identifier">f:hc60_ih.txt</identifier>
    <location>
         <url displayLabel="Content Detail" access="object in context">https://www.govinfo.gov/app/details/BILLS-118hconres60ih</url>
         <url displayLabel="HTML rendition" access="raw object">https://www.govinfo.gov/content/pkg/BILLS-118hconres60ih/html/BILLS-118hconres60ih.htm</url>
         <url displayLabel="PDF rendition" access="raw object">https://www.govinfo.gov/content/pkg/BILLS-118hconres60ih/pdf/BILLS-118hconres60ih.pdf</url>
         <url displayLabel="XML rendition" access="raw object">https://www.govinfo.gov/content/pkg/BILLS-118hconres60ih/xml/BILLS-118hconres60ih.xml</url>
    </location>
    <accessCondition type="GPO scope determination">fdlp</accessCondition>
    <recordInfo>
         <recordContentSource authority="marcorg">DGPO</recordContentSource>
         <recordCreationDate encoding="w3cdtf">2023-07-27</recordCreationDate>
         <recordChangeDate encoding="w3cdtf">2023-07-27</recordChangeDate>
         <recordIdentifier source="DGPO">BILLS-118hconres60ih</recordIdentifier>
         <recordOrigin>machine generated</recordOrigin>
         <languageOfCataloging>
              <languageTerm type="code" authority="iso639-2b">eng</languageTerm>
        </languageOfCataloging>
    </recordInfo>
    <name type="personal">
         <namePart>Christopher R. Deluzio</namePart>
         <affiliation>United States House of Representatives</affiliation>
         <role>
              <roleTerm authority="marcrelator" type="text">sponsor</roleTerm>
              <roleTerm authority="marcrelator" type="code">spn</roleTerm>
        </role>
         <description>United States Congress Member</description>
    </name>
    <name type="personal">
         <namePart>Guy Reschenthaler</namePart>
         <affiliation>United States House of Representatives</affiliation>
         <role>
              <roleTerm type="text">cosponsor</roleTerm>
        </role>
         <description>United States Congress Member</description>
    </name>
    <name type="personal">
         <namePart>Dwight Evans</namePart>
         <affiliation>United States House of Representatives</affiliation>
         <role>
              <roleTerm type="text">cosponsor</roleTerm>
        </role>
         <description>United States Congress Member</description>
    </name>
    <name type="personal">
         <namePart>Brendan F. Boyle</namePart>
         <affiliation>United States House of Representatives</affiliation>
         <role>
              <roleTerm type="text">cosponsor</roleTerm>
        </role>
         <description>United States Congress Member</description>
    </name>
    <name type="personal">
         <namePart>Mike Kelly</namePart>
         <affiliation>United States House of Representatives</affiliation>
         <role>
              <roleTerm type="text">cosponsor</roleTerm>
        </role>
         <description>United States Congress Member</description>
    </name>
    <name type="personal">
         <namePart>Madeleine Dean</namePart>
         <affiliation>United States House of Representatives</affiliation>
         <role>
              <roleTerm type="text">cosponsor</roleTerm>
        </role>
         <description>United States Congress Member</description>
    </name>
    <name type="personal">
         <namePart>Brian K. Fitzpatrick</namePart>
         <affiliation>United States House of Representatives</affiliation>
         <role>
              <roleTerm type="text">cosponsor</roleTerm>
        </role>
         <description>United States Congress Member</description>
    </name>
    <name type="personal">
         <namePart>Susan Wild</namePart>
         <affiliation>United States House of Representatives</affiliation>
         <role>
              <roleTerm type="text">cosponsor</roleTerm>
        </role>
         <description>United States Congress Member</description>
    </name>
    <name type="personal">
         <namePart>Mary Gay Scanlon</namePart>
         <affiliation>United States House of Representatives</affiliation>
         <role>
              <roleTerm type="text">cosponsor</roleTerm>
        </role>
         <description>United States Congress Member</description>
    </name>
    <name type="personal">
         <namePart>Daniel Meuser</namePart>
         <affiliation>United States House of Representatives</affiliation>
         <role>
              <roleTerm type="text">cosponsor</roleTerm>
        </role>
         <description>United States Congress Member</description>
    </name>
    <name type="personal">
         <namePart>Glenn Thompson</namePart>
         <affiliation>United States House of Representatives</affiliation>
         <role>
              <roleTerm type="text">cosponsor</roleTerm>
        </role>
         <description>United States Congress Member</description>
    </name>
    <name type="personal">
         <namePart>Chrissy Houlahan</namePart>
         <affiliation>United States House of Representatives</affiliation>
         <role>
              <roleTerm type="text">cosponsor</roleTerm>
        </role>
         <description>United States Congress Member</description>
    </name>
    <name type="personal">
         <namePart>Matt Cartwright</namePart>
         <affiliation>United States House of Representatives</affiliation>
         <role>
              <roleTerm type="text">cosponsor</roleTerm>
        </role>
         <description>United States Congress Member</description>
    </name>
    <name type="personal">
         <namePart>Summer L. Lee</namePart>
         <affiliation>United States House of Representatives</affiliation>
         <role>
              <roleTerm type="text">cosponsor</roleTerm>
        </role>
         <description>United States Congress Member</description>
    </name>
    <name type="personal">
         <namePart>Ryan K. Zinke</namePart>
         <affiliation>United States House of Representatives</affiliation>
         <role>
              <roleTerm type="text">cosponsor</roleTerm>
        </role>
         <description>United States Congress Member</description>
    </name>
    <name type="corporate">
         <namePart>United States</namePart>
         <namePart>Congress</namePart>
         <namePart>House of Representatives</namePart>
         <namePart>Committee on Foreign Affairs</namePart>
         <role>
              <roleTerm authority="marcrelator" type="text">associated name</roleTerm>
              <roleTerm authority="marcrelator" type="code">asn</roleTerm>
        </role>
    </name>
    <extension>
         <docClass>hconres</docClass>
         <accessId>BILLS-118hconres60ih</accessId>
         <congress>118</congress>
         <session>1</session>
         <originChamber>HOUSE</originChamber>
         <currentChamber>HOUSE</currentChamber>
         <billNumber>60</billNumber>
         <billVersion reprint="false">ih</billVersion>
         <fileSuffix>ih</fileSuffix>
         <officialTitle>Calling for the immediate release of Marc Fogel, a United States citizen and teacher, who was given an unjust and disproportionate criminal sentence by the Government of the Russian Federation in June 2022.</officialTitle>
         <action date="2023-07-26">Mr. Deluzio (for himself, Mr. Reschenthaler, Mr. Evans, Mr. Boyle of Pennsylvania, Mr. Kelly of Pennsylvania, Ms. Dean of Pennsylvania, Mr. Fitzpatrick, Ms. Wild, Ms. Scanlon, Mr. Meuser, Mr. Thompson of Pennsylvania, Ms. Houlahan, Mr. Cartwright, Ms. Lee of Pennsylvania, and Mr. Zinke) submitted the following concurrent resolution; which was referred to the Committee on Foreign Affairs</action>
         <congCommittee authorityId="hsfa00" chamber="H" congress="118" type="S">
                                
              <name type="authority-standard">Committee on Foreign Affairs</name>
                                
              <name type="authority-short">Foreign Affairs</name>
                            
        </congCommittee>
         <congMember bioGuideId="D000530" chamber="H" congress="118" party="D" role="SPONSOR" state="PA">
                                
              <name type="parsed">Mr. Deluzio</name>
                                
              <name type="authority-fnf">Christopher R. Deluzio</name>
                                
              <name type="authority-lnf">Deluzio, Christopher R.</name>
                                
              <name type="authority-other">Christopher Deluzio</name>
                            
        </congMember>
         <congMember bioGuideId="R000610" chamber="H" congress="118" party="R" role="COSPONSOR" state="PA">
                                
              <name type="parsed">Mr. Reschenthaler</name>
                                
              <name type="authority-fnf">Guy Reschenthaler</name>
                                
              <name type="authority-lnf">Reschenthaler, Guy</name>
                            
        </congMember>
         <congMember bioGuideId="E000296" chamber="H" congress="118" party="D" role="COSPONSOR" state="PA">
                                
              <name type="parsed">Mr. Evans</name>
                                
              <name type="authority-fnf">Dwight Evans</name>
                                
              <name type="authority-lnf">Evans, Dwight</name>
                            
        </congMember>
         <congMember bioGuideId="B001296" chamber="H" congress="118" party="D" role="COSPONSOR" state="PA">
                                
              <name type="parsed">Mr. Boyle of Pennsylvania</name>
                                
              <name type="authority-fnf">Brendan F. Boyle</name>
                                
              <name type="authority-lnf">Boyle, Brendan F.</name>
                                
              <name type="authority-other">Mr. Brendan Boyle</name>
                            
        </congMember>
         <congMember bioGuideId="K000376" chamber="H" congress="118" party="R" role="COSPONSOR" state="PA">
                                
              <name type="parsed">Mr. Kelly of Pennsylvania</name>
                                
              <name type="authority-fnf">Mike Kelly</name>
                                
              <name type="authority-lnf">Kelly, Mike</name>
                            
        </congMember>
         <congMember bioGuideId="D000631" chamber="H" congress="118" party="D" role="COSPONSOR" state="PA">
                                
              <name type="parsed">Ms. Dean of Pennsylvania</name>
                                
              <name type="authority-fnf">Madeleine Dean</name>
                                
              <name type="authority-lnf">Dean, Madeleine</name>
                            
        </congMember>
         <congMember bioGuideId="F000466" chamber="H" congress="118" party="R" role="COSPONSOR" state="PA">
                                
              <name type="parsed">Mr. Fitzpatrick</name>
                                
              <name type="authority-fnf">Brian K. Fitzpatrick</name>
                                
              <name type="authority-lnf">Fitzpatrick, Brian K.</name>
                                
              <name type="authority-other">Mr. Brian Fitzpatrick</name>
                            
        </congMember>
         <congMember bioGuideId="W000826" chamber="H" congress="118" party="D" role="COSPONSOR" state="PA">
                                
              <name type="parsed">Ms. Wild</name>
                                
              <name type="authority-fnf">Susan Wild</name>
                                
              <name type="authority-lnf">Wild, Susan</name>
                            
        </congMember>
         <congMember bioGuideId="S001205" chamber="H" congress="118" party="D" role="COSPONSOR" state="PA">
                                
              <name type="parsed">Ms. Scanlon</name>
                                
              <name type="authority-fnf">Mary Gay Scanlon</name>
                                
              <name type="authority-lnf">Scanlon, Mary Gay</name>
                                
              <name type="authority-other">Ms. Mary Scanlon</name>
                            
        </congMember>
         <congMember bioGuideId="M001204" chamber="H" congress="118" party="R" role="COSPONSOR" state="PA">
                                
              <name type="parsed">Mr. Meuser</name>
                                
              <name type="authority-fnf">Daniel Meuser</name>
                                
              <name type="authority-lnf">Meuser, Daniel</name>
                            
        </congMember>
         <congMember bioGuideId="T000467" chamber="H" congress="118" party="R" role="COSPONSOR" state="PA">
                                
              <name type="parsed">Mr. Thompson of Pennsylvania</name>
                                
              <name type="authority-fnf">Glenn Thompson</name>
                                
              <name type="authority-lnf">Thompson, Glenn</name>
                            
        </congMember>
         <congMember bioGuideId="H001085" chamber="H" congress="118" party="D" role="COSPONSOR" state="PA">
                                
              <name type="parsed">Ms. Houlahan</name>
                                
              <name type="authority-fnf">Chrissy Houlahan</name>
                                
              <name type="authority-lnf">Houlahan, Chrissy</name>
                            
        </congMember>
         <congMember bioGuideId="C001090" chamber="H" congress="118" party="D" role="COSPONSOR" state="PA">
                                
              <name type="parsed">Mr. Cartwright</name>
                                
              <name type="authority-fnf">Matt Cartwright</name>
                                
              <name type="authority-lnf">Cartwright, Matt</name>
                            
        </congMember>
         <congMember bioGuideId="L000602" chamber="H" congress="118" party="D" role="COSPONSOR" state="PA">
                                
              <name type="parsed">Ms. Lee of Pennsylvania</name>
                                
              <name type="authority-fnf">Summer L. Lee</name>
                                
              <name type="authority-lnf">Lee, Summer L.</name>
                                
              <name type="authority-other">Summer Lee</name>
                            
        </congMember>
         <congMember bioGuideId="Z000018" chamber="H" congress="118" party="R" role="COSPONSOR" state="MT">
                                
              <name type="parsed">Mr. Zinke</name>
                                
              <name type="authority-fnf">Ryan K. Zinke</name>
                                
              <name type="authority-lnf">Zinke, Ryan K.</name>
                                
              <name type="authority-other">Mr. Ryan Zinke</name>
                            
        </congMember>
         <isPrivate>false</isPrivate>
         <isAppropriation>false</isAppropriation>
    </extension>
</mods>