<?xml version="1.0" encoding="UTF-8"?><mets xmlns="http://www.loc.gov/METS/" xmlns:utils="xalan://gov.gpo.fdsys.utils" xmlns:datetime="http://exslt.org/dates-and-times" xmlns:xalan="http://xml.apache.org/xalan" xmlns:xsi="http://www.w3.org/2001/XMLSchema-instance" xmlns:xlink="http://www.w3.org/1999/xlink" xsi:schemaLocation="http://www.loc.gov/METS/ http://www.loc.gov/standards/mets/mets.xsd" ID="P0b002ee1beed5189" LABEL="Authorizing the use of the Capitol Grounds for the Greater Washington Soap Box Derby." OBJID="BILLS-118hconres43enr">
<metsHdr CREATEDATE="2024-10-08T09:24:16Z" LASTMODDATE="2024-10-08T09:24:16Z">
<agent ROLE="CREATOR" TYPE="ORGANIZATION">
<name>United States Government Publishing Office</name>
</agent>
</metsHdr>
<dmdSec ID="descriptive-metadata">
<mdRef ID="descriptive-metadata-mods" MIMETYPE="text/xml" LOCTYPE="URL" xlink:href="file://mods.xml" MDTYPE="MODS"/>
</dmdSec>
<amdSec>
<digiprovMD ID="provenance-metadata-premis">
<mdRef MIMETYPE="text/xml" LOCTYPE="URL" xlink:href="file://premis.xml" MDTYPE="PREMIS"/>
</digiprovMD>
</amdSec>
<fileSec><fileGrp USE="text/html"><file ID="FID1" MIMETYPE="text/html" SIZE="2613">
<FLocat LOCTYPE="URL" xlink:href="file://html/BILLS-118hconres43enr.htm"/>
<FLocat LOCTYPE="URL" xlink:href="https://www.govinfo.gov/content/pkg/BILLS-118hconres43enr/html/BILLS-118hconres43enr.htm"/>
</file></fileGrp><fileGrp USE="text/xml"><file ID="FID2" MIMETYPE="text/xml" SIZE="5123">
<FLocat LOCTYPE="URL" xlink:href="file://xml/BILLS-118hconres43enr.xml"/>
<FLocat LOCTYPE="URL" xlink:href="https://www.govinfo.gov/content/pkg/BILLS-118hconres43enr/xml/BILLS-118hconres43enr.xml"/>
</file></fileGrp><fileGrp USE="application/pdf"><file ID="FID3" MIMETYPE="application/pdf" SIZE="110277">
<FLocat LOCTYPE="URL" xlink:href="file://pdf/BILLS-118hconres43enr.pdf"/>
<FLocat LOCTYPE="URL" xlink:href="https://www.govinfo.gov/content/pkg/BILLS-118hconres43enr/pdf/BILLS-118hconres43enr.pdf"/>
</file></fileGrp><fileGrp USE="text/xml"><file ID="FID4" MIMETYPE="text/xml" SIZE="6958">
<FLocat LOCTYPE="URL" xlink:href="file://uslm/BILLS-118hconres43enr.xml"/>
<FLocat LOCTYPE="URL" xlink:href="https://www.govinfo.gov/content/pkg/BILLS-118hconres43enr/uslm/BILLS-118hconres43enr.xml"/>
</file></fileGrp></fileSec>
<structMap>
<div>
<div ADMID="provenance-metadata-premis">
<fptr FILEID="FID1"/>
</div>
<div ADMID="provenance-metadata-premis">
<fptr FILEID="FID2"/>
</div>
<div ADMID="provenance-metadata-premis">
<fptr FILEID="FID3"/>
</div>
<div ADMID="provenance-metadata-premis">
<fptr FILEID="FID4"/>
</div>
</div>
</structMap>
</mets>
