<?xml version="1.0"?>
<?xml-stylesheet type="text/xsl" href="billres.xsl"?>
<!DOCTYPE resolution PUBLIC "-//US Congress//DTDs/res.dtd//EN" "res.dtd">
<resolution resolution-stage="Introduced-in-House" dms-id="H7A49ED929C00403D9225A7C4AE5A29D5" public-private="public" resolution-type="house-joint" star-print="no-star-print" key="H"><metadata xmlns:dc="http://purl.org/dc/elements/1.1/">
<dublinCore>
<dc:title>118 HJ 69 IH: Providing for congressional disapproval under chapter 8 of title 5, United States Code, of the rule submitted by the Environmental Protection Agency relating to “Federal Good Neighbor Plan for the 2015 Ozone National Ambient Air Quality Standards”.</dc:title>
<dc:publisher>U.S. House of Representatives</dc:publisher>
<dc:date>2023-06-12</dc:date>
<dc:format>text/xml</dc:format>
<dc:language>EN</dc:language>
<dc:rights>Pursuant to Title 17 Section 105 of the United States Code, this file is not subject to copyright protection and is in the public domain.</dc:rights>
</dublinCore>
</metadata>
<form>
<distribution-code display="yes">IA</distribution-code><congress display="yes">118th CONGRESS</congress><session display="yes">1st Session</session><legis-num display="yes">H. J. RES. 69</legis-num><current-chamber>IN THE HOUSE OF REPRESENTATIVES</current-chamber><action display="yes"><action-date date="20230612">June 12, 2023</action-date><action-desc><sponsor name-id="B001248">Mr. Burgess</sponsor> (for himself, <cosponsor name-id="R000614">Mr. Roy</cosponsor>, <cosponsor name-id="L000566">Mr. Latta</cosponsor>, <cosponsor name-id="M001157">Mr. McCaul</cosponsor>, <cosponsor name-id="D000615">Mr. Duncan</cosponsor>, <cosponsor name-id="W000814">Mr. Weber of Texas</cosponsor>, <cosponsor name-id="E000071">Mr. Ellzey</cosponsor>, <cosponsor name-id="S000250">Mr. Sessions</cosponsor>, <cosponsor name-id="S001224">Mr. Self</cosponsor>, <cosponsor name-id="P000048">Mr. Pfluger</cosponsor>, <cosponsor name-id="M001205">Mrs. Miller of West Virginia</cosponsor>, <cosponsor name-id="M001224">Mr. Moran</cosponsor>, <cosponsor name-id="W000809">Mr. Womack</cosponsor>, <cosponsor name-id="M001195">Mr. Mooney</cosponsor>, <cosponsor name-id="B001291">Mr. Babin</cosponsor>, <cosponsor name-id="N000026">Mr. Nehls</cosponsor>, <cosponsor name-id="H001093">Mrs. Houchin</cosponsor>, <cosponsor name-id="L000589">Mrs. Lesko</cosponsor>, <cosponsor name-id="C001039">Mrs. Cammack</cosponsor>, <cosponsor name-id="G000589">Mr. Gooden of Texas</cosponsor>, <cosponsor name-id="B001306">Mr. Balderson</cosponsor>, <cosponsor name-id="J000304">Mr. Jackson of Texas</cosponsor>, <cosponsor name-id="L000600">Mr. Langworthy</cosponsor>, <cosponsor name-id="P000615">Mr. Pence</cosponsor>, <cosponsor name-id="D000628">Mr. Dunn of Florida</cosponsor>, <cosponsor name-id="P000609">Mr. Palmer</cosponsor>, <cosponsor name-id="O000019">Mr. Obernolte</cosponsor>, <cosponsor name-id="A000377">Mr. Armstrong</cosponsor>, <cosponsor name-id="G000568">Mr. Griffith</cosponsor>, <cosponsor name-id="C001103">Mr. Carter of Georgia</cosponsor>, <cosponsor name-id="B001275">Mr. Bucshon</cosponsor>, <cosponsor name-id="B001257">Mr. Bilirakis</cosponsor>, <cosponsor name-id="H001096">Ms. Hageman</cosponsor>, <cosponsor name-id="E000235">Mr. Ezell</cosponsor>, <cosponsor name-id="H001067">Mr. Hudson</cosponsor>, <cosponsor name-id="C001120">Mr. Crenshaw</cosponsor>, <cosponsor name-id="K000388">Mr. Kelly of Mississippi</cosponsor>, <cosponsor name-id="A000372">Mr. Allen</cosponsor>, <cosponsor name-id="W000798">Mr. Walberg</cosponsor>, and <cosponsor name-id="G000594">Mr. Tony Gonzales of Texas</cosponsor>) submitted the following joint resolution; which was referred to the <committee-name committee-id="HIF00">Committee on Energy and Commerce</committee-name></action-desc></action><legis-type>JOINT RESOLUTION</legis-type><official-title display="yes">Providing for congressional disapproval under <external-xref legal-doc="usc-chapter" parsable-cite="usc-chapter/5/8">chapter 8</external-xref> of title 5, United States Code, of the rule submitted by the Environmental Protection Agency relating to <quote>Federal <quote>Good Neighbor Plan</quote> for the 2015 Ozone National Ambient Air Quality Standards</quote>.</official-title></form><resolution-body style="traditional" id="H1C58CB52F09D4762972545BDA23DBF33"> 
<section display-inline="yes-display-inline" section-type="undesignated-section" id="HB4D45D2AC5FA4D40ABF435E802E0EDFB"><text display-inline="yes-display-inline">That Congress disapproves the rule submitted by the Environmental Protection Agency relating to <quote>Federal <quote>Good Neighbor Plan</quote> for the 2015 Ozone National Ambient Air Quality Standards</quote> (88 Fed. Reg. 36654 (June 5, 2023)), and such rule shall have no force or effect.</text></section> </resolution-body></resolution>

