<?xml version="1.0"?>
<?xml-stylesheet type="text/xsl" href="billres.xsl"?>
<!DOCTYPE resolution PUBLIC "-//US Congress//DTDs/res.dtd//EN" "res.dtd">
<resolution resolution-stage="Introduced-in-House" dms-id="HA80895B9318C43B2BA20F0F730C9862E" public-private="public" resolution-type="house-concurrent" star-print="no-star-print" key="H"><metadata xmlns:dc="http://purl.org/dc/elements/1.1/">
<dublinCore>
<dc:title>118 HCON 39 IH: Expressing the sense of Congress to support the case of Beatriz, a young woman from a rural area of El Salvador, living in extreme poverty and with lupus, who fought for her life against the state to allow her to terminate a pregnancy that put her at risk, which exposed the serious consequences of the absolute criminalization of abortion in El Salvador, and urging the Salvadoran state to assume its international obligations in the field of human rights.</dc:title>
<dc:publisher>U.S. House of Representatives</dc:publisher>
<dc:date>2023-05-02</dc:date>
<dc:format>text/xml</dc:format>
<dc:language>EN</dc:language>
<dc:rights>Pursuant to Title 17 Section 105 of the United States Code, this file is not subject to copyright protection and is in the public domain.</dc:rights>
</dublinCore>
</metadata>
<form>
<distribution-code display="yes">IV</distribution-code><congress display="yes">118th CONGRESS</congress><session display="yes">1st Session</session><legis-num display="yes">H. CON. RES. 39</legis-num><current-chamber>IN THE HOUSE OF REPRESENTATIVES</current-chamber><action display="yes"><action-date date="20230502">May 2, 2023</action-date><action-desc><sponsor name-id="W000788">Ms. Williams of Georgia</sponsor> (for herself, <cosponsor name-id="E000297">Mr. Espaillat</cosponsor>, <cosponsor name-id="T000481">Ms. Tlaib</cosponsor>, <cosponsor name-id="L000551">Ms. Lee of California</cosponsor>, <cosponsor name-id="G000586">Mr. García of Illinois</cosponsor>, <cosponsor name-id="C001130">Ms. Crockett</cosponsor>, <cosponsor name-id="S001145">Ms. Schakowsky</cosponsor>, <cosponsor name-id="B001300">Ms. Barragán</cosponsor>, <cosponsor name-id="M000312">Mr. McGovern</cosponsor>, <cosponsor name-id="E000299">Ms. Escobar</cosponsor>, <cosponsor name-id="G000551">Mr. Grijalva</cosponsor>, <cosponsor name-id="W000797">Ms. Wasserman Schultz</cosponsor>, <cosponsor name-id="C001091">Mr. Castro of Texas</cosponsor>, <cosponsor name-id="K000400">Ms. Kamlager-Dove</cosponsor>, <cosponsor name-id="P000604">Mr. Payne</cosponsor>, <cosponsor name-id="S001156">Ms. Sánchez</cosponsor>, and <cosponsor name-id="V000081">Ms. Velázquez</cosponsor>) submitted the following concurrent resolution; which was referred to the <committee-name committee-id="HFA00">Committee on Foreign Affairs</committee-name>, and in addition to the Committee on <committee-name committee-id="HIF00">Energy and Commerce</committee-name>, for a period to be subsequently determined by the Speaker, in each case for consideration of such provisions as fall within the jurisdiction of the committee concerned</action-desc></action><legis-type>CONCURRENT RESOLUTION</legis-type><official-title display="yes">Expressing the sense of Congress to support the case of Beatriz, a young woman from a rural area of El Salvador, living in extreme poverty and with lupus, who fought for her life against the state to allow her to terminate a pregnancy that put her at risk, which exposed the serious consequences of the absolute criminalization of abortion in El Salvador, and urging the Salvadoran state to assume its international obligations in the field of human rights.</official-title></form><preamble><whereas><text>Whereas, in March 2013, Beatriz, a young woman living in poverty with lupus, was told she was 11 weeks pregnant with a high-risk pregnancy;</text></whereas><whereas><text>Whereas Beatriz’s pregnancy was found to be unviable given the diagnosis of anencephaly;</text></whereas><whereas><text>Whereas medical staff agreed that Beatriz’s pregnancy had to be terminated due to Beatriz’s deteriorating health and life endangerment;</text></whereas><whereas><text>Whereas the Constitutional Chamber of the Supreme Court of Justice denied Beatriz’s petition to provide her lifesaving abortion care and necessitated the Inter-American Commission on Human Rights to intervene and grant temporary precautionary measures in Beatriz’s favor on April 29, 2013, and the Inter-American Court of Human Rights issued a similar order on May 29, 2013;</text></whereas><whereas><text>Whereas, on June 3, 2013, Beatriz underwent a cesarean section, and the anencephalic fetus died 5 hours later;</text></whereas><whereas><text>Whereas Beatriz was denied access to a legal, early, and timely abortion in a case of an anencephalic pregnancy, which not only damaged her health, personal integrity, and life, but also violated the absolute prohibition of torture and other cruel, inhuman, and degrading treatment, and her right to live a life free from violence and discrimination as is stated in the United Nations Universal Declaration of Human Rights and the International Covenant on Civil and Political Rights;</text></whereas><whereas><text>Whereas the United States has joined the international community in identifying reproductive rights as human rights, including in connection with the 1994 International Conference on Population and Development, the 1995 Beijing World Conference on Women, and through its ratification of the International Covenant on Civil and Political Rights in New York, on December 19, 1966, the International Convention on the Elimination of All Forms of Racial Discrimination in New York, on December 21, 1965, and the Convention against Torture and Other Cruel, Inhuman or Degrading Treatment or Punishment in New York, on December 10, 1984;</text></whereas><whereas><text>Whereas General Comment No. 36 (2018) on article 6 of the International Covenant on Civil and Political Rights, which was adopted by the Human Rights Committee on October 30, 2018, asserts that states’ parties—</text><paragraph id="H05FD51827E344CF485B07E58A1B8D90B"><enum>(1)</enum><text display-inline="yes-display-inline">should ensure access for all persons to <quote>quality and evidence-based information and education about sexual and reproductive health and to a wide range of affordable contraceptive methods</quote>;</text></paragraph><paragraph id="HAE8D2702AAA347DBBB5AC6DD4AFCB5D8"><enum>(2)</enum><text><quote>must provide safe, legal, and effective access to abortion where the life and health of the pregnant woman or girl is at risk, or where carrying a pregnancy to term would cause the pregnant woman or girl substantial pain or suffering, most notably where pregnancy is the result of rape or incest or is not viable</quote>;</text></paragraph><paragraph id="HBB7962CE577D425289497DD17AB39FEC"><enum>(3)</enum><text><quote>ensure the availability of, and effective access to, quality prenatal and post-abortion health care for women and girls</quote>; and</text></paragraph><paragraph id="H8549D30F79764E8BBACAAD2F7408496A"><enum>(4)</enum><text>must not impose restrictions on the ability of women or girls to seek abortion in a manner that jeopardizes their lives, subjects them to physical or mental pain or suffering, discriminates against them, arbitrarily interferes with their privacy, or places them at risk of undertaking unsafe abortions;</text></paragraph></whereas><whereas><text>Whereas United Nations treaty-monitoring bodies established that abortion restrictions violate human rights, including the rights to life, health, and privacy, and the right to equality and nondiscrimination or freedom from torture and ill-treatment, among others;</text></whereas><whereas><text>Whereas United Nations treaty-monitoring bodies have repeatedly recognized the connection between restrictive laws on abortion and maternal mortality due to unsafe abortion;</text></whereas><whereas><text>Whereas access to the full range of sexual, gender-affirming, and reproductive health care, including abortion, is essential to the health and well-being of all people;</text></whereas><whereas><text>Whereas reproductive and sexual health care providers administer high-quality, essential health care, and play a critical role in ensuring people are able to make decisions about their bodies and lives with dignity, empathy, compassion, and respect;</text></whereas><whereas><text>Whereas no one should be criminalized for any pregnancy outcome;</text></whereas><whereas><text>Whereas no one should be criminalized for providing essential health care;</text></whereas><whereas><text>Whereas the threat of criminalization or prosecution can result in negative outcomes by intimidating people from seeking or providing care;</text></whereas><whereas><text>Whereas health care providers have an ethical obligation to provide essential care to their patients and to protect the private medical information integral to the patient-provider relationship;</text></whereas><whereas><text>Whereas Indigenous people, Afro-descendant people, people of color, people with low incomes, people living in rural areas, people with disabilities, migrants, LGBTQ+ individuals, and other marginalized individuals are disproportionately likely to be surveilled, arrested, charged, prosecuted, convicted, and heavily punished within the criminal justice system;</text></whereas><whereas><text>Whereas Indigenous people, Afro-descendant people, people of color, people with low incomes, people living in rural areas, people with disabilities, migrants, LGBTQ+ individuals, and other marginalized individuals are more likely, due to persistent disparities, to experience adverse pregnancy outcomes that place them under the scrutiny of the legal system;</text></whereas><whereas><text>Whereas limiting access to sexual and reproductive health and rights, including access to abortion, also limits pathways to economic, social, and political empowerment;</text></whereas><whereas><text>Whereas sexual and reproductive health and rights are intrinsically linked to gender justice and improved health outcomes for women and their children;</text></whereas><whereas><text>Whereas abortion is recognized as essential public health care as determined by the World Health Organization (WHO);</text></whereas><whereas><text>Whereas self-managed abortion is a safe and scientifically documented health service that can be performed without the participation of medical professionals to increase access in the most remote locations;</text></whereas><whereas><text>Whereas the most recent WHO abortion guidelines recommend the full decriminalization of abortion, the removal of grounds-based restrictions on abortion, and gestational age limits on abortion provision, and include self-managed abortion among the WHO-recommended methods and models of care;</text></whereas><whereas><text>Whereas reproductive coercion, which is any behavior that interferes with autonomous decision making about reproductive health outcomes, is a violation of human rights;</text></whereas><whereas><text>Whereas the Dobbs v. Jackson Women’s Health Organization decision has decimated abortion access in the United States, and cases like Beatriz’s are being seen across many of the States that have banned or severely restricted abortion access, including a recent lawsuit brought by 5 women and 2 obstetricians and gynecologists against the State of Texas after the women were denied abortion care even though they were facing severe and dangerous pregnancy complications and even though the women’s conditions should have qualified under the State’s abortion ban exceptions, and as a result of the denials, their conditions worsened, posing great risks to their fertility, health, and lives;</text></whereas><whereas><text>Whereas the United States Department of State included in its 2021 Country Report on Human Rights Practices for El Salvador reports of discrimination, wrongful incarceration, abuse, and mistreatment of women who suffered pregnancy complications and miscarriages, and acknowledged the Inter-American Court of Human Rights’ 2021 ruling in Manuela v. El Salvador that the government violated the right to personal freedom, life, health, and justice in the case of Manuela, a woman sentenced to 30 years in prison after suffering a pregnancy loss; and</text></whereas><whereas><text>Whereas punishing people for their pregnancy outcomes or for providing essential reproductive and sexual health care violates their human rights: Now, therefore, be it</text></whereas></preamble><resolution-body style="OLC" id="HE81FFE695A214726A38263834E295CCE"><section id="H0BF173A67B134A0DBB0B63F230F1E9D6" display-inline="yes-display-inline" section-type="undesignated-section"><text>That Congress—</text><paragraph id="HAEC9982C689E4035A4C9BD7608FBD8CE"><enum>(1)</enum><text>condemns the absolute criminalization of abortion in El Salvador and anywhere in the world;</text></paragraph><paragraph id="HE2E3539CC6A3450CA13EE91492807E75"><enum>(2)</enum><text>affirms that all people deserve access to high-quality health care without fear of reprisal or punishment;</text></paragraph><paragraph id="H85A52CDDA1744E1BB6E3477BE9275A2F"><enum>(3)</enum><text>calls upon the Inter-American Court of Human Rights to recognize that total criminalization of abortion violates the rights to life, health (including mental health), freedom from torture, and information; and</text></paragraph><paragraph id="HA10213FDB74945CEB6AEEB5ED652CA43"><enum>(4)</enum><text>urges States that still have a total ban on abortion to decriminalize abortion and protect and guarantee human rights.</text></paragraph></section></resolution-body></resolution> 

