<?xml version="1.0"?>
<?xml-stylesheet type="text/xsl" href="billres.xsl"?>
<!DOCTYPE resolution PUBLIC "-//US Congress//DTDs/res.dtd//EN" "res.dtd">
<resolution resolution-stage="Introduced-in-House" dms-id="H4C28D38C926548EA83C6E392F4024C0F" public-private="public" resolution-type="house-joint" star-print="no-star-print" key="H"><metadata xmlns:dc="http://purl.org/dc/elements/1.1/">
<dublinCore>
<dc:title>118 HJ 200 IH: Disapproving the rule submitted by the Department of Health and Human Services relating to “Control of Communicable Diseases; Foreign Quarantine: Importation of Dogs and Cats”.</dc:title>
<dc:publisher>U.S. House of Representatives</dc:publisher>
<dc:date>2024-08-06</dc:date>
<dc:format>text/xml</dc:format>
<dc:language>EN</dc:language>
<dc:rights>Pursuant to Title 17 Section 105 of the United States Code, this file is not subject to copyright protection and is in the public domain.</dc:rights>
</dublinCore>
</metadata>
<form>
<distribution-code display="yes">IA</distribution-code><congress display="yes">118th CONGRESS</congress><session display="yes">2d Session</session><legis-num display="yes">H. J. RES. 200</legis-num><current-chamber>IN THE HOUSE OF REPRESENTATIVES</current-chamber><action display="yes"><action-date date="20240806">August 6, 2024</action-date><action-desc><sponsor name-id="G000592">Mr. Golden of Maine</sponsor> (for himself and <cosponsor name-id="T000478">Ms. Tenney</cosponsor>) submitted the following joint resolution; which was referred to the <committee-name committee-id="HIF00">Committee on Energy and Commerce</committee-name></action-desc></action><legis-type>JOINT RESOLUTION</legis-type><official-title display="yes">Disapproving the rule submitted by the Department of Health and Human Services relating to <quote>Control of Communicable Diseases; Foreign Quarantine: Importation of Dogs and Cats</quote>.</official-title></form><resolution-body style="traditional" id="HF97636599DDF4607808D4802F2E98264"><section display-inline="yes-display-inline" section-type="undesignated-section" id="H3E09C88C94194DABAE4B0D6EFC7DB55A"><enum/><text>That Congress disapproves the rule submitted by the Department of Health and Human Services relating to <quote>Control of Communicable Diseases; Foreign Quarantine: Importation of Dogs and Cats</quote> published in the Federal Register on May 13, 2024 (89 Fed. Reg. 41726 et seq.), and such rule shall have no force or effect. </text></section></resolution-body></resolution> 

