<mods xmlns:xlink="http://www.w3.org/1999/xlink" xmlns:xsi="http://www.w3.org/2001/XMLSchema-instance" xmlns="http://www.loc.gov/mods/v3" version="3.3" xsi:schemaLocation="http://www.loc.gov/mods/v3 http://www.loc.gov/standards/mods/v3/mods-3-3.xsd" ID="P0b002ee1bce1db94">
    <name type="corporate">
         <namePart>United States Government Publishing Office</namePart>
         <role>
              <roleTerm authority="marcrelator" type="text">publisher</roleTerm>
              <roleTerm authority="marcrelator" type="code">pbl</roleTerm>
        </role>
         <role>
              <roleTerm authority="marcrelator" type="text">distributor</roleTerm>
              <roleTerm authority="marcrelator" type="code">dst</roleTerm>
        </role>
    </name>
    <name type="corporate">
         <namePart>United States</namePart>
         <namePart>Congress</namePart>
         <namePart>House of Representatives</namePart>
         <role>
              <roleTerm authority="marcrelator" type="text">author</roleTerm>
              <roleTerm authority="marcrelator" type="code">aut</roleTerm>
        </role>
         <description>Government Organization</description>
    </name>
    <typeOfResource>text</typeOfResource>
    <genre authority="marcgt">government publication</genre>
    <language>
         <languageTerm type="code" authority="iso639-2b">eng</languageTerm>
    </language>
    <extension>
         <collectionCode>BILLS</collectionCode>
         <searchTitle>Proposing an amendment to the Constitution of the United States providing that the rights extended by the Constitution are the rights of natural persons only.;H.J. Res. 48 (IH)
    </searchTitle>
         <category>Bills and Statutes</category>
         <waisDatabaseName>118_cong_bills</waisDatabaseName>
         <branch>legislative</branch>
         <dateIngested>2023-03-31</dateIngested>
    </extension>
    <titleInfo>
         <title>Proposing an amendment to the Constitution of the United States providing that the rights extended by the Constitution are the rights of natural persons only.</title>
    </titleInfo>
    <titleInfo type="alternative">
         <title>H.J. Res. 48 (IH)
    </title>
    </titleInfo>
    <originInfo>
         <publisher>U.S. Government Publishing Office</publisher>
         <dateIssued encoding="w3cdtf">2023-03-30</dateIssued>
         <issuance>monographic</issuance>
    </originInfo>
    <physicalDescription>
         <note type="source content type">deposited</note>
         <digitalOrigin>born digital</digitalOrigin>
         <extent>3 p.</extent>
    </physicalDescription>
    <classification authority="sudocs">Y 1.6:</classification>
    <classification authority="sudocs">Y 1.4/8:</classification>
    <identifier type="local">P0b002ee1bce1db94</identifier>
    <identifier type="uri">https://www.govinfo.gov/app/details/BILLS-118hjres48ih</identifier>
    <identifier type="preferred citation">H.J. Res. 48</identifier>
    <identifier type="stock number">021-610-00252-9</identifier>
    <identifier type="Parent ILS system id">000501532</identifier>
    <identifier type="Child ILS system id">000325570</identifier>
    <identifier type="Parent ILS title">Congressional bills</identifier>
    <identifier type="Child ILS title">House joint resolutions</identifier>
    <identifier type="former package identifier">f:hj48_ih.txt</identifier>
    <location>
         <url displayLabel="Content Detail" access="object in context">https://www.govinfo.gov/app/details/BILLS-118hjres48ih</url>
         <url displayLabel="HTML rendition" access="raw object">https://www.govinfo.gov/content/pkg/BILLS-118hjres48ih/html/BILLS-118hjres48ih.htm</url>
         <url displayLabel="PDF rendition" access="raw object">https://www.govinfo.gov/content/pkg/BILLS-118hjres48ih/pdf/BILLS-118hjres48ih.pdf</url>
         <url displayLabel="XML rendition" access="raw object">https://www.govinfo.gov/content/pkg/BILLS-118hjres48ih/xml/BILLS-118hjres48ih.xml</url>
    </location>
    <accessCondition type="GPO scope determination">fdlp</accessCondition>
    <recordInfo>
         <recordContentSource authority="marcorg">DGPO</recordContentSource>
         <recordCreationDate encoding="w3cdtf">2023-03-31</recordCreationDate>
         <recordChangeDate encoding="w3cdtf">2023-03-31</recordChangeDate>
         <recordIdentifier source="DGPO">BILLS-118hjres48ih</recordIdentifier>
         <recordOrigin>machine generated</recordOrigin>
         <languageOfCataloging>
              <languageTerm type="code" authority="iso639-2b">eng</languageTerm>
        </languageOfCataloging>
    </recordInfo>
    <name type="personal">
         <namePart>Pramila Jayapal</namePart>
         <affiliation>United States House of Representatives</affiliation>
         <role>
              <roleTerm authority="marcrelator" type="text">sponsor</roleTerm>
              <roleTerm authority="marcrelator" type="code">spn</roleTerm>
        </role>
         <description>United States Congress Member</description>
    </name>
    <name type="personal">
         <namePart>William R. Keating</namePart>
         <affiliation>United States House of Representatives</affiliation>
         <role>
              <roleTerm type="text">cosponsor</roleTerm>
        </role>
         <description>United States Congress Member</description>
    </name>
    <name type="personal">
         <namePart>Linda T. Sanchez</namePart>
         <affiliation>United States House of Representatives</affiliation>
         <role>
              <roleTerm type="text">cosponsor</roleTerm>
        </role>
         <description>United States Congress Member</description>
    </name>
    <name type="personal">
         <namePart>Eleanor Holmes Norton</namePart>
         <affiliation>United States House of Representatives</affiliation>
         <role>
              <roleTerm type="text">cosponsor</roleTerm>
        </role>
         <description>United States Congress Member</description>
    </name>
    <name type="personal">
         <namePart>Paul Tonko</namePart>
         <affiliation>United States House of Representatives</affiliation>
         <role>
              <roleTerm type="text">cosponsor</roleTerm>
        </role>
         <description>United States Congress Member</description>
    </name>
    <name type="personal">
         <namePart>Derek Kilmer</namePart>
         <affiliation>United States House of Representatives</affiliation>
         <role>
              <roleTerm type="text">cosponsor</roleTerm>
        </role>
         <description>United States Congress Member</description>
    </name>
    <name type="personal">
         <namePart>Jimmy Panetta</namePart>
         <affiliation>United States House of Representatives</affiliation>
         <role>
              <roleTerm type="text">cosponsor</roleTerm>
        </role>
         <description>United States Congress Member</description>
    </name>
    <name type="personal">
         <namePart>Donald S. Beyer, Jr.</namePart>
         <affiliation>United States House of Representatives</affiliation>
         <role>
              <roleTerm type="text">cosponsor</roleTerm>
        </role>
         <description>United States Congress Member</description>
    </name>
    <name type="personal">
         <namePart>Nikema Williams</namePart>
         <affiliation>United States House of Representatives</affiliation>
         <role>
              <roleTerm type="text">cosponsor</roleTerm>
        </role>
         <description>United States Congress Member</description>
    </name>
    <name type="corporate">
         <namePart>United States</namePart>
         <namePart>Congress</namePart>
         <namePart>House of Representatives</namePart>
         <namePart>Committee on the Judiciary</namePart>
         <role>
              <roleTerm authority="marcrelator" type="text">associated name</roleTerm>
              <roleTerm authority="marcrelator" type="code">asn</roleTerm>
        </role>
    </name>
    <extension>
         <docClass>hjres</docClass>
         <accessId>BILLS-118hjres48ih</accessId>
         <congress>118</congress>
         <session>1</session>
         <originChamber>HOUSE</originChamber>
         <currentChamber>HOUSE</currentChamber>
         <billNumber>48</billNumber>
         <billVersion reprint="false">ih</billVersion>
         <fileSuffix>ih</fileSuffix>
         <officialTitle>Proposing an amendment to the Constitution of the United States providing that the rights extended by the Constitution are the rights of natural persons only.</officialTitle>
         <action date="2023-03-30">Ms. Jayapal (for herself, Mr. Keating, Ms. Sánchez, Ms. Norton, Mr. Tonko, Mr. Kilmer, Mr. Panetta, Mr. Beyer, and Ms. Williams of Georgia) submitted the following joint resolution; which was referred to the Committee on the Judiciary</action>
         <congCommittee authorityId="hsju00" chamber="H" congress="118" type="S">
                                
              <name type="authority-standard">Committee on the Judiciary</name>
                                
              <name type="authority-short">Judiciary</name>
                            
        </congCommittee>
         <congMember bioGuideId="J000298" chamber="H" congress="118" party="D" role="SPONSOR" state="WA">
                                
              <name type="parsed">Ms. Jayapal</name>
                                
              <name type="authority-fnf">Pramila Jayapal</name>
                                
              <name type="authority-lnf">Jayapal, Pramila</name>
                            
        </congMember>
         <congMember bioGuideId="K000375" chamber="H" congress="118" party="D" role="COSPONSOR" state="MA">
                                
              <name type="parsed">Mr. Keating</name>
                                
              <name type="authority-fnf">William R. Keating</name>
                                
              <name type="authority-lnf">Keating, William R.</name>
                                
              <name type="authority-other">Mr. William Keating</name>
                            
        </congMember>
         <congMember bioGuideId="S001156" chamber="H" congress="118" party="D" role="COSPONSOR" state="CA">
                                
              <name type="parsed">Ms. Sánchez</name>
                                
              <name type="authority-fnf">Linda T. Sanchez</name>
                                
              <name type="authority-lnf">Sanchez, Linda T.</name>
                                
              <name type="authority-other">Linda Sanchez</name>
                            
        </congMember>
         <congMember bioGuideId="N000147" chamber="H" congress="118" party="D" role="COSPONSOR" state="DC">
                                
              <name type="parsed">Ms. Norton</name>
                                
              <name type="authority-fnf">Eleanor Holmes Norton</name>
                                
              <name type="authority-lnf">Norton, Eleanor Holmes</name>
                                
              <name type="authority-other">Eleanor Norton</name>
                            
        </congMember>
         <congMember bioGuideId="T000469" chamber="H" congress="118" party="D" role="COSPONSOR" state="NY">
                                
              <name type="parsed">Mr. Tonko</name>
                                
              <name type="authority-fnf">Paul Tonko</name>
                                
              <name type="authority-lnf">Tonko, Paul</name>
                            
        </congMember>
         <congMember bioGuideId="K000381" chamber="H" congress="118" party="D" role="COSPONSOR" state="WA">
                                
              <name type="parsed">Mr. Kilmer</name>
                                
              <name type="authority-fnf">Derek Kilmer</name>
                                
              <name type="authority-lnf">Kilmer, Derek</name>
                            
        </congMember>
         <congMember bioGuideId="P000613" chamber="H" congress="118" party="D" role="COSPONSOR" state="CA">
                                
              <name type="parsed">Mr. Panetta</name>
                                
              <name type="authority-fnf">Jimmy Panetta</name>
                                
              <name type="authority-lnf">Panetta, Jimmy</name>
                            
        </congMember>
         <congMember bioGuideId="B001292" chamber="H" congress="118" party="D" role="COSPONSOR" state="VA">
                                
              <name type="parsed">Mr. Beyer</name>
                                
              <name type="authority-fnf">Donald S. Beyer, Jr.</name>
                                
              <name type="authority-lnf">Beyer, Donald S., Jr.</name>
                                
              <name type="authority-other">Mr. Donald Beyer</name>
                            
        </congMember>
         <congMember bioGuideId="W000788" chamber="H" congress="118" party="D" role="COSPONSOR" state="GA">
                                
              <name type="parsed">Ms. Williams of Georgia</name>
                                
              <name type="authority-fnf">Nikema Williams</name>
                                
              <name type="authority-lnf">Williams, Nikema</name>
                            
        </congMember>
         <isPrivate>false</isPrivate>
         <isAppropriation>false</isAppropriation>
    </extension>
</mods>