<?xml version="1.0"?>
<?xml-stylesheet type="text/xsl" href="billres.xsl"?>
<!DOCTYPE resolution PUBLIC "-//US Congress//DTDs/res.dtd//EN" "res.dtd">
<resolution resolution-stage="Introduced-in-House" dms-id="H6F42CE294CFC4602A2F1DF04ABCEAE9F" public-private="public" resolution-type="house-joint" star-print="no-star-print" key="H"><metadata xmlns:dc="http://purl.org/dc/elements/1.1/">
<dublinCore>
<dc:title>118 HJ 189 IH: Providing for congressional disapproval under chapter 8 of title 5, United States Code, of the rule submitted by the Department of Energy relating to “Energy Conservation Program: Energy Conservation Standards for Air-Cooled Commercial Package Air Conditioners and Heat Pumps”.</dc:title>
<dc:publisher>U.S. House of Representatives</dc:publisher>
<dc:date>2024-07-18</dc:date>
<dc:format>text/xml</dc:format>
<dc:language>EN</dc:language>
<dc:rights>Pursuant to Title 17 Section 105 of the United States Code, this file is not subject to copyright protection and is in the public domain.</dc:rights>
</dublinCore>
</metadata>
<form>
<distribution-code display="yes">IA</distribution-code><congress display="yes">118th CONGRESS</congress><session display="yes">2d Session</session><legis-num display="yes">H. J. RES. 189</legis-num><current-chamber>IN THE HOUSE OF REPRESENTATIVES</current-chamber><action display="yes"><action-date date="20240718">July 18, 2024</action-date><action-desc><sponsor name-id="P000609">Mr. Palmer</sponsor> submitted the following joint resolution; which was referred to the <committee-name committee-id="HIF00">Committee on Energy and Commerce</committee-name></action-desc></action><legis-type>JOINT RESOLUTION</legis-type><official-title display="yes">Providing for congressional disapproval under <external-xref legal-doc="usc-chapter" parsable-cite="usc-chapter/5/8">chapter 8</external-xref> of title 5, United States Code, of the rule submitted by the Department of Energy relating to <quote>Energy Conservation Program: Energy Conservation Standards for Air-Cooled Commercial Package Air Conditioners and Heat Pumps</quote>.</official-title></form><resolution-body style="traditional" id="H8D548B0967904026A5D6633C2D55FE76"> 
<section display-inline="yes-display-inline" section-type="undesignated-section" id="H649EAAE7159845058210E1EBAE0A5313"><text display-inline="yes-display-inline">That Congress disapproves the rule submitted by the Department of Energy relating to <quote>Energy Conservation Program: Energy Conservation Standards for Air-Cooled Commercial Package Air Conditioners and Heat Pumps</quote> (89 Fed. Reg. 44052 (May 20, 2024)), and such rule shall have no force or effect.</text></section> </resolution-body></resolution>

