<?xml version="1.0"?>
<?xml-stylesheet type="text/xsl" href="billres.xsl"?>
<!DOCTYPE resolution PUBLIC "-//US Congress//DTDs/res.dtd//EN" "res.dtd">
<resolution resolution-stage="Reported-in-House" dms-id="H8150CDE707D248B6B099BC4EB02AE676" public-private="public" resolution-type="house-joint" star-print="no-star-print" key="H"><metadata xmlns:dc="http://purl.org/dc/elements/1.1/">
<dublinCore>
<dc:title>118 HJ 88 RH: Providing for congressional disapproval under chapter 8 of title 5, United States Code, of the rule submitted by the Department of Education relating to “Improving Income Driven Repayment for the William D. Ford Federal Direct Loan Program and the Federal Family Education Loan (FFEL) Program”.</dc:title>
<dc:publisher>U.S. House of Representatives</dc:publisher>
<dc:date>2023-10-25</dc:date>
<dc:format>text/xml</dc:format>
<dc:language>EN</dc:language>
<dc:rights>Pursuant to Title 17 Section 105 of the United States Code, this file is not subject to copyright protection and is in the public domain.</dc:rights>
</dublinCore>
</metadata>
<form>
<distribution-code display="yes">IB</distribution-code><calendar display="yes">Union Calendar No. 203</calendar><congress display="yes">118th CONGRESS</congress><session display="yes">1st Session</session><legis-num display="yes">H. J. RES. 88</legis-num><associated-doc role="report" display="yes">[Report No. 118–253]</associated-doc><current-chamber>IN THE HOUSE OF REPRESENTATIVES</current-chamber><action display="yes"><action-date date="20230905">September 5, 2023</action-date><action-desc><sponsor name-id="M001136">Mrs. McClain</sponsor> (for herself, <cosponsor name-id="F000450">Ms. Foxx</cosponsor>, <cosponsor name-id="J000295">Mr. Joyce of Ohio</cosponsor>, <cosponsor name-id="D000615">Mr. Duncan</cosponsor>, <cosponsor name-id="S000250">Mr. Sessions</cosponsor>, <cosponsor name-id="M001216">Mr. Mills</cosponsor>, <cosponsor name-id="E000235">Mr. Ezell</cosponsor>, <cosponsor name-id="R000609">Mr. Rutherford</cosponsor>, <cosponsor name-id="B001295">Mr. Bost</cosponsor>, <cosponsor name-id="L000600">Mr. Langworthy</cosponsor>, <cosponsor name-id="W000816">Mr. Williams of Texas</cosponsor>, <cosponsor name-id="D000628">Mr. Dunn of Florida</cosponsor>, <cosponsor name-id="C001120">Mr. Crenshaw</cosponsor>, <cosponsor name-id="B001314">Mr. Bean of Florida</cosponsor>, <cosponsor name-id="M001211">Mrs. Miller of Illinois</cosponsor>, <cosponsor name-id="B001299">Mr. Banks</cosponsor>, <cosponsor name-id="B001248">Mr. Burgess</cosponsor>, <cosponsor name-id="D000616">Mr. DesJarlais</cosponsor>, <cosponsor name-id="H001091">Mrs. Hinson</cosponsor>, <cosponsor name-id="G000576">Mr. Grothman</cosponsor>, <cosponsor name-id="W000795">Mr. Wilson of South Carolina</cosponsor>, <cosponsor name-id="S001196">Ms. Stefanik</cosponsor>, <cosponsor name-id="T000467">Mr. Thompson of Pennsylvania</cosponsor>, <cosponsor name-id="A000372">Mr. Allen</cosponsor>, <cosponsor name-id="R000610">Mr. Reschenthaler</cosponsor>, <cosponsor name-id="S001199">Mr. Smucker</cosponsor>, <cosponsor name-id="S001224">Mr. Self</cosponsor>, <cosponsor name-id="V000134">Ms. Van Duyne</cosponsor>, <cosponsor name-id="T000478">Ms. Tenney</cosponsor>, <cosponsor name-id="S001222">Mr. Santos</cosponsor>, <cosponsor name-id="E000246">Mr. Edwards</cosponsor>, <cosponsor name-id="W000821">Mr. Westerman</cosponsor>, <cosponsor name-id="W000814">Mr. Weber of Texas</cosponsor>, <cosponsor name-id="O000086">Mr. Owens</cosponsor>, <cosponsor name-id="R000103">Mr. Rosendale</cosponsor>, <cosponsor name-id="M001218">Mr. McCormick</cosponsor>, and <cosponsor name-id="W000804">Mr. Wittman</cosponsor>) submitted the following joint resolution; which was referred to the <committee-name committee-id="HED00">Committee on Education and the Workforce</committee-name></action-desc></action><action display="yes"><action-date date="20231025">October 25, 2023</action-date><action-desc>Additional sponsors: <cosponsor name-id="L000595">Ms. Letlow</cosponsor>, <cosponsor name-id="O000175">Mr. Ogles</cosponsor>, <cosponsor name-id="B001306">Mr. Balderson</cosponsor>, <cosponsor name-id="G000591">Mr. Guest</cosponsor>, <cosponsor name-id="M001224">Mr. Moran</cosponsor>, <cosponsor name-id="M001213">Mr. Moore of Utah</cosponsor>, <cosponsor name-id="B001291">Mr. Babin</cosponsor>, <cosponsor name-id="G000595">Mr. Good of Virginia</cosponsor>, <cosponsor name-id="M001215">Mrs. Miller-Meeks</cosponsor>, <cosponsor name-id="H001093">Mrs. Houchin</cosponsor>, <cosponsor name-id="Y000067">Mr. Yakym</cosponsor>, <cosponsor name-id="H001096">Ms. Hageman</cosponsor>, <cosponsor name-id="W000809">Mr. Womack</cosponsor>, <cosponsor name-id="L000583">Mr. Loudermilk</cosponsor>, <cosponsor name-id="B001307">Mr. Baird</cosponsor>, and <cosponsor name-id="F000474">Mr. Flood</cosponsor></action-desc></action><action display="yes"><action-date date="20231025">October 25, 2023</action-date><action-desc>Committed to the Committee of the Whole House on the State of the Union and ordered to be printed</action-desc></action><legis-type>JOINT RESOLUTION</legis-type><official-title display="yes">Providing for congressional disapproval under <external-xref legal-doc="usc-chapter" parsable-cite="usc-chapter/5/8">chapter 8</external-xref> of title 5, United States Code, of the rule submitted by the Department of Education relating to <quote>Improving Income Driven Repayment for the William D. Ford Federal Direct Loan Program and the Federal Family Education Loan (FFEL) Program</quote>.</official-title></form><resolution-body style="traditional" id="HBEF055FC155B4ECDB178C664D94A943E"><section display-inline="yes-display-inline" section-type="undesignated-section" id="HF137C32EA9C24F60BA5D928B24CC1AB5"><enum/><text display-inline="yes-display-inline">That Congress disapproves the rule submitted by the Department of Education relating to <quote>Improving Income Driven Repayment for the William D. Ford Federal Direct Loan Program and the Federal Family Education Loan (FFEL) Program</quote> (88 Fed. Reg. 43820 (July 10, 2023)), and such rule shall have no force or effect. </text></section></resolution-body><endorsement display="yes"><action-date date="20231025">October 25, 2023</action-date><action-desc>Committed to the Committee of the Whole House on the State of the Union and ordered to be printed</action-desc></endorsement></resolution> 

