<mods xmlns:xlink="http://www.w3.org/1999/xlink" xmlns:xsi="http://www.w3.org/2001/XMLSchema-instance" xmlns="http://www.loc.gov/mods/v3" version="3.3" xsi:schemaLocation="http://www.loc.gov/mods/v3 http://www.loc.gov/standards/mods/v3/mods-3-3.xsd" ID="P0b002ee1bc68b553">
    <name type="corporate">
         <namePart>United States Government Publishing Office</namePart>
         <role>
              <roleTerm authority="marcrelator" type="text">publisher</roleTerm>
              <roleTerm authority="marcrelator" type="code">pbl</roleTerm>
        </role>
         <role>
              <roleTerm authority="marcrelator" type="text">distributor</roleTerm>
              <roleTerm authority="marcrelator" type="code">dst</roleTerm>
        </role>
    </name>
    <name type="corporate">
         <namePart>United States</namePart>
         <namePart>Congress</namePart>
         <namePart>House of Representatives</namePart>
         <role>
              <roleTerm authority="marcrelator" type="text">author</roleTerm>
              <roleTerm authority="marcrelator" type="code">aut</roleTerm>
        </role>
         <description>Government Organization</description>
    </name>
    <typeOfResource>text</typeOfResource>
    <genre authority="marcgt">government publication</genre>
    <language>
         <languageTerm type="code" authority="iso639-2b">eng</languageTerm>
    </language>
    <extension>
         <collectionCode>BILLS</collectionCode>
         <searchTitle>Directing the President, pursuant to section 5(c) of the War Powers Resolution, to remove the United States Armed Forces from Syria.;H. Con. Res. 21 (IH)
    </searchTitle>
         <category>Bills and Statutes</category>
         <waisDatabaseName>118_cong_bills</waisDatabaseName>
         <branch>legislative</branch>
         <dateIngested>2023-03-02</dateIngested>
    </extension>
    <titleInfo>
         <title>Directing the President, pursuant to section 5(c) of the War Powers Resolution, to remove the United States Armed Forces from Syria.</title>
    </titleInfo>
    <titleInfo type="alternative">
         <title>H. Con. Res. 21 (IH)
    </title>
    </titleInfo>
    <originInfo>
         <publisher>U.S. Government Publishing Office</publisher>
         <dateIssued encoding="w3cdtf">2023-03-01</dateIssued>
         <issuance>monographic</issuance>
    </originInfo>
    <physicalDescription>
         <note type="source content type">deposited</note>
         <digitalOrigin>born digital</digitalOrigin>
         <extent>1 p.</extent>
    </physicalDescription>
    <classification authority="sudocs">Y 1.6:</classification>
    <classification authority="sudocs">Y 1.4/9:</classification>
    <identifier type="local">P0b002ee1bc68b553</identifier>
    <identifier type="uri">https://www.govinfo.gov/app/details/BILLS-118hconres21ih</identifier>
    <identifier type="preferred citation">H. Con. Res. 21</identifier>
    <identifier type="stock number">021-610-00252-9</identifier>
    <identifier type="Parent ILS system id">000501532</identifier>
    <identifier type="Child ILS system id">000325575</identifier>
    <identifier type="Parent ILS title">Congressional bills</identifier>
    <identifier type="Child ILS title">House concurrent resolutions</identifier>
    <identifier type="former package identifier">f:hc21_ih.txt</identifier>
    <location>
         <url displayLabel="Content Detail" access="object in context">https://www.govinfo.gov/app/details/BILLS-118hconres21ih</url>
         <url displayLabel="HTML rendition" access="raw object">https://www.govinfo.gov/content/pkg/BILLS-118hconres21ih/html/BILLS-118hconres21ih.htm</url>
         <url displayLabel="PDF rendition" access="raw object">https://www.govinfo.gov/content/pkg/BILLS-118hconres21ih/pdf/BILLS-118hconres21ih.pdf</url>
         <url displayLabel="XML rendition" access="raw object">https://www.govinfo.gov/content/pkg/BILLS-118hconres21ih/xml/BILLS-118hconres21ih.xml</url>
    </location>
    <accessCondition type="GPO scope determination">fdlp</accessCondition>
    <recordInfo>
         <recordContentSource authority="marcorg">DGPO</recordContentSource>
         <recordCreationDate encoding="w3cdtf">2023-03-02</recordCreationDate>
         <recordChangeDate encoding="w3cdtf">2023-03-02</recordChangeDate>
         <recordIdentifier source="DGPO">BILLS-118hconres21ih</recordIdentifier>
         <recordOrigin>machine generated</recordOrigin>
         <languageOfCataloging>
              <languageTerm type="code" authority="iso639-2b">eng</languageTerm>
        </languageOfCataloging>
    </recordInfo>
    <name type="personal">
         <namePart>Matt Gaetz</namePart>
         <affiliation>United States House of Representatives</affiliation>
         <role>
              <roleTerm authority="marcrelator" type="text">sponsor</roleTerm>
              <roleTerm authority="marcrelator" type="code">spn</roleTerm>
        </role>
         <description>United States Congress Member</description>
    </name>
    <name type="corporate">
         <namePart>United States</namePart>
         <namePart>Congress</namePart>
         <namePart>House of Representatives</namePart>
         <namePart>Committee on Foreign Affairs</namePart>
         <role>
              <roleTerm authority="marcrelator" type="text">associated name</roleTerm>
              <roleTerm authority="marcrelator" type="code">asn</roleTerm>
        </role>
    </name>
    <relatedItem type="isReferencedBy">
         <titleInfo>
              <title>United States Code</title>
              <partNumber>Title 50 Section 1544(c)</partNumber>
        </titleInfo>
         <identifier type="USC citation">50 U.S.C. 1544(c)</identifier>
    </relatedItem>
    <extension>
         <docClass>hconres</docClass>
         <accessId>BILLS-118hconres21ih</accessId>
         <congress>118</congress>
         <session>1</session>
         <originChamber>HOUSE</originChamber>
         <currentChamber>HOUSE</currentChamber>
         <billNumber>21</billNumber>
         <billVersion reprint="false">ih</billVersion>
         <fileSuffix>ih</fileSuffix>
         <officialTitle>Directing the President, pursuant to section 5(c) of the War Powers Resolution, to remove the United States Armed Forces from Syria.</officialTitle>
         <action date="2023-03-01">Mr. Gaetz submitted the following concurrent resolution; which was referred to the Committee on Foreign Affairs</action>
         <congCommittee authorityId="hsfa00" chamber="H" congress="118" type="S">
                                
              <name type="authority-standard">Committee on Foreign Affairs</name>
                                
              <name type="authority-short">Foreign Affairs</name>
                            
        </congCommittee>
         <congMember bioGuideId="G000578" chamber="H" congress="118" party="R" role="SPONSOR" state="FL">
                                
              <name type="parsed">Mr. Gaetz</name>
                                
              <name type="authority-fnf">Matt Gaetz</name>
                                
              <name type="authority-lnf">Gaetz, Matt</name>
                            
        </congMember>
         <isPrivate>false</isPrivate>
         <isAppropriation>false</isAppropriation>
         <USCode title="50">
                                
              <section detail="(c)" number="1544"></section>
                            
        </USCode>
    </extension>
</mods>