<?xml version="1.0"?>
<?xml-stylesheet type="text/xsl" href="billres.xsl"?>
<!DOCTYPE resolution PUBLIC "-//US Congress//DTDs/res.dtd//EN" "res.dtd">
<resolution resolution-stage="Introduced-in-House" dms-id="H72B4D7FC68204481A133682726CE4A80" public-private="public" resolution-type="house-joint" star-print="no-star-print" key="H"><metadata xmlns:dc="http://purl.org/dc/elements/1.1/">
<dublinCore>
<dc:title>118 HJ 204 IH: Providing for congressional disapproval under chapter 8 of title 5, United States Code, of the rule submitted by the Environmental Protection Agency relating to “Review of Final Rule Reclassification of Major Sources as Area Sources Under Section 112 of the Clean Air Act”.</dc:title>
<dc:publisher>U.S. House of Representatives</dc:publisher>
<dc:date>2024-09-17</dc:date>
<dc:format>text/xml</dc:format>
<dc:language>EN</dc:language>
<dc:rights>Pursuant to Title 17 Section 105 of the United States Code, this file is not subject to copyright protection and is in the public domain.</dc:rights>
</dublinCore>
</metadata>
<form>
<distribution-code display="yes">IA</distribution-code><congress display="yes">118th CONGRESS</congress><session display="yes">2d Session</session><legis-num display="yes">H. J. RES. 204</legis-num><current-chamber>IN THE HOUSE OF REPRESENTATIVES</current-chamber><action display="yes"><action-date date="20240917">September 17, 2024</action-date><action-desc><sponsor name-id="G000558">Mr. Guthrie</sponsor> (for himself, <cosponsor name-id="J000302">Mr. Joyce of Pennsylvania</cosponsor>, <cosponsor name-id="G000568">Mr. Griffith</cosponsor>, <cosponsor name-id="P000609">Mr. Palmer</cosponsor>, <cosponsor name-id="W000814">Mr. Weber of Texas</cosponsor>, <cosponsor name-id="C001120">Mr. Crenshaw</cosponsor>, <cosponsor name-id="P000615">Mr. Pence</cosponsor>, <cosponsor name-id="B001306">Mr. Balderson</cosponsor>, and <cosponsor name-id="A000372">Mr. Allen</cosponsor>) submitted the following joint resolution; which was referred to the <committee-name committee-id="HIF00">Committee on Energy and Commerce</committee-name></action-desc></action><legis-type>JOINT RESOLUTION</legis-type><official-title display="yes">Providing for congressional disapproval under <external-xref legal-doc="usc-chapter" parsable-cite="usc-chapter/5/8">chapter 8</external-xref> of title 5, United States Code, of the rule submitted by the Environmental Protection Agency relating to <quote>Review of Final Rule Reclassification of Major Sources as Area Sources Under Section 112 of the Clean Air Act</quote>.</official-title></form><resolution-body style="OLC" id="H34945E730BB744DD8ACB394D139E6433"><section display-inline="yes-display-inline" section-type="undesignated-section" id="H017213BC19D0420CBCF5E18BCD8AE935"><text display-inline="yes-display-inline">That Congress disapproves the final rule submitted by the Environmental Protection Agency relating to <quote>Review of Final Rule Reclassification of Major Sources as Area Sources Under Section 112 of the Clean Air Act</quote> (89 Fed. Reg. 73293 (September 10, 2024)), and such rule shall have no force or effect.</text></section></resolution-body></resolution> 

