<?xml version="1.0"?>
<?xml-stylesheet type="text/xsl" href="billres.xsl"?>
<!DOCTYPE resolution PUBLIC "-//US Congress//DTDs/res.dtd//EN" "res.dtd">
<resolution resolution-stage="Introduced-in-House" dms-id="HC4F65474DAE143B381B0F6E1F0FCA375" public-private="public" resolution-type="house-joint" star-print="no-star-print" key="H"><metadata xmlns:dc="http://purl.org/dc/elements/1.1/">
<dublinCore>
<dc:title>118 HJ 18 IH: Authorization for the Use of Military Force to Combat, Attack, Resist, Target, Eliminate, and Limit Influence Resolution</dc:title>
<dc:publisher>U.S. House of Representatives</dc:publisher>
<dc:date>2023-01-12</dc:date>
<dc:format>text/xml</dc:format>
<dc:language>EN</dc:language>
<dc:rights>Pursuant to Title 17 Section 105 of the United States Code, this file is not subject to copyright protection and is in the public domain.</dc:rights>
</dublinCore>
</metadata>
<form>
<distribution-code display="yes">IA</distribution-code><congress display="yes">118th CONGRESS</congress><session display="yes">1st Session</session><legis-num display="yes">H. J. RES. 18</legis-num><current-chamber>IN THE HOUSE OF REPRESENTATIVES</current-chamber><action display="yes"><action-date date="20230112">January 12, 2023</action-date><action-desc><sponsor name-id="C001120">Mr. Crenshaw</sponsor> (for himself and <cosponsor name-id="W000823">Mr. Waltz</cosponsor>) submitted the following joint resolution; which was referred to the <committee-name committee-id="HFA00">Committee on Foreign Affairs</committee-name></action-desc></action><legis-type>JOINT RESOLUTION</legis-type><official-title display="yes">To authorize the use of United States Armed Forces against those responsible for trafficking fentanyl or a fentanyl-related substance into the United States or carrying out other related activities that cause regional destabilization in the Western Hemisphere.</official-title></form><preamble><whereas><text>Whereas armed cartels such as Sinaloa Cartel and the Jalisco New Generation Cartel are responsible for trafficking fentanyl and fentanyl-related substances into the United States;</text></whereas><whereas><text>Whereas fentanyl and fentanyl-related substances kill approximately 80,000 Americans every year and is the leading cause of death for American men between the ages of 18 and 45;</text></whereas><whereas><text>Whereas the Sinaloa Cartel and the Los Zetas Cartel, among others, consistently engage in violence against each other and other cartels, creating instability mere miles from the border of the United States;</text></whereas><whereas><text>Whereas in 2015, the Sinaloa Cartel shot down a Mexican military helicopter with a high powered weapon;</text></whereas><whereas><text>Whereas in 2019, when the Mexican National Guard arrested Ovidio Guzman, the son of Joaquin “el Chapo” Guzman, the Sinaloa Cartel attacked Mexican Government forces and forced them to release Ovidio Guzman;</text></whereas><whereas><text>Whereas in 2022, a battle between cartels along the United States-Mexico border led to the closure of two ports of entry;</text></whereas><whereas><text>Whereas in 2022, a grenade attack against the United States consulate in Nuevo Laredo, Mexico required employees to shelter in place;</text></whereas><whereas><text>Whereas Mexican cartels regularly intimidate, assault, kidnap, torture, and kill Mexican law enforcement; and</text></whereas><whereas><text>Whereas Mexican cartels have repeatedly fired at law enforcement and national guard posted along the United States-Mexico border: Now, therefore, be it</text></whereas></preamble><resolution-body style="OLC" id="HC3459441D7A343A79522EC6B28DC1F92"><section display-inline="yes-display-inline" section-type="undesignated-section" id="HAD16280836A1478F999DBE0BFF6CAEE3"></section><section id="HF16252A8AB4F42419321CD13D76342E8" section-type="section-one"><enum>1.</enum><header>Short title</header><text display-inline="no-display-inline">This joint resolution may be cited as the <quote><short-title>Authorization for the Use of Military Force to Combat, Attack, Resist, Target, Eliminate, and Limit Influence Resolution</short-title></quote> or the <quote><short-title>AUMF CARTEL Influence Resolution</short-title></quote>.</text></section><section id="HB29AA4F5F67E4124BFABA0E7F8CC2848"><enum>2.</enum><header>Authorization for use of United States Armed Forces</header><subsection id="H0CDF73D8AB2E45E0AACE0C86FE935035"><enum>(a)</enum><header>In general</header><text display-inline="yes-display-inline">The President is authorized to use all necessary and appropriate force against those foreign nations, foreign organizations, or foreign persons affiliated with foreign organizations that the President determines—</text><paragraph id="H106FA4231D5B4F86A22885A6DC8EFED7"><enum>(1)</enum><text>have violated section 401(a)(1) of the Controlled Substances Act (<external-xref legal-doc="usc" parsable-cite="usc/21/841">21 U.S.C. 841(a)(1)</external-xref>), or have attempted or conspired to violate such section 401(a)(1) in violation of section 406 of such Act (<external-xref legal-doc="usc" parsable-cite="usc/21/846">21 U.S.C. 846</external-xref>), with respect to trafficking into the United States fentanyl or a fentanyl-related substance; </text></paragraph><paragraph id="H6CE1EEEC9ED046798F61873DE2EC22E2"><enum>(2)</enum><text>have trafficked fentanyl or a fentanyl-related substance outside the United States with the intention of such fentanyl or fentanyl-related substance being trafficked into the United States in violation of section 401(a)(1) or 406 of the Controlled Substances Act (<external-xref legal-doc="usc" parsable-cite="usc/21/841">21 U.S.C. 841(a)(1)</external-xref>, 846) as described in paragraph (1);</text></paragraph><paragraph id="H2D8E0BFCF4554EC8B4A3AB4D4A99145F"><enum>(3)</enum><text display-inline="yes-display-inline">have produced or trafficked a substance that is a precursor to fentanyl or a fentanyl-related substance with the intention of such precursor, fentanyl, or fentanyl-related substance being trafficked into the United States in violation of section 401(a)(1) or 406 of the Controlled Substances Act (<external-xref legal-doc="usc" parsable-cite="usc/21/841">21 U.S.C. 841(a)(1)</external-xref>, 846) as described in paragraph (1);</text></paragraph><paragraph id="HC9555DA2BB2A421C9BE5D6C3A1700CD2"><enum>(4)</enum><text>have engaged in kinetic actions against United States Federal, State, local, tribal, or territorial law enforcement personnel operating in the territory of the United States or abroad; </text></paragraph><paragraph id="HD4D10C2D73F24A04A0161909F48F12EC"><enum>(5)</enum><text display-inline="yes-display-inline">have engaged in kinetic actions against law enforcement, military, or other governmental personnel of a country with a common border with the United States or any other country in the Western Hemisphere; or </text></paragraph><paragraph id="H8ABE29E2C05B44E4BC6EF2B351252ACB"><enum>(6)</enum><text display-inline="yes-display-inline">have used violence and intimidation for the purpose of establishing and controlling territory to be used for illicit means. </text></paragraph></subsection><subsection id="H3E670086428E426799A6682F6D5D92BD"><enum>(b)</enum><header>Deemed organizations</header><text>Effective on the date of the enactment of this joint resolution, the following foreign organizations, and their members, shall be deemed to have been determined by the President under subsection (a) to meet the criteria described in such subsection:</text><paragraph id="H2D59B733F2424B13833A7BBD32578DE1"><enum>(1)</enum><text>The Sinaloa Cartel.</text></paragraph><paragraph id="HFC6BED5F633D4FE1870A232A8DDD461F"><enum>(2)</enum><text>The Jalisco New Generation Cartel.</text></paragraph><paragraph id="H9872E32817D446AE84AA38D7FDA7973E"><enum>(3)</enum><text>The Gulf Cartel.</text></paragraph><paragraph id="H13DA27E44AEE4FD3A5DE198F06AE227F"><enum>(4)</enum><text>The Los Zetas Cartel.</text></paragraph><paragraph id="H8946D90638624365BF3F5EE481C48B77"><enum>(5)</enum><text>The Northeast Cartel.</text></paragraph><paragraph id="HD7010E8390E14235A9A84C472826D14A"><enum>(6)</enum><text>The Juarez Cartel.</text></paragraph><paragraph id="HA0632D5DF5904E4DA463234138754972"><enum>(7)</enum><text>The Tijuana Cartel.</text></paragraph><paragraph id="H69EACCBF98284FA98AFD54547335BF1C"><enum>(8)</enum><text>The Beltran-Levya Cartel.</text></paragraph><paragraph id="HE9C5EC1ACF044DE0945E1342CC96CB96"><enum>(9)</enum><text>The La Familia Michoacana, also known as the Knight Templar Cartel.</text></paragraph></subsection><subsection id="HFD9FD413D44A470FBF9534275BB791FC"><enum>(c)</enum><header>Limitation</header><text display-inline="yes-display-inline">The authority to use all necessary and appropriate force pursuant to subsection (a) against foreign organizations and foreign persons affiliated with foreign organizations described in subsection (a) shall apply only with respect to those organizations and persons located outside of the territory of the United States. </text></subsection><subsection id="H0CFC3F4666C447439E4DA43FB49AEBAA"><enum>(d)</enum><header>Termination</header><text>The authority to use all necessary and appropriate force pursuant to subsection (a) shall terminate on the date that is 5 years after the date of the enactment of this joint resolution. </text></subsection><subsection id="HABBD4A53D7AC442D8348075F68A66ABE"><enum>(e)</enum><header>War powers resolution requirements</header><paragraph id="H6BF8D75756704922892B92E6C4C64C19"><enum>(1)</enum><header>Specific statutory authorization</header><text>Consistent with section 8(a)(1) of the War Powers Resolution, Congress declares that this section is intended to constitute specific statutory authorization within the meaning of section 5(b) of the War Powers Resolution. </text></paragraph><paragraph id="H0DBC9A4A5F714A95A549B5747FED7B07"><enum>(2)</enum><header>Applicability of other requirements</header><text>Nothing in this joint resolution supersedes any requirement of the War Powers Resolution.</text></paragraph></subsection><subsection id="HF43FD1714EBB4A88A5F7B7F8ECF73434"><enum>(f)</enum><header>Definition</header><text>In this section, the term <term>fentanyl-related substance</term> means a fentanyl-related substance as described in section 1308.11(h)(30) of title 21, Code of Federal Regulations (or successor regulations).</text></subsection></section></resolution-body></resolution> 

