<?xml version="1.0"?>
<?xml-stylesheet type="text/xsl" href="billres.xsl"?>
<!DOCTYPE resolution PUBLIC "-//US Congress//DTDs/res.dtd//EN" "res.dtd">
<resolution resolution-stage="Introduced-in-House" dms-id="H3C0B924E6E9F4AC69F60C4EBCF51F07D" public-private="public" resolution-type="house-joint" star-print="no-star-print" key="H"><metadata xmlns:dc="http://purl.org/dc/elements/1.1/">
<dublinCore>
<dc:title>118 HJ 89 IH: Requiring the advice and consent of the Senate or an Act of Congress to suspend, terminate, or withdraw the United States from the North Atlantic Treaty and authorizing related litigation, and for other purposes.</dc:title>
<dc:publisher>U.S. House of Representatives</dc:publisher>
<dc:date>2023-09-14</dc:date>
<dc:format>text/xml</dc:format>
<dc:language>EN</dc:language>
<dc:rights>Pursuant to Title 17 Section 105 of the United States Code, this file is not subject to copyright protection and is in the public domain.</dc:rights>
</dublinCore>
</metadata>
<form>
<distribution-code display="yes">IA</distribution-code><congress display="yes">118th CONGRESS</congress><session display="yes">1st Session</session><legis-num display="yes">H. J. RES. 89</legis-num><current-chamber>IN THE HOUSE OF REPRESENTATIVES</current-chamber><action display="yes"><action-date date="20230914">September 14, 2023</action-date><action-desc><sponsor name-id="M001227">Ms. McClellan</sponsor> (for herself, <cosponsor name-id="F000466">Mr. Fitzpatrick</cosponsor>, <cosponsor name-id="C001078">Mr. Connolly</cosponsor>, <cosponsor name-id="T000463">Mr. Turner</cosponsor>, <cosponsor name-id="A000370">Ms. Adams</cosponsor>, <cosponsor name-id="N000147">Ms. Norton</cosponsor>, <cosponsor name-id="P000618">Ms. Porter</cosponsor>, <cosponsor name-id="C001130">Ms. Crockett</cosponsor>, <cosponsor name-id="S001193">Mr. Swalwell</cosponsor>, <cosponsor name-id="B001296">Mr. Boyle of Pennsylvania</cosponsor>, <cosponsor name-id="V000131">Mr. Veasey</cosponsor>, <cosponsor name-id="P000608">Mr. Peters</cosponsor>, <cosponsor name-id="S001150">Mr. Schiff</cosponsor>, <cosponsor name-id="W000822">Mrs. Watson Coleman</cosponsor>, <cosponsor name-id="C001059">Mr. Costa</cosponsor>, <cosponsor name-id="G000574">Mr. Gallego</cosponsor>, <cosponsor name-id="S001207">Ms. Sherrill</cosponsor>, <cosponsor name-id="A000376">Mr. Allred</cosponsor>, <cosponsor name-id="M001223">Mr. Magaziner</cosponsor>, <cosponsor name-id="W000825">Ms. Wexton</cosponsor>, <cosponsor name-id="K000399">Mrs. Kiggans of Virginia</cosponsor>, <cosponsor name-id="L000560">Mr. Larsen of Washington</cosponsor>, <cosponsor name-id="G000553">Mr. Green of Texas</cosponsor>, <cosponsor name-id="M001218">Mr. McCormick</cosponsor>, <cosponsor name-id="K000380">Mr. Kildee</cosponsor>, <cosponsor name-id="C001061">Mr. Cleaver</cosponsor>, <cosponsor name-id="D000631">Ms. Dean of Pennsylvania</cosponsor>, <cosponsor name-id="S001209">Ms. Spanberger</cosponsor>, and <cosponsor name-id="R000305">Ms. Ross</cosponsor>) submitted the following joint resolution; which was referred to the <committee-name committee-id="HFA00">Committee on Foreign Affairs</committee-name>, and in addition to the Committee on <committee-name committee-id="HRU00">Rules</committee-name>, for a period to be subsequently determined by the Speaker, in each case for consideration of such provisions as fall within the jurisdiction of the committee concerned</action-desc></action><legis-type>JOINT RESOLUTION</legis-type><official-title display="yes">Requiring the advice and consent of the Senate or an Act of Congress to suspend, terminate, or withdraw the United States from the North Atlantic Treaty and authorizing related litigation, and for other purposes.</official-title></form><resolution-body style="OLC" id="HD719DCCABA4E4D959392D5D0782A5CC9"> 
<section section-type="section-one" changed="not-changed" id="H1C2A93144D3844DB8594D9E69E40B94F"><enum>1.</enum><header>Opposition of Congress to suspension, termination, denunciation, or withdrawal from North Atlantic Treaty</header><text display-inline="no-display-inline">The President shall not suspend, terminate, denounce, or withdraw the United States from the North Atlantic Treaty, done at Washington, DC, April 4, 1949, except by and with the advice and consent of the Senate, provided that two-thirds of the Senators present concur, or pursuant to an Act of Congress.</text></section> <section changed="not-changed" id="H25DC3B2167F74794B1864F58ED035385"><enum>2.</enum><header>Limitation on the use of funds</header><text display-inline="no-display-inline">No funds authorized or appropriated by any Act may be used to support, directly or indirectly, any decision on the part of any United States Government official to suspend, terminate, denounce, or withdraw the United States from the North Atlantic Treaty, done at Washington, DC, April 4, 1949, until such time as both the Senate and the House of Representatives pass, by an affirmative vote of two-thirds of Members, a joint resolution approving the withdrawal of the United States from the treaty, or pursuant to an Act of Congress.</text></section>
<section changed="not-changed" id="H976440E4D4FC430D9CBDF5236DC1DCA1"><enum>3.</enum><header>Notification of treaty action</header>
<subsection id="HCEDBDFA2C51044FD84996F6BCC422BB4" changed="not-changed"><enum>(a)</enum><header>Consultation</header><text>Prior to the notification described in subsection (b), the President shall consult with the Committee on Foreign Relations of the Senate and the Committee on Foreign Affairs of the House of Representatives in relation to any initiative to suspend, terminate, denounce, or withdraw the United States from the North Atlantic Treaty. </text></subsection> <subsection commented="no" display-inline="no-display-inline" id="H50BC96AF10934DFDBF4BFD5EF28CA32E" changed="not-changed"><enum>(b)</enum><header>Notification</header><text>The President shall notify the Committee on Foreign Relations of the Senate and the Committee on Foreign Affairs of the House of Representatives in writing of any deliberation or decision to suspend, terminate, denounce, or withdraw the United States from the North Atlantic Treaty, as soon as possible but in no event later than 180 days prior to taking such action. </text></subsection></section>
<section changed="not-changed" id="H6911F3D698D1406FAF1E760FC22DA367"><enum>4.</enum><header>Authorization of Legal Counsel to represent Congress</header>
<subsection id="H13958E72F7F34BDB9AEE31ED67EAEBFF"><enum>(a)</enum><header>In general</header><text>By adoption of a resolution of the Senate or the House of Representatives, respectively, the Senate Legal Counsel or the General Counsel to the House of Representatives may be authorized to initiate, or intervene in, in the name of the Senate or the House of Representatives, as the case may be, independently, or jointly, any judicial proceedings in any Federal court of competent jurisdiction in order to oppose any action to suspend, terminate, denounce, or withdraw the United States from the North Atlantic Treaty in a manner inconsistent with this resolution.</text></subsection> <subsection id="HD5AFAED0062446F09F543F0B2F744575"><enum>(b)</enum><header>Consideration</header><text>Any resolution or joint resolution introduced relevant to North Atlantic Treaty-related matters and pursuant to section 4(a) of this title shall be considered in accordance with the procedures of section 601(b) of the International Security Assistance and Arms Export Control Act of 1976 (<external-xref legal-doc="public-law" parsable-cite="pl/94/329">Public Law 94–329</external-xref>; 90 Stat. 765). </text></subsection></section>
<section commented="no" display-inline="no-display-inline" section-type="subsequent-section" changed="not-changed" id="H17EF8C4AB79F47B88398DC92F2D67DCA"><enum>5.</enum><header>Reporting requirement</header><text display-inline="no-display-inline">Any legal counsel operating pursuant to section 4 shall report as soon as practicable to the Committee on Foreign Relations of the Senate or the Committee on Foreign Affairs of the House of Representatives with respect to any judicial proceedings which the Senate Legal Counsel or the General Counsel to the House of Representatives, as the case may be, initiates or in which it intervenes pursuant to section 4.</text></section> <section id="H144FBA6BF70F4F9ABAAA5AC2B53557AD" changed="not-changed"><enum>6.</enum><header>Rule of construction</header><text display-inline="no-display-inline">Nothing in this resolution shall be construed to authorize, imply, or otherwise indicate that the President may suspend, terminate, denounce, or withdraw from any treaty to which the Senate has provided its advice and consent without the advice and consent of the Senate to such act or pursuant to an Act of Congress. </text></section>
<section id="HFE5C173BBF2E46FC92CE4E1471DE5927" changed="not-changed"><enum>7.</enum><header>Severability</header><text display-inline="no-display-inline">If any provision of this resolution or the application of such provision is held by a Federal court to be unconstitutional, the remainder of this resolution and the application of such provisions to any other person or circumstance shall not be affected thereby. </text></section> <section id="HDD3ACADE305E42CCB9254C34235DC1CC" changed="not-changed" commented="no" display-inline="no-display-inline" section-type="subsequent-section"><enum>8.</enum><header>Definitions</header><text display-inline="no-display-inline">In this resolution, the terms <term>withdrawal</term>, <term>denunciation</term>, <term>suspension</term>, and <term>termination</term> have the meaning given the terms in the Vienna Convention on the Law of Treaties, concluded at Vienna May 23, 1969. </text></section> 
</resolution-body></resolution>

