<mods xmlns:xlink="http://www.w3.org/1999/xlink" xmlns:xsi="http://www.w3.org/2001/XMLSchema-instance" xmlns="http://www.loc.gov/mods/v3" version="3.3" xsi:schemaLocation="http://www.loc.gov/mods/v3 http://www.loc.gov/standards/mods/v3/mods-3-3.xsd" ID="P0b002ee1bf32c1f6">
    <name type="corporate">
         <namePart>United States Government Publishing Office</namePart>
         <role>
              <roleTerm authority="marcrelator" type="text">publisher</roleTerm>
              <roleTerm authority="marcrelator" type="code">pbl</roleTerm>
        </role>
         <role>
              <roleTerm authority="marcrelator" type="text">distributor</roleTerm>
              <roleTerm authority="marcrelator" type="code">dst</roleTerm>
        </role>
    </name>
    <name type="corporate">
         <namePart>United States</namePart>
         <namePart>Congress</namePart>
         <namePart>House of Representatives</namePart>
         <role>
              <roleTerm authority="marcrelator" type="text">author</roleTerm>
              <roleTerm authority="marcrelator" type="code">aut</roleTerm>
        </role>
         <description>Government Organization</description>
    </name>
    <typeOfResource>text</typeOfResource>
    <genre authority="marcgt">government publication</genre>
    <language>
         <languageTerm type="code" authority="iso639-2b">eng</languageTerm>
    </language>
    <extension>
         <collectionCode>BILLS</collectionCode>
         <searchTitle>Recognizing the need for a sustainable, economically viable, and fair debt restructuring plan for the Puerto Rico Electric Power Authority.;H. Con. Res. 55 (IH)
    </searchTitle>
         <category>Bills and Statutes</category>
         <waisDatabaseName>118_cong_bills</waisDatabaseName>
         <branch>legislative</branch>
         <dateIngested>2023-07-01</dateIngested>
    </extension>
    <titleInfo>
         <title>Recognizing the need for a sustainable, economically viable, and fair debt restructuring plan for the Puerto Rico Electric Power Authority.</title>
    </titleInfo>
    <titleInfo type="alternative">
         <title>H. Con. Res. 55 (IH)
    </title>
    </titleInfo>
    <originInfo>
         <publisher>U.S. Government Publishing Office</publisher>
         <dateIssued encoding="w3cdtf">2023-06-30</dateIssued>
         <issuance>monographic</issuance>
    </originInfo>
    <physicalDescription>
         <note type="source content type">deposited</note>
         <digitalOrigin>born digital</digitalOrigin>
         <extent>7 p.</extent>
    </physicalDescription>
    <classification authority="sudocs">Y 1.6:</classification>
    <classification authority="sudocs">Y 1.4/9:</classification>
    <identifier type="local">P0b002ee1bf32c1f6</identifier>
    <identifier type="uri">https://www.govinfo.gov/app/details/BILLS-118hconres55ih</identifier>
    <identifier type="preferred citation">H. Con. Res. 55</identifier>
    <identifier type="stock number">021-610-00252-9</identifier>
    <identifier type="Parent ILS system id">000501532</identifier>
    <identifier type="Child ILS system id">000325575</identifier>
    <identifier type="Parent ILS title">Congressional bills</identifier>
    <identifier type="Child ILS title">House concurrent resolutions</identifier>
    <identifier type="former package identifier">f:hc55_ih.txt</identifier>
    <location>
         <url displayLabel="Content Detail" access="object in context">https://www.govinfo.gov/app/details/BILLS-118hconres55ih</url>
         <url displayLabel="HTML rendition" access="raw object">https://www.govinfo.gov/content/pkg/BILLS-118hconres55ih/html/BILLS-118hconres55ih.htm</url>
         <url displayLabel="PDF rendition" access="raw object">https://www.govinfo.gov/content/pkg/BILLS-118hconres55ih/pdf/BILLS-118hconres55ih.pdf</url>
         <url displayLabel="XML rendition" access="raw object">https://www.govinfo.gov/content/pkg/BILLS-118hconres55ih/xml/BILLS-118hconres55ih.xml</url>
    </location>
    <accessCondition type="GPO scope determination">fdlp</accessCondition>
    <recordInfo>
         <recordContentSource authority="marcorg">DGPO</recordContentSource>
         <recordCreationDate encoding="w3cdtf">2023-07-01</recordCreationDate>
         <recordChangeDate encoding="w3cdtf">2023-07-01</recordChangeDate>
         <recordIdentifier source="DGPO">BILLS-118hconres55ih</recordIdentifier>
         <recordOrigin>machine generated</recordOrigin>
         <languageOfCataloging>
              <languageTerm type="code" authority="iso639-2b">eng</languageTerm>
        </languageOfCataloging>
    </recordInfo>
    <name type="personal">
         <namePart>Nydia M. Velazquez</namePart>
         <affiliation>United States House of Representatives</affiliation>
         <role>
              <roleTerm authority="marcrelator" type="text">sponsor</roleTerm>
              <roleTerm authority="marcrelator" type="code">spn</roleTerm>
        </role>
         <description>United States Congress Member</description>
    </name>
    <name type="personal">
         <namePart>Adriano Espaillat</namePart>
         <affiliation>United States House of Representatives</affiliation>
         <role>
              <roleTerm type="text">cosponsor</roleTerm>
        </role>
         <description>United States Congress Member</description>
    </name>
    <name type="corporate">
         <namePart>United States</namePart>
         <namePart>Congress</namePart>
         <namePart>House of Representatives</namePart>
         <namePart>Committee on Natural Resources</namePart>
         <role>
              <roleTerm authority="marcrelator" type="text">associated name</roleTerm>
              <roleTerm authority="marcrelator" type="code">asn</roleTerm>
        </role>
    </name>
    <relatedItem type="isReferencedBy">
         <titleInfo>
              <title>United States Code</title>
              <partNumber>Title 48 Section 2101et seq.</partNumber>
              <partNumber>Title 48 Section 2161et seq.</partNumber>
              <partNumber>Title 48 Section 2178</partNumber>
              <partNumber>Title 48 Section 2241</partNumber>
        </titleInfo>
         <identifier type="USC citation">48 U.S.C. 2101et seq.</identifier>
         <identifier type="USC citation">48 U.S.C. 2161et seq.</identifier>
         <identifier type="USC citation">48 U.S.C. 2178</identifier>
         <identifier type="USC citation">48 U.S.C. 2241</identifier>
    </relatedItem>
    <extension>
         <docClass>hconres</docClass>
         <accessId>BILLS-118hconres55ih</accessId>
         <congress>118</congress>
         <session>1</session>
         <originChamber>HOUSE</originChamber>
         <currentChamber>HOUSE</currentChamber>
         <billNumber>55</billNumber>
         <billVersion reprint="false">ih</billVersion>
         <fileSuffix>ih</fileSuffix>
         <officialTitle>Recognizing the need for a sustainable, economically viable, and fair debt restructuring plan for the Puerto Rico Electric Power Authority.</officialTitle>
         <action date="2023-06-30">Ms. Velázquez (for herself and Mr. Espaillat) submitted the following concurrent resolution; which was referred to the Committee on Natural Resources</action>
         <congCommittee authorityId="hsii00" chamber="H" congress="118" type="S">
                                
              <name type="authority-standard">Committee on Natural Resources</name>
                                
              <name type="authority-short">Natural Resources</name>
                            
        </congCommittee>
         <congMember bioGuideId="V000081" chamber="H" congress="118" party="D" role="SPONSOR" state="NY">
                                
              <name type="parsed">Ms. Velázquez</name>
                                
              <name type="authority-fnf">Nydia M. Velazquez</name>
                                
              <name type="authority-lnf">Velazquez, Nydia M.</name>
                                
              <name type="authority-other">Nydia Velazquez</name>
                            
        </congMember>
         <congMember bioGuideId="E000297" chamber="H" congress="118" party="D" role="COSPONSOR" state="NY">
                                
              <name type="parsed">Mr. Espaillat</name>
                                
              <name type="authority-fnf">Adriano Espaillat</name>
                                
              <name type="authority-lnf">Espaillat, Adriano</name>
                            
        </congMember>
         <isPrivate>false</isPrivate>
         <isAppropriation>false</isAppropriation>
         <USCode title="48">
                                
              <section detail="et seq." number="2101"></section>
                                
              <section detail="et seq." number="2161"></section>
                                
              <section number="2178"></section>
                                
              <section number="2241"></section>
                            
        </USCode>
    </extension>
</mods>