<mods xmlns:xlink="http://www.w3.org/1999/xlink" xmlns:xsi="http://www.w3.org/2001/XMLSchema-instance" xmlns="http://www.loc.gov/mods/v3" version="3.3" xsi:schemaLocation="http://www.loc.gov/mods/v3 http://www.loc.gov/standards/mods/v3/mods-3-3.xsd" ID="P0b002ee1bca696fc">
    <name type="corporate">
         <namePart>United States Government Publishing Office</namePart>
         <role>
              <roleTerm authority="marcrelator" type="text">publisher</roleTerm>
              <roleTerm authority="marcrelator" type="code">pbl</roleTerm>
        </role>
         <role>
              <roleTerm authority="marcrelator" type="text">distributor</roleTerm>
              <roleTerm authority="marcrelator" type="code">dst</roleTerm>
        </role>
    </name>
    <name type="corporate">
         <namePart>United States</namePart>
         <namePart>Congress</namePart>
         <namePart>House of Representatives</namePart>
         <role>
              <roleTerm authority="marcrelator" type="text">author</roleTerm>
              <roleTerm authority="marcrelator" type="code">aut</roleTerm>
        </role>
         <description>Government Organization</description>
    </name>
    <typeOfResource>text</typeOfResource>
    <genre authority="marcgt">government publication</genre>
    <language>
         <languageTerm type="code" authority="iso639-2b">eng</languageTerm>
    </language>
    <extension>
         <collectionCode>BILLS</collectionCode>
         <searchTitle>Expressing the sense of Congress relating to nuclear power being a necessary clean baseload energy source to achieve a reliable, secure, and green electric grid.;H. Con. Res. 26 (IH)
    </searchTitle>
         <category>Bills and Statutes</category>
         <waisDatabaseName>118_cong_bills</waisDatabaseName>
         <branch>legislative</branch>
         <dateIngested>2023-03-18</dateIngested>
    </extension>
    <titleInfo>
         <title>Expressing the sense of Congress relating to nuclear power being a necessary clean baseload energy source to achieve a reliable, secure, and green electric grid.</title>
    </titleInfo>
    <titleInfo type="alternative">
         <title>H. Con. Res. 26 (IH)
    </title>
    </titleInfo>
    <originInfo>
         <publisher>U.S. Government Publishing Office</publisher>
         <dateIssued encoding="w3cdtf">2023-03-17</dateIssued>
         <issuance>monographic</issuance>
    </originInfo>
    <physicalDescription>
         <note type="source content type">deposited</note>
         <digitalOrigin>born digital</digitalOrigin>
         <extent>2 p.</extent>
    </physicalDescription>
    <classification authority="sudocs">Y 1.6:</classification>
    <classification authority="sudocs">Y 1.4/9:</classification>
    <identifier type="local">P0b002ee1bca696fc</identifier>
    <identifier type="uri">https://www.govinfo.gov/app/details/BILLS-118hconres26ih</identifier>
    <identifier type="preferred citation">H. Con. Res. 26</identifier>
    <identifier type="stock number">021-610-00252-9</identifier>
    <identifier type="Parent ILS system id">000501532</identifier>
    <identifier type="Child ILS system id">000325575</identifier>
    <identifier type="Parent ILS title">Congressional bills</identifier>
    <identifier type="Child ILS title">House concurrent resolutions</identifier>
    <identifier type="former package identifier">f:hc26_ih.txt</identifier>
    <location>
         <url displayLabel="Content Detail" access="object in context">https://www.govinfo.gov/app/details/BILLS-118hconres26ih</url>
         <url displayLabel="HTML rendition" access="raw object">https://www.govinfo.gov/content/pkg/BILLS-118hconres26ih/html/BILLS-118hconres26ih.htm</url>
         <url displayLabel="PDF rendition" access="raw object">https://www.govinfo.gov/content/pkg/BILLS-118hconres26ih/pdf/BILLS-118hconres26ih.pdf</url>
         <url displayLabel="XML rendition" access="raw object">https://www.govinfo.gov/content/pkg/BILLS-118hconres26ih/xml/BILLS-118hconres26ih.xml</url>
    </location>
    <accessCondition type="GPO scope determination">fdlp</accessCondition>
    <recordInfo>
         <recordContentSource authority="marcorg">DGPO</recordContentSource>
         <recordCreationDate encoding="w3cdtf">2023-03-18</recordCreationDate>
         <recordChangeDate encoding="w3cdtf">2023-03-18</recordChangeDate>
         <recordIdentifier source="DGPO">BILLS-118hconres26ih</recordIdentifier>
         <recordOrigin>machine generated</recordOrigin>
         <languageOfCataloging>
              <languageTerm type="code" authority="iso639-2b">eng</languageTerm>
        </languageOfCataloging>
    </recordInfo>
    <name type="personal">
         <namePart>Byron Donalds</namePart>
         <affiliation>United States House of Representatives</affiliation>
         <role>
              <roleTerm authority="marcrelator" type="text">sponsor</roleTerm>
              <roleTerm authority="marcrelator" type="code">spn</roleTerm>
        </role>
         <description>United States Congress Member</description>
    </name>
    <name type="personal">
         <namePart>Bill Foster</namePart>
         <affiliation>United States House of Representatives</affiliation>
         <role>
              <roleTerm type="text">cosponsor</roleTerm>
        </role>
         <description>United States Congress Member</description>
    </name>
    <name type="personal">
         <namePart>Charles J. &quot;Chuck&quot; Fleischmann</namePart>
         <affiliation>United States House of Representatives</affiliation>
         <role>
              <roleTerm type="text">cosponsor</roleTerm>
        </role>
         <description>United States Congress Member</description>
    </name>
    <name type="personal">
         <namePart>James E. Clyburn</namePart>
         <affiliation>United States House of Representatives</affiliation>
         <role>
              <roleTerm type="text">cosponsor</roleTerm>
        </role>
         <description>United States Congress Member</description>
    </name>
    <name type="personal">
         <namePart>Dan Newhouse</namePart>
         <affiliation>United States House of Representatives</affiliation>
         <role>
              <roleTerm type="text">cosponsor</roleTerm>
        </role>
         <description>United States Congress Member</description>
    </name>
    <name type="personal">
         <namePart>Nancy Mace</namePart>
         <affiliation>United States House of Representatives</affiliation>
         <role>
              <roleTerm type="text">cosponsor</roleTerm>
        </role>
         <description>United States Congress Member</description>
    </name>
    <name type="personal">
         <namePart>Christopher R. Deluzio</namePart>
         <affiliation>United States House of Representatives</affiliation>
         <role>
              <roleTerm type="text">cosponsor</roleTerm>
        </role>
         <description>United States Congress Member</description>
    </name>
    <name type="personal">
         <namePart>Maria Elvira Salazar</namePart>
         <affiliation>United States House of Representatives</affiliation>
         <role>
              <roleTerm type="text">cosponsor</roleTerm>
        </role>
         <description>United States Congress Member</description>
    </name>
    <name type="personal">
         <namePart>Troy E. Nehls</namePart>
         <affiliation>United States House of Representatives</affiliation>
         <role>
              <roleTerm type="text">cosponsor</roleTerm>
        </role>
         <description>United States Congress Member</description>
    </name>
    <name type="personal">
         <namePart>Chuck Edwards</namePart>
         <affiliation>United States House of Representatives</affiliation>
         <role>
              <roleTerm type="text">cosponsor</roleTerm>
        </role>
         <description>United States Congress Member</description>
    </name>
    <name type="personal">
         <namePart>Anna Paulina Luna</namePart>
         <affiliation>United States House of Representatives</affiliation>
         <role>
              <roleTerm type="text">cosponsor</roleTerm>
        </role>
         <description>United States Congress Member</description>
    </name>
    <name type="personal">
         <namePart>Brandon Williams</namePart>
         <affiliation>United States House of Representatives</affiliation>
         <role>
              <roleTerm type="text">cosponsor</roleTerm>
        </role>
         <description>United States Congress Member</description>
    </name>
    <name type="personal">
         <namePart>Doug Lamborn</namePart>
         <affiliation>United States House of Representatives</affiliation>
         <role>
              <roleTerm type="text">cosponsor</roleTerm>
        </role>
         <description>United States Congress Member</description>
    </name>
    <name type="personal">
         <namePart>Thomas H. Kean, Jr.</namePart>
         <affiliation>United States House of Representatives</affiliation>
         <role>
              <roleTerm type="text">cosponsor</roleTerm>
        </role>
         <description>United States Congress Member</description>
    </name>
    <name type="corporate">
         <namePart>United States</namePart>
         <namePart>Congress</namePart>
         <namePart>House of Representatives</namePart>
         <namePart>Committee on Energy and Commerce</namePart>
         <role>
              <roleTerm authority="marcrelator" type="text">associated name</roleTerm>
              <roleTerm authority="marcrelator" type="code">asn</roleTerm>
        </role>
    </name>
    <extension>
         <docClass>hconres</docClass>
         <accessId>BILLS-118hconres26ih</accessId>
         <congress>118</congress>
         <session>1</session>
         <originChamber>HOUSE</originChamber>
         <currentChamber>HOUSE</currentChamber>
         <billNumber>26</billNumber>
         <billVersion reprint="false">ih</billVersion>
         <fileSuffix>ih</fileSuffix>
         <officialTitle>Expressing the sense of Congress relating to nuclear power being a necessary clean baseload energy source to achieve a reliable, secure, and green electric grid.</officialTitle>
         <action date="2023-03-17">Mr. Donalds (for himself, Mr. Foster, Mr. Fleischmann, Mr. Clyburn, Mr. Newhouse, Ms. Mace, Mr. Deluzio, Ms. Salazar, Mr. Nehls, Mr. Edwards, Mrs. Luna, Mr. Williams of New York, Mr. Lamborn, and Mr. Kean of New Jersey) submitted the following concurrent resolution; which was referred to the Committee on Energy and Commerce</action>
         <congCommittee authorityId="hsif00" chamber="H" congress="118" type="S">
                                
              <name type="authority-standard">Committee on Energy and Commerce</name>
                                
              <name type="authority-short">Energy and Commerce</name>
                            
        </congCommittee>
         <congMember bioGuideId="D000032" chamber="H" congress="118" party="R" role="SPONSOR" state="FL">
                                
              <name type="parsed">Mr. Donalds</name>
                                
              <name type="authority-fnf">Byron Donalds</name>
                                
              <name type="authority-lnf">Donalds, Byron</name>
                            
        </congMember>
         <congMember bioGuideId="F000454" chamber="H" congress="118" party="D" role="COSPONSOR" state="IL">
                                
              <name type="parsed">Mr. Foster</name>
                                
              <name type="authority-fnf">Bill Foster</name>
                                
              <name type="authority-lnf">Foster, Bill</name>
                            
        </congMember>
         <congMember bioGuideId="F000459" chamber="H" congress="118" party="R" role="COSPONSOR" state="TN">
                                
              <name type="parsed">Mr. Fleischmann</name>
                                
              <name type="authority-fnf">Charles J. &quot;Chuck&quot; Fleischmann</name>
                                
              <name type="authority-lnf">Fleischmann, Charles J. &quot;Chuck&quot;</name>
                                
              <name type="authority-other">Mr. Charles Fleischmann</name>
                            
        </congMember>
         <congMember bioGuideId="C000537" chamber="H" congress="118" party="D" role="COSPONSOR" state="SC">
                                
              <name type="parsed">Mr. Clyburn</name>
                                
              <name type="authority-fnf">James E. Clyburn</name>
                                
              <name type="authority-lnf">Clyburn, James E.</name>
                                
              <name type="authority-other">James Clyburn</name>
                            
        </congMember>
         <congMember bioGuideId="N000189" chamber="H" congress="118" party="R" role="COSPONSOR" state="WA">
                                
              <name type="parsed">Mr. Newhouse</name>
                                
              <name type="authority-fnf">Dan Newhouse</name>
                                
              <name type="authority-lnf">Newhouse, Dan</name>
                            
        </congMember>
         <congMember bioGuideId="M000194" chamber="H" congress="118" party="R" role="COSPONSOR" state="SC">
                                
              <name type="parsed">Ms. Mace</name>
                                
              <name type="authority-fnf">Nancy Mace</name>
                                
              <name type="authority-lnf">Mace, Nancy</name>
                            
        </congMember>
         <congMember bioGuideId="D000530" chamber="H" congress="118" party="D" role="COSPONSOR" state="PA">
                                
              <name type="parsed">Mr. Deluzio</name>
                                
              <name type="authority-fnf">Christopher R. Deluzio</name>
                                
              <name type="authority-lnf">Deluzio, Christopher R.</name>
                                
              <name type="authority-other">Christopher Deluzio</name>
                            
        </congMember>
         <congMember bioGuideId="S000168" chamber="H" congress="118" party="R" role="COSPONSOR" state="FL">
                                
              <name type="parsed">Ms. Salazar</name>
                                
              <name type="authority-fnf">Maria Elvira Salazar</name>
                                
              <name type="authority-lnf">Salazar, Maria Elvira</name>
                                
              <name type="authority-other">Ms. Maria Salazar</name>
                            
        </congMember>
         <congMember bioGuideId="N000026" chamber="H" congress="118" party="R" role="COSPONSOR" state="TX">
                                
              <name type="parsed">Mr. Nehls</name>
                                
              <name type="authority-fnf">Troy E. Nehls</name>
                                
              <name type="authority-lnf">Nehls, Troy E.</name>
                                
              <name type="authority-other">Mr. Troy Nehls</name>
                            
        </congMember>
         <congMember bioGuideId="E000246" chamber="H" congress="118" party="R" role="COSPONSOR" state="NC">
                                
              <name type="parsed">Mr. Edwards</name>
                                
              <name type="authority-fnf">Chuck Edwards</name>
                                
              <name type="authority-lnf">Edwards, Chuck</name>
                            
        </congMember>
         <congMember bioGuideId="L000596" chamber="H" congress="118" party="R" role="COSPONSOR" state="FL">
                                
              <name type="parsed">Mrs. Luna</name>
                                
              <name type="authority-fnf">Anna Paulina Luna</name>
                                
              <name type="authority-lnf">Luna, Anna Paulina</name>
                            
        </congMember>
         <congMember bioGuideId="W000828" chamber="H" congress="118" party="R" role="COSPONSOR" state="NY">
                                
              <name type="parsed">Mr. Williams of New York</name>
                                
              <name type="authority-fnf">Brandon Williams</name>
                                
              <name type="authority-lnf">Williams, Brandon</name>
                            
        </congMember>
         <congMember bioGuideId="L000564" chamber="H" congress="118" party="R" role="COSPONSOR" state="CO">
                                
              <name type="parsed">Mr. Lamborn</name>
                                
              <name type="authority-fnf">Doug Lamborn</name>
                                
              <name type="authority-lnf">Lamborn, Doug</name>
                            
        </congMember>
         <congMember bioGuideId="K000398" chamber="H" congress="118" party="R" role="COSPONSOR" state="NJ">
                                
              <name type="parsed">Mr. Kean of New Jersey</name>
                                
              <name type="authority-fnf">Thomas H. Kean, Jr.</name>
                                
              <name type="authority-lnf">Kean, Thomas H.</name>
                                
              <name type="authority-other">Thomas Kean Jr.</name>
                            
        </congMember>
         <isPrivate>false</isPrivate>
         <isAppropriation>false</isAppropriation>
    </extension>
</mods>