<?xml version="1.0"?>
<?xml-stylesheet type="text/xsl" href="billres.xsl"?>
<!DOCTYPE resolution PUBLIC "-//US Congress//DTDs/res.dtd//EN" "res.dtd">
<resolution resolution-stage="Introduced-in-House" dms-id="HB7347667369F4B33857BCFA157A7E8B5" public-private="public" resolution-type="house-concurrent" star-print="no-star-print" key="H"><metadata xmlns:dc="http://purl.org/dc/elements/1.1/">
<dublinCore>
<dc:title>118 HCON 80 IH: Recognizing that Federal law does not prohibit elementary school or secondary school students from discussing or sharing information about non-dairy milk alternatives.</dc:title>
<dc:publisher>U.S. House of Representatives</dc:publisher>
<dc:date>2023-11-29</dc:date>
<dc:format>text/xml</dc:format>
<dc:language>EN</dc:language>
<dc:rights>Pursuant to Title 17 Section 105 of the United States Code, this file is not subject to copyright protection and is in the public domain.</dc:rights>
</dublinCore>
</metadata>
<form>
<distribution-code display="yes">IV</distribution-code><congress display="yes">118th CONGRESS</congress><session display="yes">1st Session</session><legis-num display="yes">H. CON. RES. 80</legis-num><current-chamber>IN THE HOUSE OF REPRESENTATIVES</current-chamber><action display="yes"><action-date date="20231129">November 29, 2023</action-date><action-desc><sponsor name-id="B001285">Ms. Brownley</sponsor> (for herself, <cosponsor name-id="C001125">Mr. Carter of Louisiana</cosponsor>, and <cosponsor name-id="V000081">Ms. Vel&#225;zquez</cosponsor>) submitted the following concurrent resolution; which was referred to the <committee-name committee-id="HED00">Committee on Education and the Workforce</committee-name></action-desc></action><legis-type>CONCURRENT RESOLUTION</legis-type><official-title display="yes">Recognizing that Federal law does not prohibit elementary school or secondary school students from discussing or sharing information about non-dairy milk alternatives.</official-title></form><preamble> 
<whereas><text>Whereas all children deserve healthy, nutritious meals;</text></whereas> <whereas><text>Whereas school meals play an essential role in meeting the nutritional needs of children;</text></whereas> 
<whereas><text>Whereas some families choose plant-based milk to meet the nutritional needs of children with milk allergies;</text></whereas> <whereas><text>Whereas cow’s milk allergy is one of the most common food allergies reported in infants and young children;</text></whereas> 
<whereas><text>Whereas plant-based milks are popular for health, ethical, and environmental reasons, and some individuals prefer the taste of plant-based milk over cow’s milk;</text></whereas> <whereas><text>Whereas some nutritional aspects of many plant-based milks are similar to cow’s milk, such as sodium and potassium content;</text></whereas> 
<whereas><text>Whereas the American Society of Nutrition has found that most plant-based milks are a healthier choice when it comes to fat and calories as compared to whole-fat cow’s milk;</text></whereas> <whereas><text>Whereas the First Amendment protects the rights of individuals to discuss food and beverage preferences and nutritional information with their peers, teachers, and school officials; and</text></whereas> 
<whereas><text>Whereas current Department of Agriculture guidelines suggest that cow’s milk is the best for all students, but this is clearly not the case for many children: Now, therefore, be it</text></whereas> </preamble><resolution-body style="traditional" id="H925F31E7CCB54AE8BD43065A8B11730B"> <section display-inline="yes-display-inline" section-type="undesignated-section" id="H6CDA3BA86B764B759BA4341159FD328D"><text display-inline="yes-display-inline">That—</text> 
<paragraph id="H5576EF645567409C965ABDCE2665C5AE"><enum>(1)</enum><text>it is the sense of Congress that nothing in the Richard B. Russell National School Lunch Act (<external-xref legal-doc="usc" parsable-cite="usc/42/1750">42 U.S.C. 1750 et seq.</external-xref>) prohibits elementary school or secondary school students from discussing or sharing information about non-dairy milk alternatives with their classmates on the campus of such school;</text></paragraph> <paragraph id="HC565756CCB1C40C49406274382678349"><enum>(2)</enum><text display-inline="yes-display-inline">parents and students should be provided with as much information as possible about school meal nutrition; and</text></paragraph> 
<paragraph id="H427A7DCD8D7C4929BEC88814D41DF789"><enum>(3)</enum><text display-inline="yes-display-inline">parents and students, in consultation with their physicians, should be able to have as much choice as possible in the school lunch program, so that the individual dietary needs of children can be better achieved. </text></paragraph></section> </resolution-body></resolution>

