<mods xmlns:xlink="http://www.w3.org/1999/xlink" xmlns:xsi="http://www.w3.org/2001/XMLSchema-instance" xmlns="http://www.loc.gov/mods/v3" version="3.3" xsi:schemaLocation="http://www.loc.gov/mods/v3 http://www.loc.gov/standards/mods/v3/mods-3-3.xsd" ID="P0b002ee1bc9a0d62">
    <name type="corporate">
         <namePart>United States Government Publishing Office</namePart>
         <role>
              <roleTerm authority="marcrelator" type="text">publisher</roleTerm>
              <roleTerm authority="marcrelator" type="code">pbl</roleTerm>
        </role>
         <role>
              <roleTerm authority="marcrelator" type="text">distributor</roleTerm>
              <roleTerm authority="marcrelator" type="code">dst</roleTerm>
        </role>
    </name>
    <name type="corporate">
         <namePart>United States</namePart>
         <namePart>Congress</namePart>
         <namePart>House of Representatives</namePart>
         <role>
              <roleTerm authority="marcrelator" type="text">author</roleTerm>
              <roleTerm authority="marcrelator" type="code">aut</roleTerm>
        </role>
         <description>Government Organization</description>
    </name>
    <typeOfResource>text</typeOfResource>
    <genre authority="marcgt">government publication</genre>
    <language>
         <languageTerm type="code" authority="iso639-2b">eng</languageTerm>
    </language>
    <extension>
         <collectionCode>BILLS</collectionCode>
         <searchTitle>To consent to the amendments to the Hawaiian Homes Commission Act, 1920, made by Act 080 of the Session Laws of Hawaii, 2017.;Prince Jonah Kūhiō Kalaniana‘ole Protecting Family Legacies Act;H.J. Res. 43 (IH)
    </searchTitle>
         <category>Bills and Statutes</category>
         <waisDatabaseName>118_cong_bills</waisDatabaseName>
         <branch>legislative</branch>
         <dateIngested>2023-03-15</dateIngested>
    </extension>
    <titleInfo>
         <title>To consent to the amendments to the Hawaiian Homes Commission Act, 1920, made by Act 080 of the Session Laws of Hawaii, 2017.</title>
    </titleInfo>
    <titleInfo type="alternative">
         <title>Prince Jonah Kūhiō Kalaniana‘ole Protecting Family Legacies Act</title>
    </titleInfo>
    <titleInfo type="alternative">
         <title>H.J. Res. 43 (IH)
    </title>
    </titleInfo>
    <originInfo>
         <publisher>U.S. Government Publishing Office</publisher>
         <dateIssued encoding="w3cdtf">2023-03-14</dateIssued>
         <issuance>monographic</issuance>
    </originInfo>
    <physicalDescription>
         <note type="source content type">deposited</note>
         <digitalOrigin>born digital</digitalOrigin>
         <extent>2 p.</extent>
    </physicalDescription>
    <classification authority="sudocs">Y 1.6:</classification>
    <classification authority="sudocs">Y 1.4/8:</classification>
    <identifier type="local">P0b002ee1bc9a0d62</identifier>
    <identifier type="uri">https://www.govinfo.gov/app/details/BILLS-118hjres43ih</identifier>
    <identifier type="preferred citation">H.J. Res. 43</identifier>
    <identifier type="stock number">021-610-00252-9</identifier>
    <identifier type="Parent ILS system id">000501532</identifier>
    <identifier type="Child ILS system id">000325570</identifier>
    <identifier type="Parent ILS title">Congressional bills</identifier>
    <identifier type="Child ILS title">House joint resolutions</identifier>
    <identifier type="former package identifier">f:hj43_ih.txt</identifier>
    <location>
         <url displayLabel="Content Detail" access="object in context">https://www.govinfo.gov/app/details/BILLS-118hjres43ih</url>
         <url displayLabel="HTML rendition" access="raw object">https://www.govinfo.gov/content/pkg/BILLS-118hjres43ih/html/BILLS-118hjres43ih.htm</url>
         <url displayLabel="PDF rendition" access="raw object">https://www.govinfo.gov/content/pkg/BILLS-118hjres43ih/pdf/BILLS-118hjres43ih.pdf</url>
         <url displayLabel="XML rendition" access="raw object">https://www.govinfo.gov/content/pkg/BILLS-118hjres43ih/xml/BILLS-118hjres43ih.xml</url>
    </location>
    <accessCondition type="GPO scope determination">fdlp</accessCondition>
    <recordInfo>
         <recordContentSource authority="marcorg">DGPO</recordContentSource>
         <recordCreationDate encoding="w3cdtf">2023-03-15</recordCreationDate>
         <recordChangeDate encoding="w3cdtf">2023-03-15</recordChangeDate>
         <recordIdentifier source="DGPO">BILLS-118hjres43ih</recordIdentifier>
         <recordOrigin>machine generated</recordOrigin>
         <languageOfCataloging>
              <languageTerm type="code" authority="iso639-2b">eng</languageTerm>
        </languageOfCataloging>
    </recordInfo>
    <name type="personal">
         <namePart>Jill N. Tokuda</namePart>
         <affiliation>United States House of Representatives</affiliation>
         <role>
              <roleTerm authority="marcrelator" type="text">sponsor</roleTerm>
              <roleTerm authority="marcrelator" type="code">spn</roleTerm>
        </role>
         <description>United States Congress Member</description>
    </name>
    <name type="corporate">
         <namePart>United States</namePart>
         <namePart>Congress</namePart>
         <namePart>House of Representatives</namePart>
         <namePart>Committee on Natural Resources</namePart>
         <role>
              <roleTerm authority="marcrelator" type="text">associated name</roleTerm>
              <roleTerm authority="marcrelator" type="code">asn</roleTerm>
        </role>
    </name>
    <relatedItem type="isReferencedBy">
         <titleInfo>
              <title>United States Statutes at Large</title>
              <partNumber>Volume 73 Page 4</partNumber>
        </titleInfo>
         <identifier type="Statute citation">73 Stat. 4</identifier>
    </relatedItem>
    <extension>
         <docClass>hjres</docClass>
         <accessId>BILLS-118hjres43ih</accessId>
         <congress>118</congress>
         <session>1</session>
         <originChamber>HOUSE</originChamber>
         <currentChamber>HOUSE</currentChamber>
         <billNumber>43</billNumber>
         <billVersion reprint="false">ih</billVersion>
         <fileSuffix>ih</fileSuffix>
         <shortTitle type="measure">Prince Jonah Kūhiō Kalaniana‘ole Protecting Family Legacies Act</shortTitle>
         <officialTitle>To consent to the amendments to the Hawaiian Homes Commission Act, 1920, made by Act 080 of the Session Laws of Hawaii, 2017.</officialTitle>
         <action date="2023-03-14">Ms. Tokuda submitted the following joint resolution; which was referred to the Committee on Natural Resources</action>
         <congCommittee authorityId="hsii00" chamber="H" congress="118" type="S">
                                
              <name type="authority-standard">Committee on Natural Resources</name>
                                
              <name type="authority-short">Natural Resources</name>
                            
        </congCommittee>
         <congMember bioGuideId="T000487" chamber="H" congress="118" party="D" role="SPONSOR" state="HI">
                                
              <name type="parsed">Ms. Tokuda</name>
                                
              <name type="authority-fnf">Jill N. Tokuda</name>
                                
              <name type="authority-lnf">Tokuda, Jill N.</name>
                                
              <name type="authority-other">Jill Tokuda</name>
                            
        </congMember>
         <isPrivate>false</isPrivate>
         <isAppropriation>false</isAppropriation>
         <statuteAtLarge volume="73">
                                
              <pages pages="4"></pages>
                            
        </statuteAtLarge>
    </extension>
</mods>