<mods xmlns:xlink="http://www.w3.org/1999/xlink" xmlns:xsi="http://www.w3.org/2001/XMLSchema-instance" xmlns="http://www.loc.gov/mods/v3" version="3.3" xsi:schemaLocation="http://www.loc.gov/mods/v3 http://www.loc.gov/standards/mods/v3/mods-3-3.xsd" ID="P0b002ee1bd7be1b9">
    <name type="corporate">
         <namePart>United States Government Publishing Office</namePart>
         <role>
              <roleTerm authority="marcrelator" type="text">publisher</roleTerm>
              <roleTerm authority="marcrelator" type="code">pbl</roleTerm>
        </role>
         <role>
              <roleTerm authority="marcrelator" type="text">distributor</roleTerm>
              <roleTerm authority="marcrelator" type="code">dst</roleTerm>
        </role>
    </name>
    <name type="corporate">
         <namePart>United States</namePart>
         <namePart>Congress</namePart>
         <namePart>House of Representatives</namePart>
         <role>
              <roleTerm authority="marcrelator" type="text">author</roleTerm>
              <roleTerm authority="marcrelator" type="code">aut</roleTerm>
        </role>
         <description>Government Organization</description>
    </name>
    <typeOfResource>text</typeOfResource>
    <genre authority="marcgt">government publication</genre>
    <language>
         <languageTerm type="code" authority="iso639-2b">eng</languageTerm>
    </language>
    <extension>
         <collectionCode>BILLS</collectionCode>
         <searchTitle>Proposing an amendment to the Constitution of the United States providing that the Senate is made more representative by adding twelve Senators to be elected nationwide through ranked choice voting, and providing for twelve Electors at-large for President and Vice President, who shall cast their ballots for the respective winners of the national popular vote.;H.J. Res. 23 (IH)
    </searchTitle>
         <category>Bills and Statutes</category>
         <waisDatabaseName>118_cong_bills</waisDatabaseName>
         <branch>legislative</branch>
         <dateIngested>2023-04-18</dateIngested>
    </extension>
    <titleInfo>
         <title>Proposing an amendment to the Constitution of the United States providing that the Senate is made more representative by adding twelve Senators to be elected nationwide through ranked choice voting, and providing for twelve Electors at-large for President and Vice President, who shall cast their ballots for the respective winners of the national popular vote.</title>
    </titleInfo>
    <titleInfo type="alternative">
         <title>H.J. Res. 23 (IH)
    </title>
    </titleInfo>
    <originInfo>
         <publisher>U.S. Government Publishing Office</publisher>
         <dateIssued encoding="w3cdtf">2023-01-31</dateIssued>
         <issuance>monographic</issuance>
    </originInfo>
    <physicalDescription>
         <note type="source content type">deposited</note>
         <digitalOrigin>born digital</digitalOrigin>
         <extent>5 p.</extent>
    </physicalDescription>
    <classification authority="sudocs">Y 1.6:</classification>
    <classification authority="sudocs">Y 1.4/8:</classification>
    <identifier type="local">P0b002ee1bd7be1b9</identifier>
    <identifier type="uri">https://www.govinfo.gov/app/details/BILLS-118hjres23ih</identifier>
    <identifier type="preferred citation">H.J. Res. 23</identifier>
    <identifier type="stock number">021-610-00252-9</identifier>
    <identifier type="Parent ILS system id">000501532</identifier>
    <identifier type="Child ILS system id">000325570</identifier>
    <identifier type="Parent ILS title">Congressional bills</identifier>
    <identifier type="Child ILS title">House joint resolutions</identifier>
    <identifier type="former package identifier">f:hj23_ih.txt</identifier>
    <location>
         <url displayLabel="Content Detail" access="object in context">https://www.govinfo.gov/app/details/BILLS-118hjres23ih</url>
         <url displayLabel="HTML rendition" access="raw object">https://www.govinfo.gov/content/pkg/BILLS-118hjres23ih/html/BILLS-118hjres23ih.htm</url>
         <url displayLabel="PDF rendition" access="raw object">https://www.govinfo.gov/content/pkg/BILLS-118hjres23ih/pdf/BILLS-118hjres23ih.pdf</url>
         <url displayLabel="XML rendition" access="raw object">https://www.govinfo.gov/content/pkg/BILLS-118hjres23ih/xml/BILLS-118hjres23ih.xml</url>
    </location>
    <accessCondition type="GPO scope determination">fdlp</accessCondition>
    <recordInfo>
         <recordContentSource authority="marcorg">DGPO</recordContentSource>
         <recordCreationDate encoding="w3cdtf">2023-04-18</recordCreationDate>
         <recordChangeDate encoding="w3cdtf">2023-04-18</recordChangeDate>
         <recordIdentifier source="DGPO">BILLS-118hjres23ih</recordIdentifier>
         <recordOrigin>machine generated</recordOrigin>
         <languageOfCataloging>
              <languageTerm type="code" authority="iso639-2b">eng</languageTerm>
        </languageOfCataloging>
    </recordInfo>
    <name type="personal">
         <namePart>Sean Casten</namePart>
         <affiliation>United States House of Representatives</affiliation>
         <role>
              <roleTerm authority="marcrelator" type="text">sponsor</roleTerm>
              <roleTerm authority="marcrelator" type="code">spn</roleTerm>
        </role>
         <description>United States Congress Member</description>
    </name>
    <name type="personal">
         <namePart>Earl Blumenauer</namePart>
         <affiliation>United States House of Representatives</affiliation>
         <role>
              <roleTerm type="text">cosponsor</roleTerm>
        </role>
         <description>United States Congress Member</description>
    </name>
    <name type="corporate">
         <namePart>United States</namePart>
         <namePart>Congress</namePart>
         <namePart>House of Representatives</namePart>
         <namePart>Committee on the Judiciary</namePart>
         <role>
              <roleTerm authority="marcrelator" type="text">associated name</roleTerm>
              <roleTerm authority="marcrelator" type="code">asn</roleTerm>
        </role>
    </name>
    <extension>
         <docClass>hjres</docClass>
         <accessId>BILLS-118hjres23ih</accessId>
         <congress>118</congress>
         <session>1</session>
         <originChamber>HOUSE</originChamber>
         <currentChamber>HOUSE</currentChamber>
         <billNumber>23</billNumber>
         <billVersion reprint="false">ih</billVersion>
         <fileSuffix>ih</fileSuffix>
         <officialTitle>Proposing an amendment to the Constitution of the United States providing that the Senate is made more representative by adding twelve Senators to be elected nationwide through ranked choice voting, and providing for twelve Electors at-large for President and Vice President, who shall cast their ballots for the respective winners of the national popular vote.</officialTitle>
         <action date="2023-01-31">Mr. Casten (for himself and Mr. Blumenauer) submitted the following joint resolution; which was referred to the Committee on the Judiciary</action>
         <congCommittee authorityId="hsju00" chamber="H" congress="118" type="S">
                                
              <name type="authority-standard">Committee on the Judiciary</name>
                                
              <name type="authority-short">Judiciary</name>
                            
        </congCommittee>
         <congMember bioGuideId="C001117" chamber="H" congress="118" party="D" role="SPONSOR" state="IL">
                                
              <name type="parsed">Mr. Casten</name>
                                
              <name type="authority-fnf">Sean Casten</name>
                                
              <name type="authority-lnf">Casten, Sean</name>
                            
        </congMember>
         <congMember bioGuideId="B000574" chamber="H" congress="118" party="D" role="COSPONSOR" state="OR">
                                
              <name type="parsed">Mr. Blumenauer</name>
                                
              <name type="authority-fnf">Earl Blumenauer</name>
                                
              <name type="authority-lnf">Blumenauer, Earl</name>
                            
        </congMember>
         <isPrivate>false</isPrivate>
         <isAppropriation>false</isAppropriation>
    </extension>
</mods>