<?xml version="1.0"?>
<?xml-stylesheet type="text/xsl" href="billres.xsl"?>
<!DOCTYPE resolution PUBLIC "-//US Congress//DTDs/res.dtd//EN" "res.dtd">
<resolution resolution-stage="Introduced-in-House" dms-id="HC1B3E11A95234EA683D427EE064126B9" public-private="public" resolution-type="house-joint" star-print="no-star-print" key="H"><metadata xmlns:dc="http://purl.org/dc/elements/1.1/">
<dublinCore>
<dc:title>118 HJ 129 IH: Providing for congressional disapproval under chapter 8 of title 5, United States Code, of the rule submitted by the Departments of Labor, the Treasury, and Health and Human Services relating to “Short-Term, Limited-Duration Insurance and Independent, Noncoordinated Excepted Benefits Coverage”.</dc:title>
<dc:publisher>U.S. House of Representatives</dc:publisher>
<dc:date>2024-04-18</dc:date>
<dc:format>text/xml</dc:format>
<dc:language>EN</dc:language>
<dc:rights>Pursuant to Title 17 Section 105 of the United States Code, this file is not subject to copyright protection and is in the public domain.</dc:rights>
</dublinCore>
</metadata>
<form>
<distribution-code display="yes">IA</distribution-code><congress display="yes">118th CONGRESS</congress><session display="yes">2d Session</session><legis-num display="yes">H. J. RES. 129</legis-num><current-chamber>IN THE HOUSE OF REPRESENTATIVES</current-chamber><action display="yes"><action-date date="20240418">April 18, 2024</action-date><action-desc><sponsor name-id="S001224">Mr. Self</sponsor> (for himself, <cosponsor name-id="R000614">Mr. Roy</cosponsor>, <cosponsor name-id="H001086">Mrs. Harshbarger</cosponsor>, <cosponsor name-id="C001120">Mr. Crenshaw</cosponsor>, <cosponsor name-id="T000165">Mr. Tiffany</cosponsor>, <cosponsor name-id="B001317">Mr. Brecheen</cosponsor>, and <cosponsor name-id="O000175">Mr. Ogles</cosponsor>) submitted the following joint resolution; which was referred to the <committee-name committee-id="HIF00">Committee on Energy and Commerce</committee-name>, and in addition to the Committees on <committee-name committee-id="HED00">Education and the Workforce</committee-name>, and <committee-name committee-id="HWM00">Ways and Means</committee-name>, for a period to be subsequently determined by the Speaker, in each case for consideration of such provisions as fall within the jurisdiction of the committee concerned</action-desc></action><legis-type>JOINT RESOLUTION</legis-type><official-title display="yes">Providing for congressional disapproval under <external-xref legal-doc="usc-chapter" parsable-cite="usc-chapter/5/8">chapter 8</external-xref> of title 5, United States Code, of the rule submitted by the Departments of Labor, the Treasury, and Health and Human Services relating to <quote>Short-Term, Limited-Duration Insurance and Independent, Noncoordinated Excepted Benefits Coverage</quote>.</official-title></form><resolution-body style="traditional" id="HF35E43A76E8146A6BB55BA8C1103E282"> 
<section display-inline="yes-display-inline" section-type="undesignated-section" id="H93483B4D222445B89426789C3F96148F"><text display-inline="yes-display-inline">That Congress disapproves the rule submitted by the Departments of Labor, the Treasury, and Health and Human Services relating to <quote>Short-Term, Limited-Duration Insurance and Independent, Noncoordinated Excepted Benefits Coverage</quote> (89 Fed. Reg. 23338 (April 3, 2024)), and such rule shall have no force or effect. </text></section> </resolution-body></resolution> 

