<mods xmlns:xlink="http://www.w3.org/1999/xlink" xmlns:xsi="http://www.w3.org/2001/XMLSchema-instance" xmlns="http://www.loc.gov/mods/v3" version="3.3" xsi:schemaLocation="http://www.loc.gov/mods/v3 http://www.loc.gov/standards/mods/v3/mods-3-3.xsd" ID="P0b002ee1c1b714bc">
    <name type="corporate">
         <namePart>United States Government Publishing Office</namePart>
         <role>
              <roleTerm authority="marcrelator" type="text">publisher</roleTerm>
              <roleTerm authority="marcrelator" type="code">pbl</roleTerm>
        </role>
         <role>
              <roleTerm authority="marcrelator" type="text">distributor</roleTerm>
              <roleTerm authority="marcrelator" type="code">dst</roleTerm>
        </role>
    </name>
    <name type="corporate">
         <namePart>United States</namePart>
         <namePart>Congress</namePart>
         <namePart>House of Representatives</namePart>
         <role>
              <roleTerm authority="marcrelator" type="text">author</roleTerm>
              <roleTerm authority="marcrelator" type="code">aut</roleTerm>
        </role>
         <description>Government Organization</description>
    </name>
    <typeOfResource>text</typeOfResource>
    <genre authority="marcgt">government publication</genre>
    <language>
         <languageTerm type="code" authority="iso639-2b">eng</languageTerm>
    </language>
    <extension>
         <collectionCode>BILLS</collectionCode>
         <searchTitle>Providing for congressional disapproval under chapter 8 of title 5, United States Code, of the rule submitted by the Department of Education relating to Improving Income Driven Repayment for the William D. Ford Federal Direct Loan Program and the Federal Family Education Loan (FFEL) Program.;H.J. Res. 88 (RH)
    </searchTitle>
         <category>Bills and Statutes</category>
         <waisDatabaseName>118_cong_bills</waisDatabaseName>
         <branch>legislative</branch>
         <dateIngested>2023-10-26</dateIngested>
    </extension>
    <titleInfo>
         <title>Providing for congressional disapproval under chapter 8 of title 5, United States Code, of the rule submitted by the Department of Education relating to Improving Income Driven Repayment for the William D. Ford Federal Direct Loan Program and the Federal Family Education Loan (FFEL) Program.</title>
    </titleInfo>
    <titleInfo type="alternative">
         <title>H.J. Res. 88 (RH)
    </title>
    </titleInfo>
    <originInfo>
         <publisher>U.S. Government Publishing Office</publisher>
         <dateIssued encoding="w3cdtf">2023-10-25</dateIssued>
         <issuance>monographic</issuance>
    </originInfo>
    <physicalDescription>
         <note type="source content type">deposited</note>
         <digitalOrigin>born digital</digitalOrigin>
         <extent>4 p.</extent>
    </physicalDescription>
    <classification authority="sudocs">Y 1.6:</classification>
    <classification authority="sudocs">Y 1.4/8:</classification>
    <identifier type="local">P0b002ee1c1b714bc</identifier>
    <identifier type="uri">https://www.govinfo.gov/app/details/BILLS-118hjres88rh</identifier>
    <identifier type="preferred citation">H.J. Res. 88</identifier>
    <identifier type="stock number">021-610-00252-9</identifier>
    <identifier type="Parent ILS system id">000501532</identifier>
    <identifier type="Child ILS system id">000325570</identifier>
    <identifier type="Parent ILS title">Congressional bills</identifier>
    <identifier type="Child ILS title">House joint resolutions</identifier>
    <identifier type="former package identifier">f:hj88_rh.txt</identifier>
    <location>
         <url displayLabel="Content Detail" access="object in context">https://www.govinfo.gov/app/details/BILLS-118hjres88rh</url>
         <url displayLabel="HTML rendition" access="raw object">https://www.govinfo.gov/content/pkg/BILLS-118hjres88rh/html/BILLS-118hjres88rh.htm</url>
         <url displayLabel="PDF rendition" access="raw object">https://www.govinfo.gov/content/pkg/BILLS-118hjres88rh/pdf/BILLS-118hjres88rh.pdf</url>
         <url displayLabel="XML rendition" access="raw object">https://www.govinfo.gov/content/pkg/BILLS-118hjres88rh/xml/BILLS-118hjres88rh.xml</url>
    </location>
    <accessCondition type="GPO scope determination">fdlp</accessCondition>
    <recordInfo>
         <recordContentSource authority="marcorg">DGPO</recordContentSource>
         <recordCreationDate encoding="w3cdtf">2023-10-26</recordCreationDate>
         <recordChangeDate encoding="w3cdtf">2023-10-26</recordChangeDate>
         <recordIdentifier source="DGPO">BILLS-118hjres88rh</recordIdentifier>
         <recordOrigin>machine generated</recordOrigin>
         <languageOfCataloging>
              <languageTerm type="code" authority="iso639-2b">eng</languageTerm>
        </languageOfCataloging>
    </recordInfo>
    <name type="personal">
         <namePart>Lisa C. McClain</namePart>
         <affiliation>United States House of Representatives</affiliation>
         <role>
              <roleTerm authority="marcrelator" type="text">sponsor</roleTerm>
              <roleTerm authority="marcrelator" type="code">spn</roleTerm>
        </role>
         <description>United States Congress Member</description>
    </name>
    <name type="personal">
         <namePart>Virginia Foxx</namePart>
         <affiliation>United States House of Representatives</affiliation>
         <role>
              <roleTerm type="text">cosponsor</roleTerm>
        </role>
         <description>United States Congress Member</description>
    </name>
    <name type="personal">
         <namePart>David P. Joyce</namePart>
         <affiliation>United States House of Representatives</affiliation>
         <role>
              <roleTerm type="text">cosponsor</roleTerm>
        </role>
         <description>United States Congress Member</description>
    </name>
    <name type="personal">
         <namePart>Jeff Duncan</namePart>
         <affiliation>United States House of Representatives</affiliation>
         <role>
              <roleTerm type="text">cosponsor</roleTerm>
        </role>
         <description>United States Congress Member</description>
    </name>
    <name type="personal">
         <namePart>Pete Sessions</namePart>
         <affiliation>United States House of Representatives</affiliation>
         <role>
              <roleTerm type="text">cosponsor</roleTerm>
        </role>
         <description>United States Congress Member</description>
    </name>
    <name type="personal">
         <namePart>Cory Mills</namePart>
         <affiliation>United States House of Representatives</affiliation>
         <role>
              <roleTerm type="text">cosponsor</roleTerm>
        </role>
         <description>United States Congress Member</description>
    </name>
    <name type="personal">
         <namePart>Mike Ezell</namePart>
         <affiliation>United States House of Representatives</affiliation>
         <role>
              <roleTerm type="text">cosponsor</roleTerm>
        </role>
         <description>United States Congress Member</description>
    </name>
    <name type="personal">
         <namePart>John H. Rutherford</namePart>
         <affiliation>United States House of Representatives</affiliation>
         <role>
              <roleTerm type="text">cosponsor</roleTerm>
        </role>
         <description>United States Congress Member</description>
    </name>
    <name type="personal">
         <namePart>Mike Bost</namePart>
         <affiliation>United States House of Representatives</affiliation>
         <role>
              <roleTerm type="text">cosponsor</roleTerm>
        </role>
         <description>United States Congress Member</description>
    </name>
    <name type="personal">
         <namePart>Nicholas A. Langworthy</namePart>
         <affiliation>United States House of Representatives</affiliation>
         <role>
              <roleTerm type="text">cosponsor</roleTerm>
        </role>
         <description>United States Congress Member</description>
    </name>
    <name type="personal">
         <namePart>Roger Williams</namePart>
         <affiliation>United States House of Representatives</affiliation>
         <role>
              <roleTerm type="text">cosponsor</roleTerm>
        </role>
         <description>United States Congress Member</description>
    </name>
    <name type="personal">
         <namePart>Neal P. Dunn</namePart>
         <affiliation>United States House of Representatives</affiliation>
         <role>
              <roleTerm type="text">cosponsor</roleTerm>
        </role>
         <description>United States Congress Member</description>
    </name>
    <name type="personal">
         <namePart>Dan Crenshaw</namePart>
         <affiliation>United States House of Representatives</affiliation>
         <role>
              <roleTerm type="text">cosponsor</roleTerm>
        </role>
         <description>United States Congress Member</description>
    </name>
    <name type="personal">
         <namePart>Aaron Bean</namePart>
         <affiliation>United States House of Representatives</affiliation>
         <role>
              <roleTerm type="text">cosponsor</roleTerm>
        </role>
         <description>United States Congress Member</description>
    </name>
    <name type="personal">
         <namePart>Mary E. Miller</namePart>
         <affiliation>United States House of Representatives</affiliation>
         <role>
              <roleTerm type="text">cosponsor</roleTerm>
        </role>
         <description>United States Congress Member</description>
    </name>
    <name type="personal">
         <namePart>Jim Banks</namePart>
         <affiliation>United States House of Representatives</affiliation>
         <role>
              <roleTerm type="text">cosponsor</roleTerm>
        </role>
         <description>United States Congress Member</description>
    </name>
    <name type="personal">
         <namePart>Michael C. Burgess</namePart>
         <affiliation>United States House of Representatives</affiliation>
         <role>
              <roleTerm type="text">cosponsor</roleTerm>
        </role>
         <description>United States Congress Member</description>
    </name>
    <name type="personal">
         <namePart>Scott DesJarlais</namePart>
         <affiliation>United States House of Representatives</affiliation>
         <role>
              <roleTerm type="text">cosponsor</roleTerm>
        </role>
         <description>United States Congress Member</description>
    </name>
    <name type="personal">
         <namePart>Ashley Hinson</namePart>
         <affiliation>United States House of Representatives</affiliation>
         <role>
              <roleTerm type="text">cosponsor</roleTerm>
        </role>
         <description>United States Congress Member</description>
    </name>
    <name type="personal">
         <namePart>Glenn Grothman</namePart>
         <affiliation>United States House of Representatives</affiliation>
         <role>
              <roleTerm type="text">cosponsor</roleTerm>
        </role>
         <description>United States Congress Member</description>
    </name>
    <name type="personal">
         <namePart>Joe Wilson</namePart>
         <affiliation>United States House of Representatives</affiliation>
         <role>
              <roleTerm type="text">cosponsor</roleTerm>
        </role>
         <description>United States Congress Member</description>
    </name>
    <name type="personal">
         <namePart>Elise M. Stefanik</namePart>
         <affiliation>United States House of Representatives</affiliation>
         <role>
              <roleTerm type="text">cosponsor</roleTerm>
        </role>
         <description>United States Congress Member</description>
    </name>
    <name type="personal">
         <namePart>Glenn Thompson</namePart>
         <affiliation>United States House of Representatives</affiliation>
         <role>
              <roleTerm type="text">cosponsor</roleTerm>
        </role>
         <description>United States Congress Member</description>
    </name>
    <name type="personal">
         <namePart>Rick W. Allen</namePart>
         <affiliation>United States House of Representatives</affiliation>
         <role>
              <roleTerm type="text">cosponsor</roleTerm>
        </role>
         <description>United States Congress Member</description>
    </name>
    <name type="personal">
         <namePart>Guy Reschenthaler</namePart>
         <affiliation>United States House of Representatives</affiliation>
         <role>
              <roleTerm type="text">cosponsor</roleTerm>
        </role>
         <description>United States Congress Member</description>
    </name>
    <name type="personal">
         <namePart>Lloyd Smucker</namePart>
         <affiliation>United States House of Representatives</affiliation>
         <role>
              <roleTerm type="text">cosponsor</roleTerm>
        </role>
         <description>United States Congress Member</description>
    </name>
    <name type="personal">
         <namePart>Keith Self</namePart>
         <affiliation>United States House of Representatives</affiliation>
         <role>
              <roleTerm type="text">cosponsor</roleTerm>
        </role>
         <description>United States Congress Member</description>
    </name>
    <name type="personal">
         <namePart>Beth Van Duyne</namePart>
         <affiliation>United States House of Representatives</affiliation>
         <role>
              <roleTerm type="text">cosponsor</roleTerm>
        </role>
         <description>United States Congress Member</description>
    </name>
    <name type="personal">
         <namePart>Claudia Tenney</namePart>
         <affiliation>United States House of Representatives</affiliation>
         <role>
              <roleTerm type="text">cosponsor</roleTerm>
        </role>
         <description>United States Congress Member</description>
    </name>
    <name type="personal">
         <namePart>George Santos</namePart>
         <affiliation>United States House of Representatives</affiliation>
         <role>
              <roleTerm type="text">cosponsor</roleTerm>
        </role>
         <description>United States Congress Member</description>
    </name>
    <name type="personal">
         <namePart>Chuck Edwards</namePart>
         <affiliation>United States House of Representatives</affiliation>
         <role>
              <roleTerm type="text">cosponsor</roleTerm>
        </role>
         <description>United States Congress Member</description>
    </name>
    <name type="personal">
         <namePart>Bruce Westerman</namePart>
         <affiliation>United States House of Representatives</affiliation>
         <role>
              <roleTerm type="text">cosponsor</roleTerm>
        </role>
         <description>United States Congress Member</description>
    </name>
    <name type="personal">
         <namePart>Randy K. Weber, Sr.</namePart>
         <affiliation>United States House of Representatives</affiliation>
         <role>
              <roleTerm type="text">cosponsor</roleTerm>
        </role>
         <description>United States Congress Member</description>
    </name>
    <name type="personal">
         <namePart>Burgess Owens</namePart>
         <affiliation>United States House of Representatives</affiliation>
         <role>
              <roleTerm type="text">cosponsor</roleTerm>
        </role>
         <description>United States Congress Member</description>
    </name>
    <name type="personal">
         <namePart>Matthew M. Rosendale Sr.</namePart>
         <affiliation>United States House of Representatives</affiliation>
         <role>
              <roleTerm type="text">cosponsor</roleTerm>
        </role>
         <description>United States Congress Member</description>
    </name>
    <name type="personal">
         <namePart>Richard McCormick</namePart>
         <affiliation>United States House of Representatives</affiliation>
         <role>
              <roleTerm type="text">cosponsor</roleTerm>
        </role>
         <description>United States Congress Member</description>
    </name>
    <name type="personal">
         <namePart>Robert J. Wittman</namePart>
         <affiliation>United States House of Representatives</affiliation>
         <role>
              <roleTerm type="text">cosponsor</roleTerm>
        </role>
         <description>United States Congress Member</description>
    </name>
    <name type="personal">
         <namePart>Julia Letlow</namePart>
         <affiliation>United States House of Representatives</affiliation>
         <role>
              <roleTerm type="text">cosponsor</roleTerm>
        </role>
         <description>United States Congress Member</description>
    </name>
    <name type="personal">
         <namePart>Andrew Ogles</namePart>
         <affiliation>United States House of Representatives</affiliation>
         <role>
              <roleTerm type="text">cosponsor</roleTerm>
        </role>
         <description>United States Congress Member</description>
    </name>
    <name type="personal">
         <namePart>Troy Balderson</namePart>
         <affiliation>United States House of Representatives</affiliation>
         <role>
              <roleTerm type="text">cosponsor</roleTerm>
        </role>
         <description>United States Congress Member</description>
    </name>
    <name type="personal">
         <namePart>Michael Guest</namePart>
         <affiliation>United States House of Representatives</affiliation>
         <role>
              <roleTerm type="text">cosponsor</roleTerm>
        </role>
         <description>United States Congress Member</description>
    </name>
    <name type="personal">
         <namePart>Nathaniel Moran</namePart>
         <affiliation>United States House of Representatives</affiliation>
         <role>
              <roleTerm type="text">cosponsor</roleTerm>
        </role>
         <description>United States Congress Member</description>
    </name>
    <name type="personal">
         <namePart>Blake D. Moore</namePart>
         <affiliation>United States House of Representatives</affiliation>
         <role>
              <roleTerm type="text">cosponsor</roleTerm>
        </role>
         <description>United States Congress Member</description>
    </name>
    <name type="personal">
         <namePart>Brian Babin</namePart>
         <affiliation>United States House of Representatives</affiliation>
         <role>
              <roleTerm type="text">cosponsor</roleTerm>
        </role>
         <description>United States Congress Member</description>
    </name>
    <name type="personal">
         <namePart>Bob Good</namePart>
         <affiliation>United States House of Representatives</affiliation>
         <role>
              <roleTerm type="text">cosponsor</roleTerm>
        </role>
         <description>United States Congress Member</description>
    </name>
    <name type="personal">
         <namePart>Mariannette Miller-Meeks</namePart>
         <affiliation>United States House of Representatives</affiliation>
         <role>
              <roleTerm type="text">cosponsor</roleTerm>
        </role>
         <description>United States Congress Member</description>
    </name>
    <name type="personal">
         <namePart>Erin Houchin</namePart>
         <affiliation>United States House of Representatives</affiliation>
         <role>
              <roleTerm type="text">cosponsor</roleTerm>
        </role>
         <description>United States Congress Member</description>
    </name>
    <name type="personal">
         <namePart>Rudy Yakym III</namePart>
         <affiliation>United States House of Representatives</affiliation>
         <role>
              <roleTerm type="text">cosponsor</roleTerm>
        </role>
         <description>United States Congress Member</description>
    </name>
    <name type="personal">
         <namePart>Harriet M. Hageman</namePart>
         <affiliation>United States House of Representatives</affiliation>
         <role>
              <roleTerm type="text">cosponsor</roleTerm>
        </role>
         <description>United States Congress Member</description>
    </name>
    <name type="personal">
         <namePart>Steve Womack</namePart>
         <affiliation>United States House of Representatives</affiliation>
         <role>
              <roleTerm type="text">cosponsor</roleTerm>
        </role>
         <description>United States Congress Member</description>
    </name>
    <name type="personal">
         <namePart>Barry Loudermilk</namePart>
         <affiliation>United States House of Representatives</affiliation>
         <role>
              <roleTerm type="text">cosponsor</roleTerm>
        </role>
         <description>United States Congress Member</description>
    </name>
    <name type="personal">
         <namePart>James R. Baird</namePart>
         <affiliation>United States House of Representatives</affiliation>
         <role>
              <roleTerm type="text">cosponsor</roleTerm>
        </role>
         <description>United States Congress Member</description>
    </name>
    <name type="personal">
         <namePart>Mike Flood</namePart>
         <affiliation>United States House of Representatives</affiliation>
         <role>
              <roleTerm type="text">cosponsor</roleTerm>
        </role>
         <description>United States Congress Member</description>
    </name>
    <name type="corporate">
         <namePart>United States</namePart>
         <namePart>Congress</namePart>
         <namePart>House of Representatives</namePart>
         <namePart>Committee on Education and the Workforce</namePart>
         <role>
              <roleTerm authority="marcrelator" type="text">associated name</roleTerm>
              <roleTerm authority="marcrelator" type="code">asn</roleTerm>
        </role>
    </name>
    <relatedItem type="isReferencedBy">
         <titleInfo>
              <title>United States Code</title>
              <partNumber>Title 5 Chapter 8</partNumber>
        </titleInfo>
         <identifier type="USC citation">5 U.S.C. Chapter 8</identifier>
    </relatedItem>
    <relatedItem type="isReferencedBy">
         <titleInfo>
              <title>United States House Report 253 (118th Congress)</title>
        </titleInfo>
         <identifier type="congressional report citation">H. Rept. 118-253</identifier>
    </relatedItem>
    <relatedItem type="isReferencedBy">
         <titleInfo>
              <title>United States Union Calendar No. 203</title>
        </titleInfo>
         <identifier type="congressional calendar citation">Union Calendar No. 203</identifier>
    </relatedItem>
    <extension>
         <docClass>hjres</docClass>
         <accessId>BILLS-118hjres88rh</accessId>
         <congress>118</congress>
         <session>1</session>
         <originChamber>HOUSE</originChamber>
         <currentChamber>HOUSE</currentChamber>
         <billNumber>88</billNumber>
         <billVersion reprint="false">rh</billVersion>
         <fileSuffix>rh</fileSuffix>
         <officialTitle>Providing for congressional disapproval under chapter 8 of title 5, United States Code, of the rule submitted by the Department of Education relating to Improving Income Driven Repayment for the William D. Ford Federal Direct Loan Program and the Federal Family Education Loan (FFEL) Program.</officialTitle>
         <action date="2023-10-25">Additional sponsors: Ms. Letlow, Mr. Ogles, Mr. Balderson, Mr. Guest, Mr. Moran, Mr. Moore of Utah, Mr. Babin, Mr. Good of Virginia, Mrs. Miller-Meeks, Mrs. Houchin, Mr. Yakym, Ms. Hageman, Mr. Womack, Mr. Loudermilk, Mr. Baird, and Mr. Flood</action>
         <action date="2023-10-25">Committed to the Committee of the Whole House on the State of the Union and ordered to be printed</action>
         <action date="2023-09-05">Mrs. McClain (for herself, Ms. Foxx, Mr. Joyce of Ohio, Mr. Duncan, Mr. Sessions, Mr. Mills, Mr. Ezell, Mr. Rutherford, Mr. Bost, Mr. Langworthy, Mr. Williams of Texas, Mr. Dunn of Florida, Mr. Crenshaw, Mr. Bean of Florida, Mrs. Miller of Illinois, Mr. Banks, Mr. Burgess, Mr. DesJarlais, Mrs. Hinson, Mr. Grothman, Mr. Wilson of South Carolina, Ms. Stefanik, Mr. Thompson of Pennsylvania, Mr. Allen, Mr. Reschenthaler, Mr. Smucker, Mr. Self, Ms. Van Duyne, Ms. Tenney, Mr. Santos, Mr. Edwards, Mr. Westerman, Mr. Weber of Texas, Mr. Owens, Mr. Rosendale, Mr. McCormick, and Mr. Wittman) submitted the following joint resolution; which was referred to the Committee on Education and the Workforce</action>
         <congCommittee authorityId="hsed00" chamber="H" congress="118" type="S">
                                
              <name type="authority-standard">Committee on Education and the Workforce</name>
                                
              <name type="authority-short">Education and the Workforce</name>
                            
        </congCommittee>
         <congMember bioGuideId="M001136" chamber="H" congress="118" party="R" role="SPONSOR" state="MI">
                                
              <name type="parsed">Mrs. McClain</name>
                                
              <name type="authority-fnf">Lisa C. McClain</name>
                                
              <name type="authority-lnf">McClain, Lisa C.</name>
                                
              <name type="authority-other">Mrs. Lisa Mcclain</name>
                            
        </congMember>
         <congMember bioGuideId="F000450" chamber="H" congress="118" party="R" role="COSPONSOR" state="NC">
                                
              <name type="parsed">Ms. Foxx</name>
                                
              <name type="authority-fnf">Virginia Foxx</name>
                                
              <name type="authority-lnf">Foxx, Virginia</name>
                            
        </congMember>
         <congMember bioGuideId="J000295" chamber="H" congress="118" party="R" role="COSPONSOR" state="OH">
                                
              <name type="parsed">Mr. Joyce of Ohio</name>
                                
              <name type="authority-fnf">David P. Joyce</name>
                                
              <name type="authority-lnf">Joyce, David P.</name>
                                
              <name type="authority-other">Mr. David Joyce</name>
                            
        </congMember>
         <congMember bioGuideId="D000615" chamber="H" congress="118" party="R" role="COSPONSOR" state="SC">
                                
              <name type="parsed">Mr. Duncan</name>
                                
              <name type="authority-fnf">Jeff Duncan</name>
                                
              <name type="authority-lnf">Duncan, Jeff</name>
                            
        </congMember>
         <congMember bioGuideId="S000250" chamber="H" congress="118" party="R" role="COSPONSOR" state="TX">
                                
              <name type="parsed">Mr. Sessions</name>
                                
              <name type="authority-fnf">Pete Sessions</name>
                                
              <name type="authority-lnf">Sessions, Pete</name>
                            
        </congMember>
         <congMember bioGuideId="M001216" chamber="H" congress="118" party="R" role="COSPONSOR" state="FL">
                                
              <name type="parsed">Mr. Mills</name>
                                
              <name type="authority-fnf">Cory Mills</name>
                                
              <name type="authority-lnf">Mills, Cory</name>
                            
        </congMember>
         <congMember bioGuideId="E000235" chamber="H" congress="118" party="R" role="COSPONSOR" state="MS">
                                
              <name type="parsed">Mr. Ezell</name>
                                
              <name type="authority-fnf">Mike Ezell</name>
                                
              <name type="authority-lnf">Ezell, Mike</name>
                            
        </congMember>
         <congMember bioGuideId="R000609" chamber="H" congress="118" party="R" role="COSPONSOR" state="FL">
                                
              <name type="parsed">Mr. Rutherford</name>
                                
              <name type="authority-fnf">John H. Rutherford</name>
                                
              <name type="authority-lnf">Rutherford, John H.</name>
                                
              <name type="authority-other">Mr. John Rutherford</name>
                            
        </congMember>
         <congMember bioGuideId="B001295" chamber="H" congress="118" party="R" role="COSPONSOR" state="IL">
                                
              <name type="parsed">Mr. Bost</name>
                                
              <name type="authority-fnf">Mike Bost</name>
                                
              <name type="authority-lnf">Bost, Mike</name>
                            
        </congMember>
         <congMember bioGuideId="L000600" chamber="H" congress="118" party="R" role="COSPONSOR" state="NY">
                                
              <name type="parsed">Mr. Langworthy</name>
                                
              <name type="authority-fnf">Nicholas A. Langworthy</name>
                                
              <name type="authority-lnf">Langworthy, Nicholas A.</name>
                                
              <name type="authority-other">Nicholas Langworthy</name>
                            
        </congMember>
         <congMember bioGuideId="W000816" chamber="H" congress="118" party="R" role="COSPONSOR" state="TX">
                                
              <name type="parsed">Mr. Williams of Texas</name>
                                
              <name type="authority-fnf">Roger Williams</name>
                                
              <name type="authority-lnf">Williams, Roger</name>
                            
        </congMember>
         <congMember bioGuideId="D000628" chamber="H" congress="118" party="R" role="COSPONSOR" state="FL">
                                
              <name type="parsed">Mr. Dunn of Florida</name>
                                
              <name type="authority-fnf">Neal P. Dunn</name>
                                
              <name type="authority-lnf">Dunn, Neal P.</name>
                                
              <name type="authority-other">Mr. Neal Dunn</name>
                            
        </congMember>
         <congMember bioGuideId="C001120" chamber="H" congress="118" party="R" role="COSPONSOR" state="TX">
                                
              <name type="parsed">Mr. Crenshaw</name>
                                
              <name type="authority-fnf">Dan Crenshaw</name>
                                
              <name type="authority-lnf">Crenshaw, Dan</name>
                            
        </congMember>
         <congMember bioGuideId="B001314" chamber="H" congress="118" party="R" role="COSPONSOR" state="FL">
                                
              <name type="parsed">Mr. Bean of Florida</name>
                                
              <name type="authority-fnf">Aaron Bean</name>
                                
              <name type="authority-lnf">Bean, Aaron</name>
                            
        </congMember>
         <congMember bioGuideId="M001211" chamber="H" congress="118" party="R" role="COSPONSOR" state="IL">
                                
              <name type="parsed">Mrs. Miller of Illinois</name>
                                
              <name type="authority-fnf">Mary E. Miller</name>
                                
              <name type="authority-lnf">Miller, Mary E.</name>
                                
              <name type="authority-other">Mrs. Mary Miller</name>
                            
        </congMember>
         <congMember bioGuideId="B001299" chamber="H" congress="118" party="R" role="COSPONSOR" state="IN">
                                
              <name type="parsed">Mr. Banks</name>
                                
              <name type="authority-fnf">Jim Banks</name>
                                
              <name type="authority-lnf">Banks, Jim</name>
                            
        </congMember>
         <congMember bioGuideId="B001248" chamber="H" congress="118" party="R" role="COSPONSOR" state="TX">
                                
              <name type="parsed">Mr. Burgess</name>
                                
              <name type="authority-fnf">Michael C. Burgess</name>
                                
              <name type="authority-lnf">Burgess, Michael C.</name>
                                
              <name type="authority-other">Mr. Michael Burgess</name>
                            
        </congMember>
         <congMember bioGuideId="D000616" chamber="H" congress="118" party="R" role="COSPONSOR" state="TN">
                                
              <name type="parsed">Mr. DesJarlais</name>
                                
              <name type="authority-fnf">Scott DesJarlais</name>
                                
              <name type="authority-lnf">DesJarlais, Scott</name>
                            
        </congMember>
         <congMember bioGuideId="H001091" chamber="H" congress="118" party="R" role="COSPONSOR" state="IA">
                                
              <name type="parsed">Mrs. Hinson</name>
                                
              <name type="authority-fnf">Ashley Hinson</name>
                                
              <name type="authority-lnf">Hinson, Ashley</name>
                            
        </congMember>
         <congMember bioGuideId="G000576" chamber="H" congress="118" party="R" role="COSPONSOR" state="WI">
                                
              <name type="parsed">Mr. Grothman</name>
                                
              <name type="authority-fnf">Glenn Grothman</name>
                                
              <name type="authority-lnf">Grothman, Glenn</name>
                            
        </congMember>
         <congMember bioGuideId="W000795" chamber="H" congress="118" party="R" role="COSPONSOR" state="SC">
                                
              <name type="parsed">Mr. Wilson of South Carolina</name>
                                
              <name type="authority-fnf">Joe Wilson</name>
                                
              <name type="authority-lnf">Wilson, Joe</name>
                            
        </congMember>
         <congMember bioGuideId="S001196" chamber="H" congress="118" party="R" role="COSPONSOR" state="NY">
                                
              <name type="parsed">Ms. Stefanik</name>
                                
              <name type="authority-fnf">Elise M. Stefanik</name>
                                
              <name type="authority-lnf">Stefanik, Elise M.</name>
                                
              <name type="authority-other">Ms. Elise Stefanik</name>
                            
        </congMember>
         <congMember bioGuideId="T000467" chamber="H" congress="118" party="R" role="COSPONSOR" state="PA">
                                
              <name type="parsed">Mr. Thompson of Pennsylvania</name>
                                
              <name type="authority-fnf">Glenn Thompson</name>
                                
              <name type="authority-lnf">Thompson, Glenn</name>
                            
        </congMember>
         <congMember bioGuideId="A000372" chamber="H" congress="118" party="R" role="COSPONSOR" state="GA">
                                
              <name type="parsed">Mr. Allen</name>
                                
              <name type="authority-fnf">Rick W. Allen</name>
                                
              <name type="authority-lnf">Allen, Rick W.</name>
                                
              <name type="authority-other">Mr. Rick Allen</name>
                            
        </congMember>
         <congMember bioGuideId="R000610" chamber="H" congress="118" party="R" role="COSPONSOR" state="PA">
                                
              <name type="parsed">Mr. Reschenthaler</name>
                                
              <name type="authority-fnf">Guy Reschenthaler</name>
                                
              <name type="authority-lnf">Reschenthaler, Guy</name>
                            
        </congMember>
         <congMember bioGuideId="S001199" chamber="H" congress="118" party="R" role="COSPONSOR" state="PA">
                                
              <name type="parsed">Mr. Smucker</name>
                                
              <name type="authority-fnf">Lloyd Smucker</name>
                                
              <name type="authority-lnf">Smucker, Lloyd</name>
                            
        </congMember>
         <congMember bioGuideId="S001224" chamber="H" congress="118" party="R" role="COSPONSOR" state="TX">
                                
              <name type="parsed">Mr. Self</name>
                                
              <name type="authority-fnf">Keith Self</name>
                                
              <name type="authority-lnf">Self, Keith</name>
                            
        </congMember>
         <congMember bioGuideId="V000134" chamber="H" congress="118" party="R" role="COSPONSOR" state="TX">
                                
              <name type="parsed">Ms. Van Duyne</name>
                                
              <name type="authority-fnf">Beth Van Duyne</name>
                                
              <name type="authority-lnf">Van Duyne, Beth</name>
                            
        </congMember>
         <congMember bioGuideId="T000478" chamber="H" congress="118" party="R" role="COSPONSOR" state="NY">
                                
              <name type="parsed">Ms. Tenney</name>
                                
              <name type="authority-fnf">Claudia Tenney</name>
                                
              <name type="authority-lnf">Tenney, Claudia</name>
                            
        </congMember>
         <congMember bioGuideId="S001222" chamber="H" congress="118" party="R" role="COSPONSOR" state="NY">
                                
              <name type="parsed">Mr. Santos</name>
                                
              <name type="authority-fnf">George Santos</name>
                                
              <name type="authority-lnf">Santos, George</name>
                            
        </congMember>
         <congMember bioGuideId="E000246" chamber="H" congress="118" party="R" role="COSPONSOR" state="NC">
                                
              <name type="parsed">Mr. Edwards</name>
                                
              <name type="authority-fnf">Chuck Edwards</name>
                                
              <name type="authority-lnf">Edwards, Chuck</name>
                            
        </congMember>
         <congMember bioGuideId="W000821" chamber="H" congress="118" party="R" role="COSPONSOR" state="AR">
                                
              <name type="parsed">Mr. Westerman</name>
                                
              <name type="authority-fnf">Bruce Westerman</name>
                                
              <name type="authority-lnf">Westerman, Bruce</name>
                            
        </congMember>
         <congMember bioGuideId="W000814" chamber="H" congress="118" party="R" role="COSPONSOR" state="TX">
                                
              <name type="parsed">Mr. Weber of Texas</name>
                                
              <name type="authority-fnf">Randy K. Weber, Sr.</name>
                                
              <name type="authority-lnf">Weber, Randy K., Sr.</name>
                                
              <name type="authority-other">Mr. Randy Weber</name>
                            
        </congMember>
         <congMember bioGuideId="O000086" chamber="H" congress="118" party="R" role="COSPONSOR" state="UT">
                                
              <name type="parsed">Mr. Owens</name>
                                
              <name type="authority-fnf">Burgess Owens</name>
                                
              <name type="authority-lnf">Owens, Burgess</name>
                            
        </congMember>
         <congMember bioGuideId="R000103" chamber="H" congress="118" party="R" role="COSPONSOR" state="MT">
                                
              <name type="parsed">Mr. Rosendale</name>
                                
              <name type="authority-fnf">Matthew M. Rosendale Sr.</name>
                                
              <name type="authority-lnf">Rosendale Sr., Matthew M.</name>
                                
              <name type="authority-other">Mr. Matthew Rosendale Sr.</name>
                            
        </congMember>
         <congMember bioGuideId="M001218" chamber="H" congress="118" party="R" role="COSPONSOR" state="GA">
                                
              <name type="parsed">Mr. McCormick</name>
                                
              <name type="authority-fnf">Richard McCormick</name>
                                
              <name type="authority-lnf">McCormick, Richard</name>
                            
        </congMember>
         <congMember bioGuideId="W000804" chamber="H" congress="118" party="R" role="COSPONSOR" state="VA">
                                
              <name type="parsed">Mr. Wittman</name>
                                
              <name type="authority-fnf">Robert J. Wittman</name>
                                
              <name type="authority-lnf">Wittman, Robert J.</name>
                                
              <name type="authority-other">Mr. Robert Wittman</name>
                            
        </congMember>
         <congMember bioGuideId="L000595" chamber="H" congress="118" party="R" role="COSPONSOR" state="LA">
                                
              <name type="parsed">Ms. Letlow</name>
                                
              <name type="authority-fnf">Julia Letlow</name>
                                
              <name type="authority-lnf">Letlow, Julia</name>
                            
        </congMember>
         <congMember bioGuideId="O000175" chamber="H" congress="118" party="R" role="COSPONSOR" state="TN">
                                
              <name type="parsed">Mr. Ogles</name>
                                
              <name type="authority-fnf">Andrew Ogles</name>
                                
              <name type="authority-lnf">Ogles, Andrew</name>
                            
        </congMember>
         <congMember bioGuideId="B001306" chamber="H" congress="118" party="R" role="COSPONSOR" state="OH">
                                
              <name type="parsed">Mr. Balderson</name>
                                
              <name type="authority-fnf">Troy Balderson</name>
                                
              <name type="authority-lnf">Balderson, Troy</name>
                            
        </congMember>
         <congMember bioGuideId="G000591" chamber="H" congress="118" party="R" role="COSPONSOR" state="MS">
                                
              <name type="parsed">Mr. Guest</name>
                                
              <name type="authority-fnf">Michael Guest</name>
                                
              <name type="authority-lnf">Guest, Michael</name>
                            
        </congMember>
         <congMember bioGuideId="M001224" chamber="H" congress="118" party="R" role="COSPONSOR" state="TX">
                                
              <name type="parsed">Mr. Moran</name>
                                
              <name type="authority-fnf">Nathaniel Moran</name>
                                
              <name type="authority-lnf">Moran, Nathaniel</name>
                            
        </congMember>
         <congMember bioGuideId="M001213" chamber="H" congress="118" party="R" role="COSPONSOR" state="UT">
                                
              <name type="parsed">Mr. Moore of Utah</name>
                                
              <name type="authority-fnf">Blake D. Moore</name>
                                
              <name type="authority-lnf">Moore, Blake D.</name>
                                
              <name type="authority-other">Mr. Blake Moore</name>
                            
        </congMember>
         <congMember bioGuideId="B001291" chamber="H" congress="118" party="R" role="COSPONSOR" state="TX">
                                
              <name type="parsed">Mr. Babin</name>
                                
              <name type="authority-fnf">Brian Babin</name>
                                
              <name type="authority-lnf">Babin, Brian</name>
                            
        </congMember>
         <congMember bioGuideId="G000595" chamber="H" congress="118" party="R" role="COSPONSOR" state="VA">
                                
              <name type="parsed">Mr. Good of Virginia</name>
                                
              <name type="authority-fnf">Bob Good</name>
                                
              <name type="authority-lnf">Good, Bob</name>
                            
        </congMember>
         <congMember bioGuideId="M001215" chamber="H" congress="118" party="R" role="COSPONSOR" state="IA">
                                
              <name type="parsed">Mrs. Miller-Meeks</name>
                                
              <name type="authority-fnf">Mariannette Miller-Meeks</name>
                                
              <name type="authority-lnf">Miller-Meeks, Mariannette</name>
                            
        </congMember>
         <congMember bioGuideId="H001093" chamber="H" congress="118" party="R" role="COSPONSOR" state="IN">
                                
              <name type="parsed">Mrs. Houchin</name>
                                
              <name type="authority-fnf">Erin Houchin</name>
                                
              <name type="authority-lnf">Houchin, Erin</name>
                            
        </congMember>
         <congMember bioGuideId="Y000067" chamber="H" congress="118" party="R" role="COSPONSOR" state="IN">
                                
              <name type="parsed">Mr. Yakym</name>
                                
              <name type="authority-fnf">Rudy Yakym III</name>
                                
              <name type="authority-lnf">Yakym, Rudy</name>
                                
              <name type="authority-other">Rudy Yakym III</name>
                            
        </congMember>
         <congMember bioGuideId="H001096" chamber="H" congress="118" party="R" role="COSPONSOR" state="WY">
                                
              <name type="parsed">Ms. Hageman</name>
                                
              <name type="authority-fnf">Harriet M. Hageman</name>
                                
              <name type="authority-lnf">Hageman, Harriet M.</name>
                                
              <name type="authority-other">Harriet Hageman</name>
                            
        </congMember>
         <congMember bioGuideId="W000809" chamber="H" congress="118" party="R" role="COSPONSOR" state="AR">
                                
              <name type="parsed">Mr. Womack</name>
                                
              <name type="authority-fnf">Steve Womack</name>
                                
              <name type="authority-lnf">Womack, Steve</name>
                            
        </congMember>
         <congMember bioGuideId="L000583" chamber="H" congress="118" party="R" role="COSPONSOR" state="GA">
                                
              <name type="parsed">Mr. Loudermilk</name>
                                
              <name type="authority-fnf">Barry Loudermilk</name>
                                
              <name type="authority-lnf">Loudermilk, Barry</name>
                            
        </congMember>
         <congMember bioGuideId="B001307" chamber="H" congress="118" party="R" role="COSPONSOR" state="IN">
                                
              <name type="parsed">Mr. Baird</name>
                                
              <name type="authority-fnf">James R. Baird</name>
                                
              <name type="authority-lnf">Baird, James R.</name>
                                
              <name type="authority-other">Mr. James Baird</name>
                            
        </congMember>
         <congMember bioGuideId="F000474" chamber="H" congress="118" party="R" role="COSPONSOR" state="NE">
                                
              <name type="parsed">Mr. Flood</name>
                                
              <name type="authority-fnf">Mike Flood</name>
                                
              <name type="authority-lnf">Flood, Mike</name>
                            
        </congMember>
         <congReport congress="118" number="253" type="H"></congReport>
         <congCalendar congress="118" number="203" type="UNION"></congCalendar>
         <isPrivate>false</isPrivate>
         <isAppropriation>false</isAppropriation>
         <USCode title="5">
                                
              <chapter number="8"></chapter>
                            
        </USCode>
    </extension>
</mods>