<mods xmlns:xlink="http://www.w3.org/1999/xlink" xmlns:xsi="http://www.w3.org/2001/XMLSchema-instance" xmlns="http://www.loc.gov/mods/v3" version="3.3" xsi:schemaLocation="http://www.loc.gov/mods/v3 http://www.loc.gov/standards/mods/v3/mods-3-3.xsd" ID="P0b002ee1bde21d77">
    <name type="corporate">
         <namePart>United States Government Publishing Office</namePart>
         <role>
              <roleTerm authority="marcrelator" type="text">publisher</roleTerm>
              <roleTerm authority="marcrelator" type="code">pbl</roleTerm>
        </role>
         <role>
              <roleTerm authority="marcrelator" type="text">distributor</roleTerm>
              <roleTerm authority="marcrelator" type="code">dst</roleTerm>
        </role>
    </name>
    <name type="corporate">
         <namePart>United States</namePart>
         <namePart>Congress</namePart>
         <namePart>House of Representatives</namePart>
         <role>
              <roleTerm authority="marcrelator" type="text">author</roleTerm>
              <roleTerm authority="marcrelator" type="code">aut</roleTerm>
        </role>
         <description>Government Organization</description>
    </name>
    <typeOfResource>text</typeOfResource>
    <genre authority="marcgt">government publication</genre>
    <language>
         <languageTerm type="code" authority="iso639-2b">eng</languageTerm>
    </language>
    <extension>
         <collectionCode>BILLS</collectionCode>
         <searchTitle>Expressing the sense of Congress to support the case of Beatriz, a young woman from a rural area of El Salvador, living in extreme poverty and with lupus, who fought for her life against the state to allow her to terminate a pregnancy that put her at risk, which exposed the serious consequences of the absolute criminalization of abortion in El Salvador, and urging the Salvadoran state to assume its international obligations in the field of human rights.;H. Con. Res. 39 (IH)
    </searchTitle>
         <category>Bills and Statutes</category>
         <waisDatabaseName>118_cong_bills</waisDatabaseName>
         <branch>legislative</branch>
         <dateIngested>2023-05-03</dateIngested>
    </extension>
    <titleInfo>
         <title>Expressing the sense of Congress to support the case of Beatriz, a young woman from a rural area of El Salvador, living in extreme poverty and with lupus, who fought for her life against the state to allow her to terminate a pregnancy that put her at risk, which exposed the serious consequences of the absolute criminalization of abortion in El Salvador, and urging the Salvadoran state to assume its international obligations in the field of human rights.</title>
    </titleInfo>
    <titleInfo type="alternative">
         <title>H. Con. Res. 39 (IH)
    </title>
    </titleInfo>
    <originInfo>
         <publisher>U.S. Government Publishing Office</publisher>
         <dateIssued encoding="w3cdtf">2023-05-02</dateIssued>
         <issuance>monographic</issuance>
    </originInfo>
    <physicalDescription>
         <note type="source content type">deposited</note>
         <digitalOrigin>born digital</digitalOrigin>
         <extent>7 p.</extent>
    </physicalDescription>
    <classification authority="sudocs">Y 1.6:</classification>
    <classification authority="sudocs">Y 1.4/9:</classification>
    <identifier type="local">P0b002ee1bde21d77</identifier>
    <identifier type="uri">https://www.govinfo.gov/app/details/BILLS-118hconres39ih</identifier>
    <identifier type="preferred citation">H. Con. Res. 39</identifier>
    <identifier type="stock number">021-610-00252-9</identifier>
    <identifier type="Parent ILS system id">000501532</identifier>
    <identifier type="Child ILS system id">000325575</identifier>
    <identifier type="Parent ILS title">Congressional bills</identifier>
    <identifier type="Child ILS title">House concurrent resolutions</identifier>
    <identifier type="former package identifier">f:hc39_ih.txt</identifier>
    <location>
         <url displayLabel="Content Detail" access="object in context">https://www.govinfo.gov/app/details/BILLS-118hconres39ih</url>
         <url displayLabel="HTML rendition" access="raw object">https://www.govinfo.gov/content/pkg/BILLS-118hconres39ih/html/BILLS-118hconres39ih.htm</url>
         <url displayLabel="PDF rendition" access="raw object">https://www.govinfo.gov/content/pkg/BILLS-118hconres39ih/pdf/BILLS-118hconres39ih.pdf</url>
         <url displayLabel="XML rendition" access="raw object">https://www.govinfo.gov/content/pkg/BILLS-118hconres39ih/xml/BILLS-118hconres39ih.xml</url>
    </location>
    <accessCondition type="GPO scope determination">fdlp</accessCondition>
    <recordInfo>
         <recordContentSource authority="marcorg">DGPO</recordContentSource>
         <recordCreationDate encoding="w3cdtf">2023-05-03</recordCreationDate>
         <recordChangeDate encoding="w3cdtf">2023-05-03</recordChangeDate>
         <recordIdentifier source="DGPO">BILLS-118hconres39ih</recordIdentifier>
         <recordOrigin>machine generated</recordOrigin>
         <languageOfCataloging>
              <languageTerm type="code" authority="iso639-2b">eng</languageTerm>
        </languageOfCataloging>
    </recordInfo>
    <name type="personal">
         <namePart>Nikema Williams</namePart>
         <affiliation>United States House of Representatives</affiliation>
         <role>
              <roleTerm authority="marcrelator" type="text">sponsor</roleTerm>
              <roleTerm authority="marcrelator" type="code">spn</roleTerm>
        </role>
         <description>United States Congress Member</description>
    </name>
    <name type="personal">
         <namePart>Adriano Espaillat</namePart>
         <affiliation>United States House of Representatives</affiliation>
         <role>
              <roleTerm type="text">cosponsor</roleTerm>
        </role>
         <description>United States Congress Member</description>
    </name>
    <name type="personal">
         <namePart>Rashida Tlaib</namePart>
         <affiliation>United States House of Representatives</affiliation>
         <role>
              <roleTerm type="text">cosponsor</roleTerm>
        </role>
         <description>United States Congress Member</description>
    </name>
    <name type="personal">
         <namePart>Barbara Lee</namePart>
         <affiliation>United States House of Representatives</affiliation>
         <role>
              <roleTerm type="text">cosponsor</roleTerm>
        </role>
         <description>United States Congress Member</description>
    </name>
    <name type="personal">
         <namePart>Jasmine Crockett</namePart>
         <affiliation>United States House of Representatives</affiliation>
         <role>
              <roleTerm type="text">cosponsor</roleTerm>
        </role>
         <description>United States Congress Member</description>
    </name>
    <name type="personal">
         <namePart>Janice D. Schakowsky</namePart>
         <affiliation>United States House of Representatives</affiliation>
         <role>
              <roleTerm type="text">cosponsor</roleTerm>
        </role>
         <description>United States Congress Member</description>
    </name>
    <name type="personal">
         <namePart>James P. McGovern</namePart>
         <affiliation>United States House of Representatives</affiliation>
         <role>
              <roleTerm type="text">cosponsor</roleTerm>
        </role>
         <description>United States Congress Member</description>
    </name>
    <name type="personal">
         <namePart>Veronica Escobar</namePart>
         <affiliation>United States House of Representatives</affiliation>
         <role>
              <roleTerm type="text">cosponsor</roleTerm>
        </role>
         <description>United States Congress Member</description>
    </name>
    <name type="personal">
         <namePart>Raul M. Grijalva</namePart>
         <affiliation>United States House of Representatives</affiliation>
         <role>
              <roleTerm type="text">cosponsor</roleTerm>
        </role>
         <description>United States Congress Member</description>
    </name>
    <name type="personal">
         <namePart>Debbie Wasserman Schultz</namePart>
         <affiliation>United States House of Representatives</affiliation>
         <role>
              <roleTerm type="text">cosponsor</roleTerm>
        </role>
         <description>United States Congress Member</description>
    </name>
    <name type="personal">
         <namePart>Joaquin Castro</namePart>
         <affiliation>United States House of Representatives</affiliation>
         <role>
              <roleTerm type="text">cosponsor</roleTerm>
        </role>
         <description>United States Congress Member</description>
    </name>
    <name type="personal">
         <namePart>Sydney Kamlager-Dove</namePart>
         <affiliation>United States House of Representatives</affiliation>
         <role>
              <roleTerm type="text">cosponsor</roleTerm>
        </role>
         <description>United States Congress Member</description>
    </name>
    <name type="personal">
         <namePart>Donald M. Payne, Jr.</namePart>
         <affiliation>United States House of Representatives</affiliation>
         <role>
              <roleTerm type="text">cosponsor</roleTerm>
        </role>
         <description>United States Congress Member</description>
    </name>
    <name type="personal">
         <namePart>Linda T. Sanchez</namePart>
         <affiliation>United States House of Representatives</affiliation>
         <role>
              <roleTerm type="text">cosponsor</roleTerm>
        </role>
         <description>United States Congress Member</description>
    </name>
    <name type="personal">
         <namePart>Nydia M. Velazquez</namePart>
         <affiliation>United States House of Representatives</affiliation>
         <role>
              <roleTerm type="text">cosponsor</roleTerm>
        </role>
         <description>United States Congress Member</description>
    </name>
    <name type="corporate">
         <namePart>United States</namePart>
         <namePart>Congress</namePart>
         <namePart>House of Representatives</namePart>
         <namePart>Committee on Foreign Affairs</namePart>
         <role>
              <roleTerm authority="marcrelator" type="text">associated name</roleTerm>
              <roleTerm authority="marcrelator" type="code">asn</roleTerm>
        </role>
    </name>
    <name type="corporate">
         <namePart>United States</namePart>
         <namePart>Congress</namePart>
         <namePart>House of Representatives</namePart>
         <namePart>Committee on Energy and Commerce</namePart>
         <role>
              <roleTerm authority="marcrelator" type="text">associated name</roleTerm>
              <roleTerm authority="marcrelator" type="code">asn</roleTerm>
        </role>
    </name>
    <extension>
         <docClass>hconres</docClass>
         <accessId>BILLS-118hconres39ih</accessId>
         <congress>118</congress>
         <session>1</session>
         <originChamber>HOUSE</originChamber>
         <currentChamber>HOUSE</currentChamber>
         <billNumber>39</billNumber>
         <billVersion reprint="false">ih</billVersion>
         <fileSuffix>ih</fileSuffix>
         <officialTitle>Expressing the sense of Congress to support the case of Beatriz, a young woman from a rural area of El Salvador, living in extreme poverty and with lupus, who fought for her life against the state to allow her to terminate a pregnancy that put her at risk, which exposed the serious consequences of the absolute criminalization of abortion in El Salvador, and urging the Salvadoran state to assume its international obligations in the field of human rights.</officialTitle>
         <action date="2023-05-02">Ms. Williams of Georgia (for herself, Mr. Espaillat, Ms. Tlaib, Ms. Lee of California, Mr. García of Illinois, Ms. Crockett, Ms. Schakowsky, Ms. Barragán, Mr. McGovern, Ms. Escobar, Mr. Grijalva, Ms. Wasserman Schultz, Mr. Castro of Texas, Ms. Kamlager-Dove, Mr. Payne, Ms. Sánchez, and Ms. Velázquez) submitted the following concurrent resolution; which was referred to the Committee on Foreign Affairs, and in addition to the Committee on Energy and Commerce, for a period to be subsequently determined by the Speaker, in each case for consideration of such provisions as fall within the jurisdiction of the committee concerned</action>
         <congCommittee authorityId="hsfa00" chamber="H" congress="118" type="S">
                                
              <name type="authority-standard">Committee on Foreign Affairs</name>
                                
              <name type="authority-short">Foreign Affairs</name>
                            
        </congCommittee>
         <congCommittee authorityId="hsif00" chamber="H" congress="118" type="S">
                                
              <name type="authority-standard">Committee on Energy and Commerce</name>
                                
              <name type="authority-short">Energy and Commerce</name>
                            
        </congCommittee>
         <congMember bioGuideId="W000788" chamber="H" congress="118" party="D" role="SPONSOR" state="GA">
                                
              <name type="parsed">Ms. Williams of Georgia</name>
                                
              <name type="authority-fnf">Nikema Williams</name>
                                
              <name type="authority-lnf">Williams, Nikema</name>
                            
        </congMember>
         <congMember bioGuideId="E000297" chamber="H" congress="118" party="D" role="COSPONSOR" state="NY">
                                
              <name type="parsed">Mr. Espaillat</name>
                                
              <name type="authority-fnf">Adriano Espaillat</name>
                                
              <name type="authority-lnf">Espaillat, Adriano</name>
                            
        </congMember>
         <congMember bioGuideId="T000481" chamber="H" congress="118" party="D" role="COSPONSOR" state="MI">
                                
              <name type="parsed">Ms. Tlaib</name>
                                
              <name type="authority-fnf">Rashida Tlaib</name>
                                
              <name type="authority-lnf">Tlaib, Rashida</name>
                            
        </congMember>
         <congMember bioGuideId="L000551" chamber="H" congress="118" party="D" role="COSPONSOR" state="CA">
                                
              <name type="parsed">Ms. Lee of California</name>
                                
              <name type="authority-fnf">Barbara Lee</name>
                                
              <name type="authority-lnf">Lee, Barbara</name>
                            
        </congMember>
         <congMember bioGuideId="C001130" chamber="H" congress="118" party="D" role="COSPONSOR" state="TX">
                                
              <name type="parsed">Ms. Crockett</name>
                                
              <name type="authority-fnf">Jasmine Crockett</name>
                                
              <name type="authority-lnf">Crockett, Jasmine</name>
                            
        </congMember>
         <congMember bioGuideId="S001145" chamber="H" congress="118" party="D" role="COSPONSOR" state="IL">
                                
              <name type="parsed">Ms. Schakowsky</name>
                                
              <name type="authority-fnf">Janice D. Schakowsky</name>
                                
              <name type="authority-lnf">Schakowsky, Janice D.</name>
                                
              <name type="authority-other">Janice Schakowsky</name>
                            
        </congMember>
         <congMember bioGuideId="M000312" chamber="H" congress="118" party="D" role="COSPONSOR" state="MA">
                                
              <name type="parsed">Mr. McGovern</name>
                                
              <name type="authority-fnf">James P. McGovern</name>
                                
              <name type="authority-lnf">McGovern, James P.</name>
                                
              <name type="authority-other">James Mcgovern</name>
                            
        </congMember>
         <congMember bioGuideId="E000299" chamber="H" congress="118" party="D" role="COSPONSOR" state="TX">
                                
              <name type="parsed">Ms. Escobar</name>
                                
              <name type="authority-fnf">Veronica Escobar</name>
                                
              <name type="authority-lnf">Escobar, Veronica</name>
                            
        </congMember>
         <congMember bioGuideId="G000551" chamber="H" congress="118" party="D" role="COSPONSOR" state="AZ">
                                
              <name type="parsed">Mr. Grijalva</name>
                                
              <name type="authority-fnf">Raul M. Grijalva</name>
                                
              <name type="authority-lnf">Grijalva, Raul M.</name>
                                
              <name type="authority-other">Mr. Raul Grijalva</name>
                            
        </congMember>
         <congMember bioGuideId="W000797" chamber="H" congress="118" party="D" role="COSPONSOR" state="FL">
                                
              <name type="parsed">Ms. Wasserman Schultz</name>
                                
              <name type="authority-fnf">Debbie Wasserman Schultz</name>
                                
              <name type="authority-lnf">Wasserman Schultz, Debbie</name>
                            
        </congMember>
         <congMember bioGuideId="C001091" chamber="H" congress="118" party="D" role="COSPONSOR" state="TX">
                                
              <name type="parsed">Mr. Castro of Texas</name>
                                
              <name type="authority-fnf">Joaquin Castro</name>
                                
              <name type="authority-lnf">Castro, Joaquin</name>
                            
        </congMember>
         <congMember bioGuideId="K000400" chamber="H" congress="118" party="D" role="COSPONSOR" state="CA">
                                
              <name type="parsed">Ms. Kamlager-Dove</name>
                                
              <name type="authority-fnf">Sydney Kamlager-Dove</name>
                                
              <name type="authority-lnf">Kamlager-Dove, Sydney</name>
                            
        </congMember>
         <congMember bioGuideId="P000604" chamber="H" congress="118" party="D" role="COSPONSOR" state="NJ">
                                
              <name type="parsed">Mr. Payne</name>
                                
              <name type="authority-fnf">Donald M. Payne, Jr.</name>
                                
              <name type="authority-lnf">Payne, Donald M., Jr.</name>
                                
              <name type="authority-other">Mr. Donald Payne</name>
                            
        </congMember>
         <congMember bioGuideId="S001156" chamber="H" congress="118" party="D" role="COSPONSOR" state="CA">
                                
              <name type="parsed">Ms. Sánchez</name>
                                
              <name type="authority-fnf">Linda T. Sanchez</name>
                                
              <name type="authority-lnf">Sanchez, Linda T.</name>
                                
              <name type="authority-other">Linda Sanchez</name>
                            
        </congMember>
         <congMember bioGuideId="V000081" chamber="H" congress="118" party="D" role="COSPONSOR" state="NY">
                                
              <name type="parsed">Ms. Velázquez</name>
                                
              <name type="authority-fnf">Nydia M. Velazquez</name>
                                
              <name type="authority-lnf">Velazquez, Nydia M.</name>
                                
              <name type="authority-other">Nydia Velazquez</name>
                            
        </congMember>
         <isPrivate>false</isPrivate>
         <isAppropriation>false</isAppropriation>
    </extension>
</mods>