<mods xmlns:xlink="http://www.w3.org/1999/xlink" xmlns:xsi="http://www.w3.org/2001/XMLSchema-instance" xmlns="http://www.loc.gov/mods/v3" version="3.3" xsi:schemaLocation="http://www.loc.gov/mods/v3 http://www.loc.gov/standards/mods/v3/mods-3-3.xsd" ID="P0b002ee1c1d68523">
    <name type="corporate">
         <namePart>United States Government Publishing Office</namePart>
         <role>
              <roleTerm authority="marcrelator" type="text">publisher</roleTerm>
              <roleTerm authority="marcrelator" type="code">pbl</roleTerm>
        </role>
         <role>
              <roleTerm authority="marcrelator" type="text">distributor</roleTerm>
              <roleTerm authority="marcrelator" type="code">dst</roleTerm>
        </role>
    </name>
    <name type="corporate">
         <namePart>United States</namePart>
         <namePart>Congress</namePart>
         <namePart>House of Representatives</namePart>
         <role>
              <roleTerm authority="marcrelator" type="text">author</roleTerm>
              <roleTerm authority="marcrelator" type="code">aut</roleTerm>
        </role>
         <description>Government Organization</description>
    </name>
    <typeOfResource>text</typeOfResource>
    <genre authority="marcgt">government publication</genre>
    <language>
         <languageTerm type="code" authority="iso639-2b">eng</languageTerm>
    </language>
    <extension>
         <collectionCode>BILLS</collectionCode>
         <searchTitle>Declaring a state of war between certain cartels and the United States of America and making provision to prosecute the same.;H.J. Res. 95 (IH)
    </searchTitle>
         <category>Bills and Statutes</category>
         <waisDatabaseName>118_cong_bills</waisDatabaseName>
         <branch>legislative</branch>
         <dateIngested>2023-10-31</dateIngested>
    </extension>
    <titleInfo>
         <title>Declaring a state of war between certain cartels and the United States of America and making provision to prosecute the same.</title>
    </titleInfo>
    <titleInfo type="alternative">
         <title>H.J. Res. 95 (IH)
    </title>
    </titleInfo>
    <originInfo>
         <publisher>U.S. Government Publishing Office</publisher>
         <dateIssued encoding="w3cdtf">2023-10-25</dateIssued>
         <issuance>monographic</issuance>
    </originInfo>
    <physicalDescription>
         <note type="source content type">deposited</note>
         <digitalOrigin>born digital</digitalOrigin>
         <extent>5 p.</extent>
    </physicalDescription>
    <classification authority="sudocs">Y 1.6:</classification>
    <classification authority="sudocs">Y 1.4/8:</classification>
    <identifier type="local">P0b002ee1c1d68523</identifier>
    <identifier type="uri">https://www.govinfo.gov/app/details/BILLS-118hjres95ih</identifier>
    <identifier type="preferred citation">H.J. Res. 95</identifier>
    <identifier type="stock number">021-610-00252-9</identifier>
    <identifier type="Parent ILS system id">000501532</identifier>
    <identifier type="Child ILS system id">000325570</identifier>
    <identifier type="Parent ILS title">Congressional bills</identifier>
    <identifier type="Child ILS title">House joint resolutions</identifier>
    <identifier type="former package identifier">f:hj95_ih.txt</identifier>
    <location>
         <url displayLabel="Content Detail" access="object in context">https://www.govinfo.gov/app/details/BILLS-118hjres95ih</url>
         <url displayLabel="HTML rendition" access="raw object">https://www.govinfo.gov/content/pkg/BILLS-118hjres95ih/html/BILLS-118hjres95ih.htm</url>
         <url displayLabel="PDF rendition" access="raw object">https://www.govinfo.gov/content/pkg/BILLS-118hjres95ih/pdf/BILLS-118hjres95ih.pdf</url>
         <url displayLabel="XML rendition" access="raw object">https://www.govinfo.gov/content/pkg/BILLS-118hjres95ih/xml/BILLS-118hjres95ih.xml</url>
    </location>
    <accessCondition type="GPO scope determination">fdlp</accessCondition>
    <recordInfo>
         <recordContentSource authority="marcorg">DGPO</recordContentSource>
         <recordCreationDate encoding="w3cdtf">2023-10-31</recordCreationDate>
         <recordChangeDate encoding="w3cdtf">2023-10-31</recordChangeDate>
         <recordIdentifier source="DGPO">BILLS-118hjres95ih</recordIdentifier>
         <recordOrigin>machine generated</recordOrigin>
         <languageOfCataloging>
              <languageTerm type="code" authority="iso639-2b">eng</languageTerm>
        </languageOfCataloging>
    </recordInfo>
    <name type="personal">
         <namePart>Marjorie Taylor Greene</namePart>
         <affiliation>United States House of Representatives</affiliation>
         <role>
              <roleTerm authority="marcrelator" type="text">sponsor</roleTerm>
              <roleTerm authority="marcrelator" type="code">spn</roleTerm>
        </role>
         <description>United States Congress Member</description>
    </name>
    <name type="corporate">
         <namePart>United States</namePart>
         <namePart>Congress</namePart>
         <namePart>House of Representatives</namePart>
         <namePart>Committee on Foreign Affairs</namePart>
         <role>
              <roleTerm authority="marcrelator" type="text">associated name</roleTerm>
              <roleTerm authority="marcrelator" type="code">asn</roleTerm>
        </role>
    </name>
    <extension>
         <docClass>hjres</docClass>
         <accessId>BILLS-118hjres95ih</accessId>
         <congress>118</congress>
         <session>1</session>
         <originChamber>HOUSE</originChamber>
         <currentChamber>HOUSE</currentChamber>
         <billNumber>95</billNumber>
         <billVersion reprint="false">ih</billVersion>
         <fileSuffix>ih</fileSuffix>
         <officialTitle>Declaring a state of war between certain cartels and the United States of America and making provision to prosecute the same.</officialTitle>
         <action date="2023-10-11">Ms. Greene of Georgia submitted the following joint resolution</action>
         <action date="2023-10-25">Referred to the Committee on Foreign Affairs</action>
         <congCommittee authorityId="hsfa00" chamber="H" congress="118" type="S">
                                
              <name type="authority-standard">Committee on Foreign Affairs</name>
                                
              <name type="authority-short">Foreign Affairs</name>
                            
        </congCommittee>
         <congMember bioGuideId="G000596" chamber="H" congress="118" party="R" role="SPONSOR" state="GA">
                                
              <name type="parsed">Ms. Greene of Georgia</name>
                                
              <name type="authority-fnf">Marjorie Taylor Greene</name>
                                
              <name type="authority-lnf">Greene, Marjorie Taylor</name>
                                
              <name type="authority-other">Mrs. Marjorie Greene</name>
                            
        </congMember>
         <isPrivate>false</isPrivate>
         <isAppropriation>false</isAppropriation>
    </extension>
</mods>