<?xml version="1.0"?>
<?xml-stylesheet type="text/xsl" href="billres.xsl"?>
<!DOCTYPE resolution PUBLIC "-//US Congress//DTDs/res.dtd//EN" "res.dtd">
<resolution resolution-stage="Introduced-in-House" dms-id="HE9D415C4F1C641AC94E9C15339E22F54" public-private="public" resolution-type="house-joint" star-print="no-star-print" key="H"><metadata xmlns:dc="http://purl.org/dc/elements/1.1/">
<dublinCore>
<dc:title>118 HJ 130 IH: Providing for congressional disapproval under chapter 8 of title 5, United States Code, of the rule submitted by the Federal Railroad Administration relating to “Train Crew Size Safety Requirements”.</dc:title>
<dc:publisher>U.S. House of Representatives</dc:publisher>
<dc:date>2024-04-19</dc:date>
<dc:format>text/xml</dc:format>
<dc:language>EN</dc:language>
<dc:rights>Pursuant to Title 17 Section 105 of the United States Code, this file is not subject to copyright protection and is in the public domain.</dc:rights>
</dublinCore>
</metadata>
<form>
<distribution-code display="yes">IA</distribution-code><congress display="yes">118th CONGRESS</congress><session display="yes">2d Session</session><legis-num display="yes">H. J. RES. 130</legis-num><current-chamber>IN THE HOUSE OF REPRESENTATIVES</current-chamber><action display="yes"><action-date date="20240419">April 19, 2024</action-date><action-desc><sponsor name-id="B001316">Mr. Burlison</sponsor> (for himself, <cosponsor name-id="P000605">Mr. Perry</cosponsor>, and <cosponsor name-id="W000814">Mr. Weber of Texas</cosponsor>) submitted the following joint resolution; which was referred to the <committee-name committee-id="HPW00">Committee on Transportation and Infrastructure</committee-name></action-desc></action><legis-type>JOINT RESOLUTION</legis-type><official-title display="yes">Providing for congressional disapproval under <external-xref legal-doc="usc-chapter" parsable-cite="usc-chapter/5/8">chapter 8</external-xref> of title 5, United States Code, of the rule submitted by the Federal Railroad Administration relating to <quote>Train Crew Size Safety Requirements</quote>.</official-title></form><resolution-body style="traditional" id="H68484117F30E43CFACF941985B27906B"> 
<section display-inline="yes-display-inline" section-type="undesignated-section" id="HE6A46104A1D0462CB4BC5BD8BCF74CB1"><text display-inline="yes-display-inline">That Congress disapproves the rule submitted by the Federal Railroad Administration relating to <quote>Train Crew Size Safety Requirements</quote> (89 Fed. Reg. 25052; published April 9, 2024), and such rule shall have no force or effect.</text></section> </resolution-body></resolution>

