<mods xmlns:xlink="http://www.w3.org/1999/xlink" xmlns:xsi="http://www.w3.org/2001/XMLSchema-instance" xmlns="http://www.loc.gov/mods/v3" version="3.3" xsi:schemaLocation="http://www.loc.gov/mods/v3 http://www.loc.gov/standards/mods/v3/mods-3-3.xsd" ID="P0b002ee1bb3a65f8">
    <name type="corporate">
         <namePart>United States Government Publishing Office</namePart>
         <role>
              <roleTerm authority="marcrelator" type="text">publisher</roleTerm>
              <roleTerm authority="marcrelator" type="code">pbl</roleTerm>
        </role>
         <role>
              <roleTerm authority="marcrelator" type="text">distributor</roleTerm>
              <roleTerm authority="marcrelator" type="code">dst</roleTerm>
        </role>
    </name>
    <name type="corporate">
         <namePart>United States</namePart>
         <namePart>Congress</namePart>
         <namePart>House of Representatives</namePart>
         <role>
              <roleTerm authority="marcrelator" type="text">author</roleTerm>
              <roleTerm authority="marcrelator" type="code">aut</roleTerm>
        </role>
         <description>Government Organization</description>
    </name>
    <typeOfResource>text</typeOfResource>
    <genre authority="marcgt">government publication</genre>
    <language>
         <languageTerm type="code" authority="iso639-2b">eng</languageTerm>
    </language>
    <extension>
         <collectionCode>BILLS</collectionCode>
         <searchTitle>To authorize the use of United States Armed Forces against those responsible for trafficking fentanyl or a fentanyl-related substance into the United States or carrying out other related activities that cause regional destabilization in the Western Hemisphere.;Authorization for the Use of Military Force to Combat, Attack, Resist, Target, Eliminate, and Limit Influence Resolution;AUMF CARTEL Influence Resolution;H.J. Res. 18 (IH)
    </searchTitle>
         <category>Bills and Statutes</category>
         <waisDatabaseName>118_cong_bills</waisDatabaseName>
         <branch>legislative</branch>
         <dateIngested>2023-01-13</dateIngested>
    </extension>
    <titleInfo>
         <title>To authorize the use of United States Armed Forces against those responsible for trafficking fentanyl or a fentanyl-related substance into the United States or carrying out other related activities that cause regional destabilization in the Western Hemisphere.</title>
    </titleInfo>
    <titleInfo type="alternative">
         <title>Authorization for the Use of Military Force to Combat, Attack, Resist, Target, Eliminate, and Limit Influence Resolution</title>
    </titleInfo>
    <titleInfo type="alternative">
         <title>AUMF CARTEL Influence Resolution</title>
    </titleInfo>
    <titleInfo type="alternative">
         <title>H.J. Res. 18 (IH)
    </title>
    </titleInfo>
    <originInfo>
         <publisher>U.S. Government Publishing Office</publisher>
         <dateIssued encoding="w3cdtf">2023-01-12</dateIssued>
         <issuance>monographic</issuance>
    </originInfo>
    <physicalDescription>
         <note type="source content type">deposited</note>
         <digitalOrigin>born digital</digitalOrigin>
         <extent>6 p.</extent>
    </physicalDescription>
    <classification authority="sudocs">Y 1.6:</classification>
    <classification authority="sudocs">Y 1.4/8:</classification>
    <identifier type="local">P0b002ee1bb3a65f8</identifier>
    <identifier type="uri">https://www.govinfo.gov/app/details/BILLS-118hjres18ih</identifier>
    <identifier type="preferred citation">H.J. Res. 18</identifier>
    <identifier type="stock number">021-610-00252-9</identifier>
    <identifier type="Parent ILS system id">000501532</identifier>
    <identifier type="Child ILS system id">000325570</identifier>
    <identifier type="Parent ILS title">Congressional bills</identifier>
    <identifier type="Child ILS title">House joint resolutions</identifier>
    <identifier type="former package identifier">f:hj18_ih.txt</identifier>
    <location>
         <url displayLabel="Content Detail" access="object in context">https://www.govinfo.gov/app/details/BILLS-118hjres18ih</url>
         <url displayLabel="HTML rendition" access="raw object">https://www.govinfo.gov/content/pkg/BILLS-118hjres18ih/html/BILLS-118hjres18ih.htm</url>
         <url displayLabel="PDF rendition" access="raw object">https://www.govinfo.gov/content/pkg/BILLS-118hjres18ih/pdf/BILLS-118hjres18ih.pdf</url>
         <url displayLabel="XML rendition" access="raw object">https://www.govinfo.gov/content/pkg/BILLS-118hjres18ih/xml/BILLS-118hjres18ih.xml</url>
    </location>
    <accessCondition type="GPO scope determination">fdlp</accessCondition>
    <recordInfo>
         <recordContentSource authority="marcorg">DGPO</recordContentSource>
         <recordCreationDate encoding="w3cdtf">2023-01-13</recordCreationDate>
         <recordChangeDate encoding="w3cdtf">2023-01-13</recordChangeDate>
         <recordIdentifier source="DGPO">BILLS-118hjres18ih</recordIdentifier>
         <recordOrigin>machine generated</recordOrigin>
         <languageOfCataloging>
              <languageTerm type="code" authority="iso639-2b">eng</languageTerm>
        </languageOfCataloging>
    </recordInfo>
    <name type="personal">
         <namePart>Dan Crenshaw</namePart>
         <affiliation>United States House of Representatives</affiliation>
         <role>
              <roleTerm authority="marcrelator" type="text">sponsor</roleTerm>
              <roleTerm authority="marcrelator" type="code">spn</roleTerm>
        </role>
         <description>United States Congress Member</description>
    </name>
    <name type="personal">
         <namePart>Michael Waltz</namePart>
         <affiliation>United States House of Representatives</affiliation>
         <role>
              <roleTerm type="text">cosponsor</roleTerm>
        </role>
         <description>United States Congress Member</description>
    </name>
    <name type="corporate">
         <namePart>United States</namePart>
         <namePart>Congress</namePart>
         <namePart>House of Representatives</namePart>
         <namePart>Committee on Foreign Affairs</namePart>
         <role>
              <roleTerm authority="marcrelator" type="text">associated name</roleTerm>
              <roleTerm authority="marcrelator" type="code">asn</roleTerm>
        </role>
    </name>
    <relatedItem type="isReferencedBy">
         <titleInfo>
              <title>United States Code</title>
              <partNumber>Title 21 Section 841(a)(1)</partNumber>
              <partNumber>Title 21 Section 846</partNumber>
        </titleInfo>
         <identifier type="USC citation">21 U.S.C. 841(a)(1)</identifier>
         <identifier type="USC citation">21 U.S.C. 846</identifier>
    </relatedItem>
    <extension>
         <docClass>hjres</docClass>
         <accessId>BILLS-118hjres18ih</accessId>
         <congress>118</congress>
         <session>1</session>
         <originChamber>HOUSE</originChamber>
         <currentChamber>HOUSE</currentChamber>
         <billNumber>18</billNumber>
         <billVersion reprint="false">ih</billVersion>
         <fileSuffix>ih</fileSuffix>
         <shortTitle type="measure">Authorization for the Use of Military Force to Combat, Attack, Resist, Target, Eliminate, and Limit Influence Resolution</shortTitle>
         <shortTitle type="measure">AUMF CARTEL Influence Resolution</shortTitle>
         <officialTitle>To authorize the use of United States Armed Forces against those responsible for trafficking fentanyl or a fentanyl-related substance into the United States or carrying out other related activities that cause regional destabilization in the Western Hemisphere.</officialTitle>
         <action date="2023-01-12">Mr. Crenshaw (for himself and Mr. Waltz) submitted the following joint resolution; which was referred to the Committee on Foreign Affairs</action>
         <congCommittee authorityId="hsfa00" chamber="H" congress="118" type="S">
                                
              <name type="authority-standard">Committee on Foreign Affairs</name>
                                
              <name type="authority-short">Foreign Affairs</name>
                            
        </congCommittee>
         <congMember bioGuideId="C001120" chamber="H" congress="118" party="R" role="SPONSOR" state="TX">
                                
              <name type="parsed">Mr. Crenshaw</name>
                                
              <name type="authority-fnf">Dan Crenshaw</name>
                                
              <name type="authority-lnf">Crenshaw, Dan</name>
                            
        </congMember>
         <congMember bioGuideId="W000823" chamber="H" congress="118" party="R" role="COSPONSOR" state="FL">
                                
              <name type="parsed">Mr. Waltz</name>
                                
              <name type="authority-fnf">Michael Waltz</name>
                                
              <name type="authority-lnf">Waltz, Michael</name>
                            
        </congMember>
         <isPrivate>false</isPrivate>
         <isAppropriation>false</isAppropriation>
         <USCode title="21">
                                
              <section detail="(a)(1)" number="841"></section>
                                
              <section number="846"></section>
                            
        </USCode>
    </extension>
</mods>