<mods xmlns:xlink="http://www.w3.org/1999/xlink" xmlns:xsi="http://www.w3.org/2001/XMLSchema-instance" xmlns="http://www.loc.gov/mods/v3" version="3.3" xsi:schemaLocation="http://www.loc.gov/mods/v3 http://www.loc.gov/standards/mods/v3/mods-3-3.xsd" ID="P0b002ee1bbc7778a">
    <name type="corporate">
         <namePart>United States Government Publishing Office</namePart>
         <role>
              <roleTerm authority="marcrelator" type="text">publisher</roleTerm>
              <roleTerm authority="marcrelator" type="code">pbl</roleTerm>
        </role>
         <role>
              <roleTerm authority="marcrelator" type="text">distributor</roleTerm>
              <roleTerm authority="marcrelator" type="code">dst</roleTerm>
        </role>
    </name>
    <name type="corporate">
         <namePart>United States</namePart>
         <namePart>Congress</namePart>
         <namePart>House of Representatives</namePart>
         <role>
              <roleTerm authority="marcrelator" type="text">author</roleTerm>
              <roleTerm authority="marcrelator" type="code">aut</roleTerm>
        </role>
         <description>Government Organization</description>
    </name>
    <typeOfResource>text</typeOfResource>
    <genre authority="marcgt">government publication</genre>
    <language>
         <languageTerm type="code" authority="iso639-2b">eng</languageTerm>
    </language>
    <extension>
         <collectionCode>BILLS</collectionCode>
         <searchTitle>Disapproving the rule submitted by the Department of Commerce relating to Procedures Covering Suspension of Liquidation, Duties and Estimated Duties in Accord With Presidential Proclamation 10414.;H.J. Res. 22 (IH)
    </searchTitle>
         <category>Bills and Statutes</category>
         <waisDatabaseName>118_cong_bills</waisDatabaseName>
         <branch>legislative</branch>
         <dateIngested>2023-01-27</dateIngested>
    </extension>
    <titleInfo>
         <title>Disapproving the rule submitted by the Department of Commerce relating to Procedures Covering Suspension of Liquidation, Duties and Estimated Duties in Accord With Presidential Proclamation 10414.</title>
    </titleInfo>
    <titleInfo type="alternative">
         <title>H.J. Res. 22 (IH)
    </title>
    </titleInfo>
    <originInfo>
         <publisher>U.S. Government Publishing Office</publisher>
         <dateIssued encoding="w3cdtf">2023-01-26</dateIssued>
         <issuance>monographic</issuance>
    </originInfo>
    <physicalDescription>
         <note type="source content type">deposited</note>
         <digitalOrigin>born digital</digitalOrigin>
         <extent>2 p.</extent>
    </physicalDescription>
    <classification authority="sudocs">Y 1.6:</classification>
    <classification authority="sudocs">Y 1.4/8:</classification>
    <identifier type="local">P0b002ee1bbc7778a</identifier>
    <identifier type="uri">https://www.govinfo.gov/app/details/BILLS-118hjres22ih</identifier>
    <identifier type="preferred citation">H.J. Res. 22</identifier>
    <identifier type="stock number">021-610-00252-9</identifier>
    <identifier type="Parent ILS system id">000501532</identifier>
    <identifier type="Child ILS system id">000325570</identifier>
    <identifier type="Parent ILS title">Congressional bills</identifier>
    <identifier type="Child ILS title">House joint resolutions</identifier>
    <identifier type="former package identifier">f:hj22_ih.txt</identifier>
    <location>
         <url displayLabel="Content Detail" access="object in context">https://www.govinfo.gov/app/details/BILLS-118hjres22ih</url>
         <url displayLabel="HTML rendition" access="raw object">https://www.govinfo.gov/content/pkg/BILLS-118hjres22ih/html/BILLS-118hjres22ih.htm</url>
         <url displayLabel="PDF rendition" access="raw object">https://www.govinfo.gov/content/pkg/BILLS-118hjres22ih/pdf/BILLS-118hjres22ih.pdf</url>
         <url displayLabel="XML rendition" access="raw object">https://www.govinfo.gov/content/pkg/BILLS-118hjres22ih/xml/BILLS-118hjres22ih.xml</url>
    </location>
    <accessCondition type="GPO scope determination">fdlp</accessCondition>
    <recordInfo>
         <recordContentSource authority="marcorg">DGPO</recordContentSource>
         <recordCreationDate encoding="w3cdtf">2023-01-27</recordCreationDate>
         <recordChangeDate encoding="w3cdtf">2023-01-27</recordChangeDate>
         <recordIdentifier source="DGPO">BILLS-118hjres22ih</recordIdentifier>
         <recordOrigin>machine generated</recordOrigin>
         <languageOfCataloging>
              <languageTerm type="code" authority="iso639-2b">eng</languageTerm>
        </languageOfCataloging>
    </recordInfo>
    <name type="personal">
         <namePart>Bill Posey</namePart>
         <affiliation>United States House of Representatives</affiliation>
         <role>
              <roleTerm authority="marcrelator" type="text">sponsor</roleTerm>
              <roleTerm authority="marcrelator" type="code">spn</roleTerm>
        </role>
         <description>United States Congress Member</description>
    </name>
    <name type="personal">
         <namePart>Daniel T. Kildee</namePart>
         <affiliation>United States House of Representatives</affiliation>
         <role>
              <roleTerm type="text">cosponsor</roleTerm>
        </role>
         <description>United States Congress Member</description>
    </name>
    <name type="personal">
         <namePart>Garret Graves</namePart>
         <affiliation>United States House of Representatives</affiliation>
         <role>
              <roleTerm type="text">cosponsor</roleTerm>
        </role>
         <description>United States Congress Member</description>
    </name>
    <name type="personal">
         <namePart>Bill Pascrell, Jr.</namePart>
         <affiliation>United States House of Representatives</affiliation>
         <role>
              <roleTerm type="text">cosponsor</roleTerm>
        </role>
         <description>United States Congress Member</description>
    </name>
    <name type="personal">
         <namePart>Robert E. Latta</namePart>
         <affiliation>United States House of Representatives</affiliation>
         <role>
              <roleTerm type="text">cosponsor</roleTerm>
        </role>
         <description>United States Congress Member</description>
    </name>
    <name type="personal">
         <namePart>Terri A. Sewell</namePart>
         <affiliation>United States House of Representatives</affiliation>
         <role>
              <roleTerm type="text">cosponsor</roleTerm>
        </role>
         <description>United States Congress Member</description>
    </name>
    <name type="corporate">
         <namePart>United States</namePart>
         <namePart>Congress</namePart>
         <namePart>House of Representatives</namePart>
         <namePart>Committee on Ways and Means</namePart>
         <role>
              <roleTerm authority="marcrelator" type="text">associated name</roleTerm>
              <roleTerm authority="marcrelator" type="code">asn</roleTerm>
        </role>
    </name>
    <extension>
         <docClass>hjres</docClass>
         <accessId>BILLS-118hjres22ih</accessId>
         <congress>118</congress>
         <session>1</session>
         <originChamber>HOUSE</originChamber>
         <currentChamber>HOUSE</currentChamber>
         <billNumber>22</billNumber>
         <billVersion reprint="false">ih</billVersion>
         <fileSuffix>ih</fileSuffix>
         <officialTitle>Disapproving the rule submitted by the Department of Commerce relating to Procedures Covering Suspension of Liquidation, Duties and Estimated Duties in Accord With Presidential Proclamation 10414.</officialTitle>
         <action date="2023-01-26">Mr. Posey (for himself, Mr. Kildee, Mr. Graves of Louisiana, Mr. Pascrell, Mr. Latta, and Ms. Sewell) submitted the following joint resolution; which was referred to the Committee on Ways and Means</action>
         <congCommittee authorityId="hswm00" chamber="H" congress="118" type="S">
                                
              <name type="authority-standard">Committee on Ways and Means</name>
                                
              <name type="authority-short">Ways and Means</name>
                            
        </congCommittee>
         <congMember bioGuideId="P000599" chamber="H" congress="118" party="R" role="SPONSOR" state="FL">
                                
              <name type="parsed">Mr. Posey</name>
                                
              <name type="authority-fnf">Bill Posey</name>
                                
              <name type="authority-lnf">Posey, Bill</name>
                            
        </congMember>
         <congMember bioGuideId="K000380" chamber="H" congress="118" party="D" role="COSPONSOR" state="MI">
                                
              <name type="parsed">Mr. Kildee</name>
                                
              <name type="authority-fnf">Daniel T. Kildee</name>
                                
              <name type="authority-lnf">Kildee, Daniel T.</name>
                                
              <name type="authority-other">Mr. Daniel Kildee</name>
                            
        </congMember>
         <congMember bioGuideId="G000577" chamber="H" congress="118" party="R" role="COSPONSOR" state="LA">
                                
              <name type="parsed">Mr. Graves of Louisiana</name>
                                
              <name type="authority-fnf">Garret Graves</name>
                                
              <name type="authority-lnf">Graves, Garret</name>
                            
        </congMember>
         <congMember bioGuideId="P000096" chamber="H" congress="118" party="D" role="COSPONSOR" state="NJ">
                                
              <name type="parsed">Mr. Pascrell</name>
                                
              <name type="authority-fnf">Bill Pascrell, Jr.</name>
                                
              <name type="authority-lnf">Pascrell, Bill, Jr.</name>
                                
              <name type="authority-other">William Pascrell</name>
                            
        </congMember>
         <congMember bioGuideId="L000566" chamber="H" congress="118" party="R" role="COSPONSOR" state="OH">
                                
              <name type="parsed">Mr. Latta</name>
                                
              <name type="authority-fnf">Robert E. Latta</name>
                                
              <name type="authority-lnf">Latta, Robert E.</name>
                                
              <name type="authority-other">Mr. Robert Latta</name>
                            
        </congMember>
         <congMember bioGuideId="S001185" chamber="H" congress="118" party="D" role="COSPONSOR" state="AL">
                                
              <name type="parsed">Ms. Sewell</name>
                                
              <name type="authority-fnf">Terri A. Sewell</name>
                                
              <name type="authority-lnf">Sewell, Terri A.</name>
                                
              <name type="authority-other">Ms. Terri Sewell</name>
                            
        </congMember>
         <isPrivate>false</isPrivate>
         <isAppropriation>false</isAppropriation>
    </extension>
</mods>