<mods xmlns:xlink="http://www.w3.org/1999/xlink" xmlns:xsi="http://www.w3.org/2001/XMLSchema-instance" xmlns="http://www.loc.gov/mods/v3" version="3.3" xsi:schemaLocation="http://www.loc.gov/mods/v3 http://www.loc.gov/standards/mods/v3/mods-3-3.xsd" ID="P0b002ee1bfef9af0">
    <name type="corporate">
         <namePart>United States Government Publishing Office</namePart>
         <role>
              <roleTerm authority="marcrelator" type="text">publisher</roleTerm>
              <roleTerm authority="marcrelator" type="code">pbl</roleTerm>
        </role>
         <role>
              <roleTerm authority="marcrelator" type="text">distributor</roleTerm>
              <roleTerm authority="marcrelator" type="code">dst</roleTerm>
        </role>
    </name>
    <name type="corporate">
         <namePart>United States</namePart>
         <namePart>Congress</namePart>
         <namePart>House of Representatives</namePart>
         <role>
              <roleTerm authority="marcrelator" type="text">author</roleTerm>
              <roleTerm authority="marcrelator" type="code">aut</roleTerm>
        </role>
         <description>Government Organization</description>
    </name>
    <typeOfResource>text</typeOfResource>
    <genre authority="marcgt">government publication</genre>
    <language>
         <languageTerm type="code" authority="iso639-2b">eng</languageTerm>
    </language>
    <extension>
         <collectionCode>BILLS</collectionCode>
         <searchTitle>Expressing the sense of Congress that Congress, as well as people throughout the Nation, should hold an annual commemorative event on or near August 20th to revere, honor, and remember the victims of slavery in the United States as well as to prevent slavery from ever happening again.;Original Slavery Remembrance Day Memorialization Resolution;H. Con. Res. 62 (IH)
    </searchTitle>
         <category>Bills and Statutes</category>
         <waisDatabaseName>118_cong_bills</waisDatabaseName>
         <branch>legislative</branch>
         <dateIngested>2023-08-19</dateIngested>
    </extension>
    <titleInfo>
         <title>Expressing the sense of Congress that Congress, as well as people throughout the Nation, should hold an annual commemorative event on or near August 20th to revere, honor, and remember the victims of slavery in the United States as well as to prevent slavery from ever happening again.</title>
    </titleInfo>
    <titleInfo type="alternative">
         <title>Original Slavery Remembrance Day Memorialization Resolution</title>
    </titleInfo>
    <titleInfo type="alternative">
         <title>H. Con. Res. 62 (IH)
    </title>
    </titleInfo>
    <originInfo>
         <publisher>U.S. Government Publishing Office</publisher>
         <dateIssued encoding="w3cdtf">2023-08-18</dateIssued>
         <issuance>monographic</issuance>
    </originInfo>
    <physicalDescription>
         <note type="source content type">deposited</note>
         <digitalOrigin>born digital</digitalOrigin>
         <extent>10 p.</extent>
    </physicalDescription>
    <classification authority="sudocs">Y 1.6:</classification>
    <classification authority="sudocs">Y 1.4/9:</classification>
    <identifier type="local">P0b002ee1bfef9af0</identifier>
    <identifier type="uri">https://www.govinfo.gov/app/details/BILLS-118hconres62ih</identifier>
    <identifier type="preferred citation">H. Con. Res. 62</identifier>
    <identifier type="stock number">021-610-00252-9</identifier>
    <identifier type="Parent ILS system id">000501532</identifier>
    <identifier type="Child ILS system id">000325575</identifier>
    <identifier type="Parent ILS title">Congressional bills</identifier>
    <identifier type="Child ILS title">House concurrent resolutions</identifier>
    <identifier type="former package identifier">f:hc62_ih.txt</identifier>
    <location>
         <url displayLabel="Content Detail" access="object in context">https://www.govinfo.gov/app/details/BILLS-118hconres62ih</url>
         <url displayLabel="HTML rendition" access="raw object">https://www.govinfo.gov/content/pkg/BILLS-118hconres62ih/html/BILLS-118hconres62ih.htm</url>
         <url displayLabel="PDF rendition" access="raw object">https://www.govinfo.gov/content/pkg/BILLS-118hconres62ih/pdf/BILLS-118hconres62ih.pdf</url>
         <url displayLabel="XML rendition" access="raw object">https://www.govinfo.gov/content/pkg/BILLS-118hconres62ih/xml/BILLS-118hconres62ih.xml</url>
    </location>
    <accessCondition type="GPO scope determination">fdlp</accessCondition>
    <recordInfo>
         <recordContentSource authority="marcorg">DGPO</recordContentSource>
         <recordCreationDate encoding="w3cdtf">2023-08-19</recordCreationDate>
         <recordChangeDate encoding="w3cdtf">2023-08-20</recordChangeDate>
         <recordIdentifier source="DGPO">BILLS-118hconres62ih</recordIdentifier>
         <recordOrigin>machine generated</recordOrigin>
         <languageOfCataloging>
              <languageTerm type="code" authority="iso639-2b">eng</languageTerm>
        </languageOfCataloging>
    </recordInfo>
    <name type="personal">
         <namePart>Al Green</namePart>
         <affiliation>United States House of Representatives</affiliation>
         <role>
              <roleTerm authority="marcrelator" type="text">sponsor</roleTerm>
              <roleTerm authority="marcrelator" type="code">spn</roleTerm>
        </role>
         <description>United States Congress Member</description>
    </name>
    <name type="corporate">
         <namePart>United States</namePart>
         <namePart>Congress</namePart>
         <namePart>House of Representatives</namePart>
         <namePart>Committee on Oversight and Accountability</namePart>
         <role>
              <roleTerm authority="marcrelator" type="text">associated name</roleTerm>
              <roleTerm authority="marcrelator" type="code">asn</roleTerm>
        </role>
    </name>
    <extension>
         <docClass>hconres</docClass>
         <accessId>BILLS-118hconres62ih</accessId>
         <congress>118</congress>
         <session>1</session>
         <originChamber>HOUSE</originChamber>
         <currentChamber>HOUSE</currentChamber>
         <billNumber>62</billNumber>
         <billVersion reprint="false">ih</billVersion>
         <fileSuffix>ih</fileSuffix>
         <shortTitle type="measure">Original Slavery Remembrance Day Memorialization Resolution</shortTitle>
         <officialTitle>Expressing the sense of Congress that Congress, as well as people throughout the Nation, should hold an annual commemorative event on or near August 20th to revere, honor, and remember the victims of slavery in the United States as well as to prevent slavery from ever happening again.</officialTitle>
         <action date="2023-08-18">Mr. Green of Texas submitted the following concurrent resolution; which was referred to the Committee on Oversight and Accountability</action>
         <congCommittee authorityId="hsgo00" chamber="H" congress="118" type="S">
                                
              <name type="authority-standard">Committee on Oversight and Accountability</name>
                                
              <name type="authority-short">Oversight and Accountability</name>
                            
        </congCommittee>
         <congMember bioGuideId="G000553" chamber="H" congress="118" party="D" role="SPONSOR" state="TX">
                                
              <name type="parsed">Mr. Green of Texas</name>
                                
              <name type="authority-fnf">Al Green</name>
                                
              <name type="authority-lnf">Green, Al</name>
                            
        </congMember>
         <isPrivate>false</isPrivate>
         <isAppropriation>false</isAppropriation>
    </extension>
</mods>