<mods xmlns:xlink="http://www.w3.org/1999/xlink" xmlns:xsi="http://www.w3.org/2001/XMLSchema-instance" xmlns="http://www.loc.gov/mods/v3" version="3.3" xsi:schemaLocation="http://www.loc.gov/mods/v3 http://www.loc.gov/standards/mods/v3/mods-3-3.xsd" ID="P0b002ee1c38c8a53">
    <name type="corporate">
         <namePart>United States Government Publishing Office</namePart>
         <role>
              <roleTerm authority="marcrelator" type="text">publisher</roleTerm>
              <roleTerm authority="marcrelator" type="code">pbl</roleTerm>
        </role>
         <role>
              <roleTerm authority="marcrelator" type="text">distributor</roleTerm>
              <roleTerm authority="marcrelator" type="code">dst</roleTerm>
        </role>
    </name>
    <name type="corporate">
         <namePart>United States</namePart>
         <namePart>Congress</namePart>
         <namePart>House of Representatives</namePart>
         <role>
              <roleTerm authority="marcrelator" type="text">author</roleTerm>
              <roleTerm authority="marcrelator" type="code">aut</roleTerm>
        </role>
         <description>Government Organization</description>
    </name>
    <typeOfResource>text</typeOfResource>
    <genre authority="marcgt">government publication</genre>
    <language>
         <languageTerm type="code" authority="iso639-2b">eng</languageTerm>
    </language>
    <extension>
         <collectionCode>BILLS</collectionCode>
         <searchTitle>Providing for congressional disapproval under chapter 8 of title 5, United States Code, of the rule submitted by the National Labor Relations Board relating to Standard for Determining Joint Employer Status.;H.J. Res. 98 (RH)
    </searchTitle>
         <category>Bills and Statutes</category>
         <waisDatabaseName>118_cong_bills</waisDatabaseName>
         <branch>legislative</branch>
         <dateIngested>2024-01-03</dateIngested>
    </extension>
    <titleInfo>
         <title>Providing for congressional disapproval under chapter 8 of title 5, United States Code, of the rule submitted by the National Labor Relations Board relating to Standard for Determining Joint Employer Status.</title>
    </titleInfo>
    <titleInfo type="alternative">
         <title>H.J. Res. 98 (RH)
    </title>
    </titleInfo>
    <originInfo>
         <publisher>U.S. Government Publishing Office</publisher>
         <dateIssued encoding="w3cdtf">2024-01-03</dateIssued>
         <issuance>monographic</issuance>
    </originInfo>
    <physicalDescription>
         <note type="source content type">deposited</note>
         <digitalOrigin>born digital</digitalOrigin>
         <extent>4 p.</extent>
    </physicalDescription>
    <classification authority="sudocs">Y 1.6:</classification>
    <classification authority="sudocs">Y 1.4/8:</classification>
    <identifier type="local">P0b002ee1c38c8a53</identifier>
    <identifier type="uri">https://www.govinfo.gov/app/details/BILLS-118hjres98rh</identifier>
    <identifier type="preferred citation">H.J. Res. 98</identifier>
    <identifier type="stock number">021-610-00252-9</identifier>
    <identifier type="Parent ILS system id">000501532</identifier>
    <identifier type="Child ILS system id">000325570</identifier>
    <identifier type="Parent ILS title">Congressional bills</identifier>
    <identifier type="Child ILS title">House joint resolutions</identifier>
    <identifier type="former package identifier">f:hj98_rh.txt</identifier>
    <location>
         <url displayLabel="Content Detail" access="object in context">https://www.govinfo.gov/app/details/BILLS-118hjres98rh</url>
         <url displayLabel="HTML rendition" access="raw object">https://www.govinfo.gov/content/pkg/BILLS-118hjres98rh/html/BILLS-118hjres98rh.htm</url>
         <url displayLabel="PDF rendition" access="raw object">https://www.govinfo.gov/content/pkg/BILLS-118hjres98rh/pdf/BILLS-118hjres98rh.pdf</url>
         <url displayLabel="XML rendition" access="raw object">https://www.govinfo.gov/content/pkg/BILLS-118hjres98rh/xml/BILLS-118hjres98rh.xml</url>
    </location>
    <accessCondition type="GPO scope determination">fdlp</accessCondition>
    <recordInfo>
         <recordContentSource authority="marcorg">DGPO</recordContentSource>
         <recordCreationDate encoding="w3cdtf">2024-01-03</recordCreationDate>
         <recordChangeDate encoding="w3cdtf">2024-01-04</recordChangeDate>
         <recordIdentifier source="DGPO">BILLS-118hjres98rh</recordIdentifier>
         <recordOrigin>machine generated</recordOrigin>
         <languageOfCataloging>
              <languageTerm type="code" authority="iso639-2b">eng</languageTerm>
        </languageOfCataloging>
    </recordInfo>
    <name type="personal">
         <namePart>John James</namePart>
         <affiliation>United States House of Representatives</affiliation>
         <role>
              <roleTerm authority="marcrelator" type="text">sponsor</roleTerm>
              <roleTerm authority="marcrelator" type="code">spn</roleTerm>
        </role>
         <description>United States Congress Member</description>
    </name>
    <name type="personal">
         <namePart>Virginia Foxx</namePart>
         <affiliation>United States House of Representatives</affiliation>
         <role>
              <roleTerm type="text">cosponsor</roleTerm>
        </role>
         <description>United States Congress Member</description>
    </name>
    <name type="personal">
         <namePart>Mike Johnson</namePart>
         <affiliation>United States House of Representatives</affiliation>
         <role>
              <roleTerm type="text">cosponsor</roleTerm>
        </role>
         <description>United States Congress Member</description>
    </name>
    <name type="personal">
         <namePart>Jim Banks</namePart>
         <affiliation>United States House of Representatives</affiliation>
         <role>
              <roleTerm type="text">cosponsor</roleTerm>
        </role>
         <description>United States Congress Member</description>
    </name>
    <name type="personal">
         <namePart>Aaron Bean</namePart>
         <affiliation>United States House of Representatives</affiliation>
         <role>
              <roleTerm type="text">cosponsor</roleTerm>
        </role>
         <description>United States Congress Member</description>
    </name>
    <name type="personal">
         <namePart>Earl L. &quot;Buddy&quot; Carter</namePart>
         <affiliation>United States House of Representatives</affiliation>
         <role>
              <roleTerm type="text">cosponsor</roleTerm>
        </role>
         <description>United States Congress Member</description>
    </name>
    <name type="personal">
         <namePart>Tom Cole</namePart>
         <affiliation>United States House of Representatives</affiliation>
         <role>
              <roleTerm type="text">cosponsor</roleTerm>
        </role>
         <description>United States Congress Member</description>
    </name>
    <name type="personal">
         <namePart>James Comer</namePart>
         <affiliation>United States House of Representatives</affiliation>
         <role>
              <roleTerm type="text">cosponsor</roleTerm>
        </role>
         <description>United States Congress Member</description>
    </name>
    <name type="personal">
         <namePart>Eric A. &quot;Rick&quot; Crawford</namePart>
         <affiliation>United States House of Representatives</affiliation>
         <role>
              <roleTerm type="text">cosponsor</roleTerm>
        </role>
         <description>United States Congress Member</description>
    </name>
    <name type="personal">
         <namePart>Jeff Duncan</namePart>
         <affiliation>United States House of Representatives</affiliation>
         <role>
              <roleTerm type="text">cosponsor</roleTerm>
        </role>
         <description>United States Congress Member</description>
    </name>
    <name type="personal">
         <namePart>Scott Fitzgerald</namePart>
         <affiliation>United States House of Representatives</affiliation>
         <role>
              <roleTerm type="text">cosponsor</roleTerm>
        </role>
         <description>United States Congress Member</description>
    </name>
    <name type="personal">
         <namePart>Bob Good</namePart>
         <affiliation>United States House of Representatives</affiliation>
         <role>
              <roleTerm type="text">cosponsor</roleTerm>
        </role>
         <description>United States Congress Member</description>
    </name>
    <name type="personal">
         <namePart>Lance Gooden</namePart>
         <affiliation>United States House of Representatives</affiliation>
         <role>
              <roleTerm type="text">cosponsor</roleTerm>
        </role>
         <description>United States Congress Member</description>
    </name>
    <name type="personal">
         <namePart>Diana Harshbarger</namePart>
         <affiliation>United States House of Representatives</affiliation>
         <role>
              <roleTerm type="text">cosponsor</roleTerm>
        </role>
         <description>United States Congress Member</description>
    </name>
    <name type="personal">
         <namePart>Clay Higgins</namePart>
         <affiliation>United States House of Representatives</affiliation>
         <role>
              <roleTerm type="text">cosponsor</roleTerm>
        </role>
         <description>United States Congress Member</description>
    </name>
    <name type="personal">
         <namePart>Ashley Hinson</namePart>
         <affiliation>United States House of Representatives</affiliation>
         <role>
              <roleTerm type="text">cosponsor</roleTerm>
        </role>
         <description>United States Congress Member</description>
    </name>
    <name type="personal">
         <namePart>Erin Houchin</namePart>
         <affiliation>United States House of Representatives</affiliation>
         <role>
              <roleTerm type="text">cosponsor</roleTerm>
        </role>
         <description>United States Congress Member</description>
    </name>
    <name type="personal">
         <namePart>Jake LaTurner</namePart>
         <affiliation>United States House of Representatives</affiliation>
         <role>
              <roleTerm type="text">cosponsor</roleTerm>
        </role>
         <description>United States Congress Member</description>
    </name>
    <name type="personal">
         <namePart>Julia Letlow</namePart>
         <affiliation>United States House of Representatives</affiliation>
         <role>
              <roleTerm type="text">cosponsor</roleTerm>
        </role>
         <description>United States Congress Member</description>
    </name>
    <name type="personal">
         <namePart>Lisa C. McClain</namePart>
         <affiliation>United States House of Representatives</affiliation>
         <role>
              <roleTerm type="text">cosponsor</roleTerm>
        </role>
         <description>United States Congress Member</description>
    </name>
    <name type="personal">
         <namePart>John R. Moolenaar</namePart>
         <affiliation>United States House of Representatives</affiliation>
         <role>
              <roleTerm type="text">cosponsor</roleTerm>
        </role>
         <description>United States Congress Member</description>
    </name>
    <name type="personal">
         <namePart>Alexander X. Mooney</namePart>
         <affiliation>United States House of Representatives</affiliation>
         <role>
              <roleTerm type="text">cosponsor</roleTerm>
        </role>
         <description>United States Congress Member</description>
    </name>
    <name type="personal">
         <namePart>Greg Pence</namePart>
         <affiliation>United States House of Representatives</affiliation>
         <role>
              <roleTerm type="text">cosponsor</roleTerm>
        </role>
         <description>United States Congress Member</description>
    </name>
    <name type="personal">
         <namePart>John W. Rose</namePart>
         <affiliation>United States House of Representatives</affiliation>
         <role>
              <roleTerm type="text">cosponsor</roleTerm>
        </role>
         <description>United States Congress Member</description>
    </name>
    <name type="personal">
         <namePart>Adrian Smith</namePart>
         <affiliation>United States House of Representatives</affiliation>
         <role>
              <roleTerm type="text">cosponsor</roleTerm>
        </role>
         <description>United States Congress Member</description>
    </name>
    <name type="personal">
         <namePart>Michelle Steel</namePart>
         <affiliation>United States House of Representatives</affiliation>
         <role>
              <roleTerm type="text">cosponsor</roleTerm>
        </role>
         <description>United States Congress Member</description>
    </name>
    <name type="personal">
         <namePart>Glenn Thompson</namePart>
         <affiliation>United States House of Representatives</affiliation>
         <role>
              <roleTerm type="text">cosponsor</roleTerm>
        </role>
         <description>United States Congress Member</description>
    </name>
    <name type="personal">
         <namePart>Tim Walberg</namePart>
         <affiliation>United States House of Representatives</affiliation>
         <role>
              <roleTerm type="text">cosponsor</roleTerm>
        </role>
         <description>United States Congress Member</description>
    </name>
    <name type="personal">
         <namePart>Elise M. Stefanik</namePart>
         <affiliation>United States House of Representatives</affiliation>
         <role>
              <roleTerm type="text">cosponsor</roleTerm>
        </role>
         <description>United States Congress Member</description>
    </name>
    <name type="personal">
         <namePart>David G. Valadao</namePart>
         <affiliation>United States House of Representatives</affiliation>
         <role>
              <roleTerm type="text">cosponsor</roleTerm>
        </role>
         <description>United States Congress Member</description>
    </name>
    <name type="personal">
         <namePart>Robert E. Latta</namePart>
         <affiliation>United States House of Representatives</affiliation>
         <role>
              <roleTerm type="text">cosponsor</roleTerm>
        </role>
         <description>United States Congress Member</description>
    </name>
    <name type="personal">
         <namePart>Nathaniel Moran</namePart>
         <affiliation>United States House of Representatives</affiliation>
         <role>
              <roleTerm type="text">cosponsor</roleTerm>
        </role>
         <description>United States Congress Member</description>
    </name>
    <name type="personal">
         <namePart>Rudy Yakym III</namePart>
         <affiliation>United States House of Representatives</affiliation>
         <role>
              <roleTerm type="text">cosponsor</roleTerm>
        </role>
         <description>United States Congress Member</description>
    </name>
    <name type="personal">
         <namePart>Rick W. Allen</namePart>
         <affiliation>United States House of Representatives</affiliation>
         <role>
              <roleTerm type="text">cosponsor</roleTerm>
        </role>
         <description>United States Congress Member</description>
    </name>
    <name type="personal">
         <namePart>John H. Rutherford</namePart>
         <affiliation>United States House of Representatives</affiliation>
         <role>
              <roleTerm type="text">cosponsor</roleTerm>
        </role>
         <description>United States Congress Member</description>
    </name>
    <name type="personal">
         <namePart>Warren Davidson</namePart>
         <affiliation>United States House of Representatives</affiliation>
         <role>
              <roleTerm type="text">cosponsor</roleTerm>
        </role>
         <description>United States Congress Member</description>
    </name>
    <name type="personal">
         <namePart>Jerry L. Carl</namePart>
         <affiliation>United States House of Representatives</affiliation>
         <role>
              <roleTerm type="text">cosponsor</roleTerm>
        </role>
         <description>United States Congress Member</description>
    </name>
    <name type="personal">
         <namePart>Tracey Mann</namePart>
         <affiliation>United States House of Representatives</affiliation>
         <role>
              <roleTerm type="text">cosponsor</roleTerm>
        </role>
         <description>United States Congress Member</description>
    </name>
    <name type="personal">
         <namePart>Larry Bucshon</namePart>
         <affiliation>United States House of Representatives</affiliation>
         <role>
              <roleTerm type="text">cosponsor</roleTerm>
        </role>
         <description>United States Congress Member</description>
    </name>
    <name type="personal">
         <namePart>Nicholas A. Langworthy</namePart>
         <affiliation>United States House of Representatives</affiliation>
         <role>
              <roleTerm type="text">cosponsor</roleTerm>
        </role>
         <description>United States Congress Member</description>
    </name>
    <name type="personal">
         <namePart>Daniel Meuser</namePart>
         <affiliation>United States House of Representatives</affiliation>
         <role>
              <roleTerm type="text">cosponsor</roleTerm>
        </role>
         <description>United States Congress Member</description>
    </name>
    <name type="personal">
         <namePart>Troy Balderson</namePart>
         <affiliation>United States House of Representatives</affiliation>
         <role>
              <roleTerm type="text">cosponsor</roleTerm>
        </role>
         <description>United States Congress Member</description>
    </name>
    <name type="personal">
         <namePart>Pete Stauber</namePart>
         <affiliation>United States House of Representatives</affiliation>
         <role>
              <roleTerm type="text">cosponsor</roleTerm>
        </role>
         <description>United States Congress Member</description>
    </name>
    <name type="personal">
         <namePart>Kevin Kiley</namePart>
         <affiliation>United States House of Representatives</affiliation>
         <role>
              <roleTerm type="text">cosponsor</roleTerm>
        </role>
         <description>United States Congress Member</description>
    </name>
    <name type="personal">
         <namePart>Cathy McMorris Rodgers</namePart>
         <affiliation>United States House of Representatives</affiliation>
         <role>
              <roleTerm type="text">cosponsor</roleTerm>
        </role>
         <description>United States Congress Member</description>
    </name>
    <name type="personal">
         <namePart>Andy Barr</namePart>
         <affiliation>United States House of Representatives</affiliation>
         <role>
              <roleTerm type="text">cosponsor</roleTerm>
        </role>
         <description>United States Congress Member</description>
    </name>
    <name type="personal">
         <namePart>Scott Perry</namePart>
         <affiliation>United States House of Representatives</affiliation>
         <role>
              <roleTerm type="text">cosponsor</roleTerm>
        </role>
         <description>United States Congress Member</description>
    </name>
    <name type="personal">
         <namePart>Harriet M. Hageman</namePart>
         <affiliation>United States House of Representatives</affiliation>
         <role>
              <roleTerm type="text">cosponsor</roleTerm>
        </role>
         <description>United States Congress Member</description>
    </name>
    <name type="personal">
         <namePart>Stephanie I. Bice</namePart>
         <affiliation>United States House of Representatives</affiliation>
         <role>
              <roleTerm type="text">cosponsor</roleTerm>
        </role>
         <description>United States Congress Member</description>
    </name>
    <name type="personal">
         <namePart>David P. Joyce</namePart>
         <affiliation>United States House of Representatives</affiliation>
         <role>
              <roleTerm type="text">cosponsor</roleTerm>
        </role>
         <description>United States Congress Member</description>
    </name>
    <name type="personal">
         <namePart>Brett Guthrie</namePart>
         <affiliation>United States House of Representatives</affiliation>
         <role>
              <roleTerm type="text">cosponsor</roleTerm>
        </role>
         <description>United States Congress Member</description>
    </name>
    <name type="personal">
         <namePart>Kevin Hern</namePart>
         <affiliation>United States House of Representatives</affiliation>
         <role>
              <roleTerm type="text">cosponsor</roleTerm>
        </role>
         <description>United States Congress Member</description>
    </name>
    <name type="personal">
         <namePart>Paul A. Gosar</namePart>
         <affiliation>United States House of Representatives</affiliation>
         <role>
              <roleTerm type="text">cosponsor</roleTerm>
        </role>
         <description>United States Congress Member</description>
    </name>
    <name type="personal">
         <namePart>Eric Burlison</namePart>
         <affiliation>United States House of Representatives</affiliation>
         <role>
              <roleTerm type="text">cosponsor</roleTerm>
        </role>
         <description>United States Congress Member</description>
    </name>
    <name type="personal">
         <namePart>Debbie Lesko</namePart>
         <affiliation>United States House of Representatives</affiliation>
         <role>
              <roleTerm type="text">cosponsor</roleTerm>
        </role>
         <description>United States Congress Member</description>
    </name>
    <name type="personal">
         <namePart>Brad Finstad</namePart>
         <affiliation>United States House of Representatives</affiliation>
         <role>
              <roleTerm type="text">cosponsor</roleTerm>
        </role>
         <description>United States Congress Member</description>
    </name>
    <name type="personal">
         <namePart>Chuck Edwards</namePart>
         <affiliation>United States House of Representatives</affiliation>
         <role>
              <roleTerm type="text">cosponsor</roleTerm>
        </role>
         <description>United States Congress Member</description>
    </name>
    <name type="personal">
         <namePart>James R. Baird</namePart>
         <affiliation>United States House of Representatives</affiliation>
         <role>
              <roleTerm type="text">cosponsor</roleTerm>
        </role>
         <description>United States Congress Member</description>
    </name>
    <name type="personal">
         <namePart>Young Kim</namePart>
         <affiliation>United States House of Representatives</affiliation>
         <role>
              <roleTerm type="text">cosponsor</roleTerm>
        </role>
         <description>United States Congress Member</description>
    </name>
    <name type="personal">
         <namePart>Carol D. Miller</namePart>
         <affiliation>United States House of Representatives</affiliation>
         <role>
              <roleTerm type="text">cosponsor</roleTerm>
        </role>
         <description>United States Congress Member</description>
    </name>
    <name type="personal">
         <namePart>Glenn Grothman</namePart>
         <affiliation>United States House of Representatives</affiliation>
         <role>
              <roleTerm type="text">cosponsor</roleTerm>
        </role>
         <description>United States Congress Member</description>
    </name>
    <name type="personal">
         <namePart>John Joyce</namePart>
         <affiliation>United States House of Representatives</affiliation>
         <role>
              <roleTerm type="text">cosponsor</roleTerm>
        </role>
         <description>United States Congress Member</description>
    </name>
    <name type="personal">
         <namePart>Roger Williams</namePart>
         <affiliation>United States House of Representatives</affiliation>
         <role>
              <roleTerm type="text">cosponsor</roleTerm>
        </role>
         <description>United States Congress Member</description>
    </name>
    <name type="personal">
         <namePart>Gregory Murphy</namePart>
         <affiliation>United States House of Representatives</affiliation>
         <role>
              <roleTerm type="text">cosponsor</roleTerm>
        </role>
         <description>United States Congress Member</description>
    </name>
    <name type="personal">
         <namePart>David Rouzer</namePart>
         <affiliation>United States House of Representatives</affiliation>
         <role>
              <roleTerm type="text">cosponsor</roleTerm>
        </role>
         <description>United States Congress Member</description>
    </name>
    <name type="personal">
         <namePart>Steve Womack</namePart>
         <affiliation>United States House of Representatives</affiliation>
         <role>
              <roleTerm type="text">cosponsor</roleTerm>
        </role>
         <description>United States Congress Member</description>
    </name>
    <name type="personal">
         <namePart>William R. Timmons IV</namePart>
         <affiliation>United States House of Representatives</affiliation>
         <role>
              <roleTerm type="text">cosponsor</roleTerm>
        </role>
         <description>United States Congress Member</description>
    </name>
    <name type="personal">
         <namePart>Dusty Johnson</namePart>
         <affiliation>United States House of Representatives</affiliation>
         <role>
              <roleTerm type="text">cosponsor</roleTerm>
        </role>
         <description>United States Congress Member</description>
    </name>
    <name type="personal">
         <namePart>Brandon Williams</namePart>
         <affiliation>United States House of Representatives</affiliation>
         <role>
              <roleTerm type="text">cosponsor</roleTerm>
        </role>
         <description>United States Congress Member</description>
    </name>
    <name type="corporate">
         <namePart>United States</namePart>
         <namePart>Congress</namePart>
         <namePart>House of Representatives</namePart>
         <namePart>Committee on Education and the Workforce</namePart>
         <role>
              <roleTerm authority="marcrelator" type="text">associated name</roleTerm>
              <roleTerm authority="marcrelator" type="code">asn</roleTerm>
        </role>
    </name>
    <relatedItem type="isReferencedBy">
         <titleInfo>
              <title>United States Code</title>
              <partNumber>Title 5 Chapter 8</partNumber>
        </titleInfo>
         <identifier type="USC citation">5 U.S.C. Chapter 8</identifier>
    </relatedItem>
    <relatedItem type="isReferencedBy">
         <titleInfo>
              <title>United States House Report 338 (118th Congress)</title>
        </titleInfo>
         <identifier type="congressional report citation">H. Rept. 118-338</identifier>
    </relatedItem>
    <relatedItem type="isReferencedBy">
         <titleInfo>
              <title>United States Union Calendar No. 277</title>
        </titleInfo>
         <identifier type="congressional calendar citation">Union Calendar No. 277</identifier>
    </relatedItem>
    <extension>
         <docClass>hjres</docClass>
         <accessId>BILLS-118hjres98rh</accessId>
         <congress>118</congress>
         <session>1</session>
         <originChamber>HOUSE</originChamber>
         <currentChamber>HOUSE</currentChamber>
         <billNumber>98</billNumber>
         <billVersion reprint="false">rh</billVersion>
         <fileSuffix>rh</fileSuffix>
         <officialTitle>Providing for congressional disapproval under chapter 8 of title 5, United States Code, of the rule submitted by the National Labor Relations Board relating to Standard for Determining Joint Employer Status.</officialTitle>
         <action date="2024-01-03">Additional sponsors: Mr. Latta, Mr. Moran, Mr. Yakym, Mr. Allen, Mr. Rutherford, Mr. Davidson, Mr. Carl, Mr. Mann, Mr. Bucshon, Mr. Langworthy, Mr. Meuser, Mr. Balderson, Mr. Stauber, Mr. Kiley, Mrs. Rodgers of Washington, Mr. Barr, Mr. Perry, Ms. Hageman, Mrs. Bice, Mr. Joyce of Ohio, Mr. Guthrie, Mr. Hern, Mr. Gosar, Mr. Burlison, Mrs. Lesko, Mr. Finstad, Mr. Edwards, Mr. Baird, Mrs. Kim of California, Mrs. Miller of West Virginia, Mr. Grothman, Mr. Joyce of Pennsylvania, Mr. Williams of Texas, Mr. Murphy, Mr. Rouzer, Mr. Womack, Mr. Timmons, Mr. Johnson of South Dakota, and Mr. Williams of New York</action>
         <action date="2024-01-03">Committed to the Committee of the Whole House on the State of the Union and ordered to be printed</action>
         <action date="2023-11-09">Mr. James (for himself, Ms. Foxx, Mr. Johnson of Louisiana, Mr. Banks, Mr. Bean of Florida, Mr. Carter of Georgia, Mr. Cole, Mr. Comer, Mr. Crawford, Mr. Duncan, Mr. Fitzgerald, Mr. Good of Virginia, Mr. Gooden of Texas, Mrs. Harshbarger, Mr. Higgins of Louisiana, Mrs. Hinson, Mrs. Houchin, Mr. LaTurner, Ms. Letlow, Mrs. McClain, Mr. Moolenaar, Mr. Mooney, Mr. Pence, Mr. Rose, Mr. Smith of Nebraska, Mrs. Steel, Mr. Thompson of Pennsylvania, Mr. Walberg, Ms. Stefanik, and Mr. Valadao) submitted the following joint resolution; which was referred to the Committee on Education and the Workforce</action>
         <congCommittee authorityId="hsed00" chamber="H" congress="118" type="S">
                                
              <name type="authority-standard">Committee on Education and the Workforce</name>
                                
              <name type="authority-short">Education and the Workforce</name>
                            
        </congCommittee>
         <congMember bioGuideId="J000307" chamber="H" congress="118" party="R" role="SPONSOR" state="MI">
                                
              <name type="parsed">Mr. James</name>
                                
              <name type="authority-fnf">John James</name>
                                
              <name type="authority-lnf">James, John</name>
                            
        </congMember>
         <congMember bioGuideId="F000450" chamber="H" congress="118" party="R" role="COSPONSOR" state="NC">
                                
              <name type="parsed">Ms. Foxx</name>
                                
              <name type="authority-fnf">Virginia Foxx</name>
                                
              <name type="authority-lnf">Foxx, Virginia</name>
                            
        </congMember>
         <congMember bioGuideId="J000299" chamber="H" congress="118" party="R" role="COSPONSOR" state="LA">
                                
              <name type="parsed">Mr. Johnson of Louisiana</name>
                                
              <name type="authority-fnf">Mike Johnson</name>
                                
              <name type="authority-lnf">Johnson, Mike</name>
                            
        </congMember>
         <congMember bioGuideId="B001299" chamber="H" congress="118" party="R" role="COSPONSOR" state="IN">
                                
              <name type="parsed">Mr. Banks</name>
                                
              <name type="authority-fnf">Jim Banks</name>
                                
              <name type="authority-lnf">Banks, Jim</name>
                            
        </congMember>
         <congMember bioGuideId="B001314" chamber="H" congress="118" party="R" role="COSPONSOR" state="FL">
                                
              <name type="parsed">Mr. Bean of Florida</name>
                                
              <name type="authority-fnf">Aaron Bean</name>
                                
              <name type="authority-lnf">Bean, Aaron</name>
                            
        </congMember>
         <congMember bioGuideId="C001103" chamber="H" congress="118" party="R" role="COSPONSOR" state="GA">
                                
              <name type="parsed">Mr. Carter of Georgia</name>
                                
              <name type="authority-fnf">Earl L. &quot;Buddy&quot; Carter</name>
                                
              <name type="authority-lnf">Carter, Earl L. &quot;Buddy&quot;</name>
                                
              <name type="authority-other">Mr. Earl Carter</name>
                            
        </congMember>
         <congMember bioGuideId="C001053" chamber="H" congress="118" party="R" role="COSPONSOR" state="OK">
                                
              <name type="parsed">Mr. Cole</name>
                                
              <name type="authority-fnf">Tom Cole</name>
                                
              <name type="authority-lnf">Cole, Tom</name>
                            
        </congMember>
         <congMember bioGuideId="C001108" chamber="H" congress="118" party="R" role="COSPONSOR" state="KY">
                                
              <name type="parsed">Mr. Comer</name>
                                
              <name type="authority-fnf">James Comer</name>
                                
              <name type="authority-lnf">Comer, James</name>
                            
        </congMember>
         <congMember bioGuideId="C001087" chamber="H" congress="118" party="R" role="COSPONSOR" state="AR">
                                
              <name type="parsed">Mr. Crawford</name>
                                
              <name type="authority-fnf">Eric A. &quot;Rick&quot; Crawford</name>
                                
              <name type="authority-lnf">Crawford, Eric A. &quot;Rick&quot;</name>
                                
              <name type="authority-other">Mr. Eric Crawford</name>
                            
        </congMember>
         <congMember bioGuideId="D000615" chamber="H" congress="118" party="R" role="COSPONSOR" state="SC">
                                
              <name type="parsed">Mr. Duncan</name>
                                
              <name type="authority-fnf">Jeff Duncan</name>
                                
              <name type="authority-lnf">Duncan, Jeff</name>
                            
        </congMember>
         <congMember bioGuideId="F000471" chamber="H" congress="118" party="R" role="COSPONSOR" state="WI">
                                
              <name type="parsed">Mr. Fitzgerald</name>
                                
              <name type="authority-fnf">Scott Fitzgerald</name>
                                
              <name type="authority-lnf">Fitzgerald, Scott</name>
                            
        </congMember>
         <congMember bioGuideId="G000595" chamber="H" congress="118" party="R" role="COSPONSOR" state="VA">
                                
              <name type="parsed">Mr. Good of Virginia</name>
                                
              <name type="authority-fnf">Bob Good</name>
                                
              <name type="authority-lnf">Good, Bob</name>
                            
        </congMember>
         <congMember bioGuideId="G000589" chamber="H" congress="118" party="R" role="COSPONSOR" state="TX">
                                
              <name type="parsed">Mr. Gooden of Texas</name>
                                
              <name type="authority-fnf">Lance Gooden</name>
                                
              <name type="authority-lnf">Gooden, Lance</name>
                            
        </congMember>
         <congMember bioGuideId="H001086" chamber="H" congress="118" party="R" role="COSPONSOR" state="TN">
                                
              <name type="parsed">Mrs. Harshbarger</name>
                                
              <name type="authority-fnf">Diana Harshbarger</name>
                                
              <name type="authority-lnf">Harshbarger, Diana</name>
                            
        </congMember>
         <congMember bioGuideId="H001077" chamber="H" congress="118" party="R" role="COSPONSOR" state="LA">
                                
              <name type="parsed">Mr. Higgins of Louisiana</name>
                                
              <name type="authority-fnf">Clay Higgins</name>
                                
              <name type="authority-lnf">Higgins, Clay</name>
                            
        </congMember>
         <congMember bioGuideId="H001091" chamber="H" congress="118" party="R" role="COSPONSOR" state="IA">
                                
              <name type="parsed">Mrs. Hinson</name>
                                
              <name type="authority-fnf">Ashley Hinson</name>
                                
              <name type="authority-lnf">Hinson, Ashley</name>
                            
        </congMember>
         <congMember bioGuideId="H001093" chamber="H" congress="118" party="R" role="COSPONSOR" state="IN">
                                
              <name type="parsed">Mrs. Houchin</name>
                                
              <name type="authority-fnf">Erin Houchin</name>
                                
              <name type="authority-lnf">Houchin, Erin</name>
                            
        </congMember>
         <congMember bioGuideId="L000266" chamber="H" congress="118" party="R" role="COSPONSOR" state="KS">
                                
              <name type="parsed">Mr. LaTurner</name>
                                
              <name type="authority-fnf">Jake LaTurner</name>
                                
              <name type="authority-lnf">LaTurner, Jake</name>
                            
        </congMember>
         <congMember bioGuideId="L000595" chamber="H" congress="118" party="R" role="COSPONSOR" state="LA">
                                
              <name type="parsed">Ms. Letlow</name>
                                
              <name type="authority-fnf">Julia Letlow</name>
                                
              <name type="authority-lnf">Letlow, Julia</name>
                            
        </congMember>
         <congMember bioGuideId="M001136" chamber="H" congress="118" party="R" role="COSPONSOR" state="MI">
                                
              <name type="parsed">Mrs. McClain</name>
                                
              <name type="authority-fnf">Lisa C. McClain</name>
                                
              <name type="authority-lnf">McClain, Lisa C.</name>
                                
              <name type="authority-other">Mrs. Lisa Mcclain</name>
                            
        </congMember>
         <congMember bioGuideId="M001194" chamber="H" congress="118" party="R" role="COSPONSOR" state="MI">
                                
              <name type="parsed">Mr. Moolenaar</name>
                                
              <name type="authority-fnf">John R. Moolenaar</name>
                                
              <name type="authority-lnf">Moolenaar, John R.</name>
                                
              <name type="authority-other">Mr. John Moolenaar</name>
                            
        </congMember>
         <congMember bioGuideId="M001195" chamber="H" congress="118" party="R" role="COSPONSOR" state="WV">
                                
              <name type="parsed">Mr. Mooney</name>
                                
              <name type="authority-fnf">Alexander X. Mooney</name>
                                
              <name type="authority-lnf">Mooney, Alexander X.</name>
                                
              <name type="authority-other">Mr. Alexander Mooney</name>
                            
        </congMember>
         <congMember bioGuideId="P000615" chamber="H" congress="118" party="R" role="COSPONSOR" state="IN">
                                
              <name type="parsed">Mr. Pence</name>
                                
              <name type="authority-fnf">Greg Pence</name>
                                
              <name type="authority-lnf">Pence, Greg</name>
                            
        </congMember>
         <congMember bioGuideId="R000612" chamber="H" congress="118" party="R" role="COSPONSOR" state="TN">
                                
              <name type="parsed">Mr. Rose</name>
                                
              <name type="authority-fnf">John W. Rose</name>
                                
              <name type="authority-lnf">Rose, John W.</name>
                                
              <name type="authority-other">Mr. John Rose</name>
                            
        </congMember>
         <congMember bioGuideId="S001172" chamber="H" congress="118" party="R" role="COSPONSOR" state="NE">
                                
              <name type="parsed">Mr. Smith of Nebraska</name>
                                
              <name type="authority-fnf">Adrian Smith</name>
                                
              <name type="authority-lnf">Smith, Adrian</name>
                            
        </congMember>
         <congMember bioGuideId="S001135" chamber="H" congress="118" party="R" role="COSPONSOR" state="CA">
                                
              <name type="parsed">Mrs. Steel</name>
                                
              <name type="authority-fnf">Michelle Steel</name>
                                
              <name type="authority-lnf">Steel, Michelle</name>
                            
        </congMember>
         <congMember bioGuideId="T000467" chamber="H" congress="118" party="R" role="COSPONSOR" state="PA">
                                
              <name type="parsed">Mr. Thompson of Pennsylvania</name>
                                
              <name type="authority-fnf">Glenn Thompson</name>
                                
              <name type="authority-lnf">Thompson, Glenn</name>
                            
        </congMember>
         <congMember bioGuideId="W000798" chamber="H" congress="118" party="R" role="COSPONSOR" state="MI">
                                
              <name type="parsed">Mr. Walberg</name>
                                
              <name type="authority-fnf">Tim Walberg</name>
                                
              <name type="authority-lnf">Walberg, Tim</name>
                            
        </congMember>
         <congMember bioGuideId="S001196" chamber="H" congress="118" party="R" role="COSPONSOR" state="NY">
                                
              <name type="parsed">Ms. Stefanik</name>
                                
              <name type="authority-fnf">Elise M. Stefanik</name>
                                
              <name type="authority-lnf">Stefanik, Elise M.</name>
                                
              <name type="authority-other">Ms. Elise Stefanik</name>
                            
        </congMember>
         <congMember bioGuideId="V000129" chamber="H" congress="118" party="R" role="COSPONSOR" state="CA">
                                
              <name type="parsed">Mr. Valadao</name>
                                
              <name type="authority-fnf">David G. Valadao</name>
                                
              <name type="authority-lnf">Valadao, David G.</name>
                                
              <name type="authority-other">Mr. David Valadao</name>
                            
        </congMember>
         <congMember bioGuideId="L000566" chamber="H" congress="118" party="R" role="COSPONSOR" state="OH">
                                
              <name type="parsed">Mr. Latta</name>
                                
              <name type="authority-fnf">Robert E. Latta</name>
                                
              <name type="authority-lnf">Latta, Robert E.</name>
                                
              <name type="authority-other">Mr. Robert Latta</name>
                            
        </congMember>
         <congMember bioGuideId="M001224" chamber="H" congress="118" party="R" role="COSPONSOR" state="TX">
                                
              <name type="parsed">Mr. Moran</name>
                                
              <name type="authority-fnf">Nathaniel Moran</name>
                                
              <name type="authority-lnf">Moran, Nathaniel</name>
                            
        </congMember>
         <congMember bioGuideId="Y000067" chamber="H" congress="118" party="R" role="COSPONSOR" state="IN">
                                
              <name type="parsed">Mr. Yakym</name>
                                
              <name type="authority-fnf">Rudy Yakym III</name>
                                
              <name type="authority-lnf">Yakym, Rudy</name>
                                
              <name type="authority-other">Rudy Yakym III</name>
                            
        </congMember>
         <congMember bioGuideId="A000372" chamber="H" congress="118" party="R" role="COSPONSOR" state="GA">
                                
              <name type="parsed">Mr. Allen</name>
                                
              <name type="authority-fnf">Rick W. Allen</name>
                                
              <name type="authority-lnf">Allen, Rick W.</name>
                                
              <name type="authority-other">Mr. Rick Allen</name>
                            
        </congMember>
         <congMember bioGuideId="R000609" chamber="H" congress="118" party="R" role="COSPONSOR" state="FL">
                                
              <name type="parsed">Mr. Rutherford</name>
                                
              <name type="authority-fnf">John H. Rutherford</name>
                                
              <name type="authority-lnf">Rutherford, John H.</name>
                                
              <name type="authority-other">Mr. John Rutherford</name>
                            
        </congMember>
         <congMember bioGuideId="D000626" chamber="H" congress="118" party="R" role="COSPONSOR" state="OH">
                                
              <name type="parsed">Mr. Davidson</name>
                                
              <name type="authority-fnf">Warren Davidson</name>
                                
              <name type="authority-lnf">Davidson, Warren</name>
                            
        </congMember>
         <congMember bioGuideId="C001054" chamber="H" congress="118" party="R" role="COSPONSOR" state="AL">
                                
              <name type="parsed">Mr. Carl</name>
                                
              <name type="authority-fnf">Jerry L. Carl</name>
                                
              <name type="authority-lnf">Carl, Jerry L.</name>
                                
              <name type="authority-other">Mr. Jerry Carl</name>
                            
        </congMember>
         <congMember bioGuideId="M000871" chamber="H" congress="118" party="R" role="COSPONSOR" state="KS">
                                
              <name type="parsed">Mr. Mann</name>
                                
              <name type="authority-fnf">Tracey Mann</name>
                                
              <name type="authority-lnf">Mann, Tracey</name>
                            
        </congMember>
         <congMember bioGuideId="B001275" chamber="H" congress="118" party="R" role="COSPONSOR" state="IN">
                                
              <name type="parsed">Mr. Bucshon</name>
                                
              <name type="authority-fnf">Larry Bucshon</name>
                                
              <name type="authority-lnf">Bucshon, Larry</name>
                            
        </congMember>
         <congMember bioGuideId="L000600" chamber="H" congress="118" party="R" role="COSPONSOR" state="NY">
                                
              <name type="parsed">Mr. Langworthy</name>
                                
              <name type="authority-fnf">Nicholas A. Langworthy</name>
                                
              <name type="authority-lnf">Langworthy, Nicholas A.</name>
                                
              <name type="authority-other">Nicholas Langworthy</name>
                            
        </congMember>
         <congMember bioGuideId="M001204" chamber="H" congress="118" party="R" role="COSPONSOR" state="PA">
                                
              <name type="parsed">Mr. Meuser</name>
                                
              <name type="authority-fnf">Daniel Meuser</name>
                                
              <name type="authority-lnf">Meuser, Daniel</name>
                            
        </congMember>
         <congMember bioGuideId="B001306" chamber="H" congress="118" party="R" role="COSPONSOR" state="OH">
                                
              <name type="parsed">Mr. Balderson</name>
                                
              <name type="authority-fnf">Troy Balderson</name>
                                
              <name type="authority-lnf">Balderson, Troy</name>
                            
        </congMember>
         <congMember bioGuideId="S001212" chamber="H" congress="118" party="R" role="COSPONSOR" state="MN">
                                
              <name type="parsed">Mr. Stauber</name>
                                
              <name type="authority-fnf">Pete Stauber</name>
                                
              <name type="authority-lnf">Stauber, Pete</name>
                            
        </congMember>
         <congMember bioGuideId="K000401" chamber="H" congress="118" party="R" role="COSPONSOR" state="CA">
                                
              <name type="parsed">Mr. Kiley</name>
                                
              <name type="authority-fnf">Kevin Kiley</name>
                                
              <name type="authority-lnf">Kiley, Kevin</name>
                            
        </congMember>
         <congMember bioGuideId="M001159" chamber="H" congress="118" party="R" role="COSPONSOR" state="WA">
                                
              <name type="parsed">Mrs. Rodgers of Washington</name>
                                
              <name type="authority-fnf">Cathy McMorris Rodgers</name>
                                
              <name type="authority-lnf">McMorris Rodgers, Cathy</name>
                                
              <name type="authority-other">Mrs. Cathy Rodgers</name>
                            
        </congMember>
         <congMember bioGuideId="B001282" chamber="H" congress="118" party="R" role="COSPONSOR" state="KY">
                                
              <name type="parsed">Mr. Barr</name>
                                
              <name type="authority-fnf">Andy Barr</name>
                                
              <name type="authority-lnf">Barr, Andy</name>
                            
        </congMember>
         <congMember bioGuideId="P000605" chamber="H" congress="118" party="R" role="COSPONSOR" state="PA">
                                
              <name type="parsed">Mr. Perry</name>
                                
              <name type="authority-fnf">Scott Perry</name>
                                
              <name type="authority-lnf">Perry, Scott</name>
                            
        </congMember>
         <congMember bioGuideId="H001096" chamber="H" congress="118" party="R" role="COSPONSOR" state="WY">
                                
              <name type="parsed">Ms. Hageman</name>
                                
              <name type="authority-fnf">Harriet M. Hageman</name>
                                
              <name type="authority-lnf">Hageman, Harriet M.</name>
                                
              <name type="authority-other">Harriet Hageman</name>
                            
        </congMember>
         <congMember bioGuideId="B000740" chamber="H" congress="118" party="R" role="COSPONSOR" state="OK">
                                
              <name type="parsed">Mrs. Bice</name>
                                
              <name type="authority-fnf">Stephanie I. Bice</name>
                                
              <name type="authority-lnf">Bice, Stephanie I.</name>
                                
              <name type="authority-other">Mrs. Stephanie Bice</name>
                            
        </congMember>
         <congMember bioGuideId="J000295" chamber="H" congress="118" party="R" role="COSPONSOR" state="OH">
                                
              <name type="parsed">Mr. Joyce of Ohio</name>
                                
              <name type="authority-fnf">David P. Joyce</name>
                                
              <name type="authority-lnf">Joyce, David P.</name>
                                
              <name type="authority-other">Mr. David Joyce</name>
                            
        </congMember>
         <congMember bioGuideId="G000558" chamber="H" congress="118" party="R" role="COSPONSOR" state="KY">
                                
              <name type="parsed">Mr. Guthrie</name>
                                
              <name type="authority-fnf">Brett Guthrie</name>
                                
              <name type="authority-lnf">Guthrie, Brett</name>
                            
        </congMember>
         <congMember bioGuideId="H001082" chamber="H" congress="118" party="R" role="COSPONSOR" state="OK">
                                
              <name type="parsed">Mr. Hern</name>
                                
              <name type="authority-fnf">Kevin Hern</name>
                                
              <name type="authority-lnf">Hern, Kevin</name>
                            
        </congMember>
         <congMember bioGuideId="G000565" chamber="H" congress="118" party="R" role="COSPONSOR" state="AZ">
                                
              <name type="parsed">Mr. Gosar</name>
                                
              <name type="authority-fnf">Paul A. Gosar</name>
                                
              <name type="authority-lnf">Gosar, Paul A.</name>
                                
              <name type="authority-other">Mr. Paul Gosar</name>
                            
        </congMember>
         <congMember bioGuideId="B001316" chamber="H" congress="118" party="R" role="COSPONSOR" state="MO">
                                
              <name type="parsed">Mr. Burlison</name>
                                
              <name type="authority-fnf">Eric Burlison</name>
                                
              <name type="authority-lnf">Burlison, Eric</name>
                            
        </congMember>
         <congMember bioGuideId="L000589" chamber="H" congress="118" party="R" role="COSPONSOR" state="AZ">
                                
              <name type="parsed">Mrs. Lesko</name>
                                
              <name type="authority-fnf">Debbie Lesko</name>
                                
              <name type="authority-lnf">Lesko, Debbie</name>
                            
        </congMember>
         <congMember bioGuideId="F000475" chamber="H" congress="118" party="R" role="COSPONSOR" state="MN">
                                
              <name type="parsed">Mr. Finstad</name>
                                
              <name type="authority-fnf">Brad Finstad</name>
                                
              <name type="authority-lnf">Finstad, Brad</name>
                            
        </congMember>
         <congMember bioGuideId="E000246" chamber="H" congress="118" party="R" role="COSPONSOR" state="NC">
                                
              <name type="parsed">Mr. Edwards</name>
                                
              <name type="authority-fnf">Chuck Edwards</name>
                                
              <name type="authority-lnf">Edwards, Chuck</name>
                            
        </congMember>
         <congMember bioGuideId="B001307" chamber="H" congress="118" party="R" role="COSPONSOR" state="IN">
                                
              <name type="parsed">Mr. Baird</name>
                                
              <name type="authority-fnf">James R. Baird</name>
                                
              <name type="authority-lnf">Baird, James R.</name>
                                
              <name type="authority-other">Mr. James Baird</name>
                            
        </congMember>
         <congMember bioGuideId="K000397" chamber="H" congress="118" party="R" role="COSPONSOR" state="CA">
                                
              <name type="parsed">Mrs. Kim of California</name>
                                
              <name type="authority-fnf">Young Kim</name>
                                
              <name type="authority-lnf">Kim, Young</name>
                            
        </congMember>
         <congMember bioGuideId="M001205" chamber="H" congress="118" party="R" role="COSPONSOR" state="WV">
                                
              <name type="parsed">Mrs. Miller of West Virginia</name>
                                
              <name type="authority-fnf">Carol D. Miller</name>
                                
              <name type="authority-lnf">Miller, Carol D.</name>
                                
              <name type="authority-other">Mrs. Carol Miller</name>
                            
        </congMember>
         <congMember bioGuideId="G000576" chamber="H" congress="118" party="R" role="COSPONSOR" state="WI">
                                
              <name type="parsed">Mr. Grothman</name>
                                
              <name type="authority-fnf">Glenn Grothman</name>
                                
              <name type="authority-lnf">Grothman, Glenn</name>
                            
        </congMember>
         <congMember bioGuideId="J000302" chamber="H" congress="118" party="R" role="COSPONSOR" state="PA">
                                
              <name type="parsed">Mr. Joyce of Pennsylvania</name>
                                
              <name type="authority-fnf">John Joyce</name>
                                
              <name type="authority-lnf">Joyce, John</name>
                            
        </congMember>
         <congMember bioGuideId="W000816" chamber="H" congress="118" party="R" role="COSPONSOR" state="TX">
                                
              <name type="parsed">Mr. Williams of Texas</name>
                                
              <name type="authority-fnf">Roger Williams</name>
                                
              <name type="authority-lnf">Williams, Roger</name>
                            
        </congMember>
         <congMember bioGuideId="M001210" chamber="H" congress="118" party="R" role="COSPONSOR" state="NC">
                                
              <name type="parsed">Mr. Murphy</name>
                                
              <name type="authority-fnf">Gregory Murphy</name>
                                
              <name type="authority-lnf">Murphy, Gregory</name>
                            
        </congMember>
         <congMember bioGuideId="R000603" chamber="H" congress="118" party="R" role="COSPONSOR" state="NC">
                                
              <name type="parsed">Mr. Rouzer</name>
                                
              <name type="authority-fnf">David Rouzer</name>
                                
              <name type="authority-lnf">Rouzer, David</name>
                            
        </congMember>
         <congMember bioGuideId="W000809" chamber="H" congress="118" party="R" role="COSPONSOR" state="AR">
                                
              <name type="parsed">Mr. Womack</name>
                                
              <name type="authority-fnf">Steve Womack</name>
                                
              <name type="authority-lnf">Womack, Steve</name>
                            
        </congMember>
         <congMember bioGuideId="T000480" chamber="H" congress="118" party="R" role="COSPONSOR" state="SC">
                                
              <name type="parsed">Mr. Timmons</name>
                                
              <name type="authority-fnf">William R. Timmons IV</name>
                                
              <name type="authority-lnf">Timmons, William R. IV</name>
                                
              <name type="authority-other">Mr. William Timmons</name>
                            
        </congMember>
         <congMember bioGuideId="J000301" chamber="H" congress="118" party="R" role="COSPONSOR" state="SD">
                                
              <name type="parsed">Mr. Johnson of South Dakota</name>
                                
              <name type="authority-fnf">Dusty Johnson</name>
                                
              <name type="authority-lnf">Johnson, Dusty</name>
                            
        </congMember>
         <congMember bioGuideId="W000828" chamber="H" congress="118" party="R" role="COSPONSOR" state="NY">
                                
              <name type="parsed">Mr. Williams of New York</name>
                                
              <name type="authority-fnf">Brandon Williams</name>
                                
              <name type="authority-lnf">Williams, Brandon</name>
                            
        </congMember>
         <congReport congress="118" number="338" type="H"></congReport>
         <congCalendar congress="118" number="277" type="UNION"></congCalendar>
         <isPrivate>false</isPrivate>
         <isAppropriation>false</isAppropriation>
         <USCode title="5">
                                
              <chapter number="8"></chapter>
                            
        </USCode>
    </extension>
</mods>