<mods xmlns:xlink="http://www.w3.org/1999/xlink" xmlns:xsi="http://www.w3.org/2001/XMLSchema-instance" xmlns="http://www.loc.gov/mods/v3" version="3.3" xsi:schemaLocation="http://www.loc.gov/mods/v3 http://www.loc.gov/standards/mods/v3/mods-3-3.xsd" ID="P0b002ee1c703f8be">
    <name type="corporate">
         <namePart>United States Government Publishing Office</namePart>
         <role>
              <roleTerm authority="marcrelator" type="text">publisher</roleTerm>
              <roleTerm authority="marcrelator" type="code">pbl</roleTerm>
        </role>
         <role>
              <roleTerm authority="marcrelator" type="text">distributor</roleTerm>
              <roleTerm authority="marcrelator" type="code">dst</roleTerm>
        </role>
    </name>
    <name type="corporate">
         <namePart>United States</namePart>
         <namePart>Congress</namePart>
         <namePart>House of Representatives</namePart>
         <role>
              <roleTerm authority="marcrelator" type="text">author</roleTerm>
              <roleTerm authority="marcrelator" type="code">aut</roleTerm>
        </role>
         <description>Government Organization</description>
    </name>
    <typeOfResource>text</typeOfResource>
    <genre authority="marcgt">government publication</genre>
    <language>
         <languageTerm type="code" authority="iso639-2b">eng</languageTerm>
    </language>
    <extension>
         <collectionCode>BILLS</collectionCode>
         <searchTitle>Providing for congressional disapproval under chapter 8 of title 5, United States Code, of the rule submitted by the Centers for Medicare &amp; Medicaid Services relating to Clarifying the Eligibility of Deferred Action for Childhood Arrivals (DACA) Recipients and Certain Other Noncitizens for a Qualified Health Plan through an Exchange, Advance Payments of the Premium Tax Credit, Cost-Sharing Reductions, and a Basic Health Program.;H.J. Res. 146 (IH)
    </searchTitle>
         <category>Bills and Statutes</category>
         <waisDatabaseName>118_cong_bills</waisDatabaseName>
         <branch>legislative</branch>
         <dateIngested>2024-05-17</dateIngested>
    </extension>
    <titleInfo>
         <title>Providing for congressional disapproval under chapter 8 of title 5, United States Code, of the rule submitted by the Centers for Medicare &amp; Medicaid Services relating to Clarifying the Eligibility of Deferred Action for Childhood Arrivals (DACA) Recipients and Certain Other Noncitizens for a Qualified Health Plan through an Exchange, Advance Payments of the Premium Tax Credit, Cost-Sharing Reductions, and a Basic Health Program.</title>
    </titleInfo>
    <titleInfo type="alternative">
         <title>H.J. Res. 146 (IH)
    </title>
    </titleInfo>
    <originInfo>
         <publisher>U.S. Government Publishing Office</publisher>
         <dateIssued encoding="w3cdtf">2024-05-16</dateIssued>
         <issuance>monographic</issuance>
    </originInfo>
    <physicalDescription>
         <note type="source content type">deposited</note>
         <digitalOrigin>born digital</digitalOrigin>
         <extent>2 p.</extent>
    </physicalDescription>
    <classification authority="sudocs">Y 1.6:</classification>
    <classification authority="sudocs">Y 1.4/8:</classification>
    <identifier type="local">P0b002ee1c703f8be</identifier>
    <identifier type="uri">https://www.govinfo.gov/app/details/BILLS-118hjres146ih</identifier>
    <identifier type="preferred citation">H.J. Res. 146</identifier>
    <identifier type="stock number">021-610-00252-9</identifier>
    <identifier type="Parent ILS system id">000501532</identifier>
    <identifier type="Child ILS system id">000325570</identifier>
    <identifier type="Parent ILS title">Congressional bills</identifier>
    <identifier type="Child ILS title">House joint resolutions</identifier>
    <identifier type="former package identifier">f:hj146_ih.txt</identifier>
    <location>
         <url displayLabel="Content Detail" access="object in context">https://www.govinfo.gov/app/details/BILLS-118hjres146ih</url>
         <url displayLabel="HTML rendition" access="raw object">https://www.govinfo.gov/content/pkg/BILLS-118hjres146ih/html/BILLS-118hjres146ih.htm</url>
         <url displayLabel="PDF rendition" access="raw object">https://www.govinfo.gov/content/pkg/BILLS-118hjres146ih/pdf/BILLS-118hjres146ih.pdf</url>
         <url displayLabel="XML rendition" access="raw object">https://www.govinfo.gov/content/pkg/BILLS-118hjres146ih/xml/BILLS-118hjres146ih.xml</url>
    </location>
    <accessCondition type="GPO scope determination">fdlp</accessCondition>
    <recordInfo>
         <recordContentSource authority="marcorg">DGPO</recordContentSource>
         <recordCreationDate encoding="w3cdtf">2024-05-17</recordCreationDate>
         <recordChangeDate encoding="w3cdtf">2024-05-17</recordChangeDate>
         <recordIdentifier source="DGPO">BILLS-118hjres146ih</recordIdentifier>
         <recordOrigin>machine generated</recordOrigin>
         <languageOfCataloging>
              <languageTerm type="code" authority="iso639-2b">eng</languageTerm>
        </languageOfCataloging>
    </recordInfo>
    <name type="personal">
         <namePart>Nancy Mace</namePart>
         <affiliation>United States House of Representatives</affiliation>
         <role>
              <roleTerm authority="marcrelator" type="text">sponsor</roleTerm>
              <roleTerm authority="marcrelator" type="code">spn</roleTerm>
        </role>
         <description>United States Congress Member</description>
    </name>
    <name type="personal">
         <namePart>Andy Biggs</namePart>
         <affiliation>United States House of Representatives</affiliation>
         <role>
              <roleTerm type="text">cosponsor</roleTerm>
        </role>
         <description>United States Congress Member</description>
    </name>
    <name type="personal">
         <namePart>Lauren Boebert</namePart>
         <affiliation>United States House of Representatives</affiliation>
         <role>
              <roleTerm type="text">cosponsor</roleTerm>
        </role>
         <description>United States Congress Member</description>
    </name>
    <name type="personal">
         <namePart>Tim Burchett</namePart>
         <affiliation>United States House of Representatives</affiliation>
         <role>
              <roleTerm type="text">cosponsor</roleTerm>
        </role>
         <description>United States Congress Member</description>
    </name>
    <name type="personal">
         <namePart>Eric Burlison</namePart>
         <affiliation>United States House of Representatives</affiliation>
         <role>
              <roleTerm type="text">cosponsor</roleTerm>
        </role>
         <description>United States Congress Member</description>
    </name>
    <name type="personal">
         <namePart>Matthew M. Rosendale, Sr.</namePart>
         <affiliation>United States House of Representatives</affiliation>
         <role>
              <roleTerm type="text">cosponsor</roleTerm>
        </role>
         <description>United States Congress Member</description>
    </name>
    <name type="personal">
         <namePart>Warren Davidson</namePart>
         <affiliation>United States House of Representatives</affiliation>
         <role>
              <roleTerm type="text">cosponsor</roleTerm>
        </role>
         <description>United States Congress Member</description>
    </name>
    <name type="personal">
         <namePart>Andrew Ogles</namePart>
         <affiliation>United States House of Representatives</affiliation>
         <role>
              <roleTerm type="text">cosponsor</roleTerm>
        </role>
         <description>United States Congress Member</description>
    </name>
    <name type="personal">
         <namePart>Paul A. Gosar</namePart>
         <affiliation>United States House of Representatives</affiliation>
         <role>
              <roleTerm type="text">cosponsor</roleTerm>
        </role>
         <description>United States Congress Member</description>
    </name>
    <name type="personal">
         <namePart>Byron Donalds</namePart>
         <affiliation>United States House of Representatives</affiliation>
         <role>
              <roleTerm type="text">cosponsor</roleTerm>
        </role>
         <description>United States Congress Member</description>
    </name>
    <name type="personal">
         <namePart>Bob Good</namePart>
         <affiliation>United States House of Representatives</affiliation>
         <role>
              <roleTerm type="text">cosponsor</roleTerm>
        </role>
         <description>United States Congress Member</description>
    </name>
    <name type="personal">
         <namePart>Alexander X. Mooney</namePart>
         <affiliation>United States House of Representatives</affiliation>
         <role>
              <roleTerm type="text">cosponsor</roleTerm>
        </role>
         <description>United States Congress Member</description>
    </name>
    <name type="personal">
         <namePart>Thomas P. Tiffany</namePart>
         <affiliation>United States House of Representatives</affiliation>
         <role>
              <roleTerm type="text">cosponsor</roleTerm>
        </role>
         <description>United States Congress Member</description>
    </name>
    <name type="personal">
         <namePart>Harriet M. Hageman</namePart>
         <affiliation>United States House of Representatives</affiliation>
         <role>
              <roleTerm type="text">cosponsor</roleTerm>
        </role>
         <description>United States Congress Member</description>
    </name>
    <name type="personal">
         <namePart>Pat Fallon</namePart>
         <affiliation>United States House of Representatives</affiliation>
         <role>
              <roleTerm type="text">cosponsor</roleTerm>
        </role>
         <description>United States Congress Member</description>
    </name>
    <name type="personal">
         <namePart>Ralph Norman</namePart>
         <affiliation>United States House of Representatives</affiliation>
         <role>
              <roleTerm type="text">cosponsor</roleTerm>
        </role>
         <description>United States Congress Member</description>
    </name>
    <name type="personal">
         <namePart>Scott Perry</namePart>
         <affiliation>United States House of Representatives</affiliation>
         <role>
              <roleTerm type="text">cosponsor</roleTerm>
        </role>
         <description>United States Congress Member</description>
    </name>
    <name type="personal">
         <namePart>Jefferson Van Drew</namePart>
         <affiliation>United States House of Representatives</affiliation>
         <role>
              <roleTerm type="text">cosponsor</roleTerm>
        </role>
         <description>United States Congress Member</description>
    </name>
    <name type="personal">
         <namePart>Jeff Duncan</namePart>
         <affiliation>United States House of Representatives</affiliation>
         <role>
              <roleTerm type="text">cosponsor</roleTerm>
        </role>
         <description>United States Congress Member</description>
    </name>
    <name type="personal">
         <namePart>Eric A. &quot;Rick&quot; Crawford</namePart>
         <affiliation>United States House of Representatives</affiliation>
         <role>
              <roleTerm type="text">cosponsor</roleTerm>
        </role>
         <description>United States Congress Member</description>
    </name>
    <name type="personal">
         <namePart>Chip Roy</namePart>
         <affiliation>United States House of Representatives</affiliation>
         <role>
              <roleTerm type="text">cosponsor</roleTerm>
        </role>
         <description>United States Congress Member</description>
    </name>
    <name type="personal">
         <namePart>John W. Rose</namePart>
         <affiliation>United States House of Representatives</affiliation>
         <role>
              <roleTerm type="text">cosponsor</roleTerm>
        </role>
         <description>United States Congress Member</description>
    </name>
    <name type="personal">
         <namePart>Randy K. Weber, Sr.</namePart>
         <affiliation>United States House of Representatives</affiliation>
         <role>
              <roleTerm type="text">cosponsor</roleTerm>
        </role>
         <description>United States Congress Member</description>
    </name>
    <name type="personal">
         <namePart>Wesley Hunt</namePart>
         <affiliation>United States House of Representatives</affiliation>
         <role>
              <roleTerm type="text">cosponsor</roleTerm>
        </role>
         <description>United States Congress Member</description>
    </name>
    <name type="personal">
         <namePart>Scott DesJarlais</namePart>
         <affiliation>United States House of Representatives</affiliation>
         <role>
              <roleTerm type="text">cosponsor</roleTerm>
        </role>
         <description>United States Congress Member</description>
    </name>
    <name type="personal">
         <namePart>Elijah Crane</namePart>
         <affiliation>United States House of Representatives</affiliation>
         <role>
              <roleTerm type="text">cosponsor</roleTerm>
        </role>
         <description>United States Congress Member</description>
    </name>
    <name type="personal">
         <namePart>Josh Brecheen</namePart>
         <affiliation>United States House of Representatives</affiliation>
         <role>
              <roleTerm type="text">cosponsor</roleTerm>
        </role>
         <description>United States Congress Member</description>
    </name>
    <name type="personal">
         <namePart>Rick W. Allen</namePart>
         <affiliation>United States House of Representatives</affiliation>
         <role>
              <roleTerm type="text">cosponsor</roleTerm>
        </role>
         <description>United States Congress Member</description>
    </name>
    <name type="personal">
         <namePart>Lance Gooden</namePart>
         <affiliation>United States House of Representatives</affiliation>
         <role>
              <roleTerm type="text">cosponsor</roleTerm>
        </role>
         <description>United States Congress Member</description>
    </name>
    <name type="personal">
         <namePart>Matt Gaetz</namePart>
         <affiliation>United States House of Representatives</affiliation>
         <role>
              <roleTerm type="text">cosponsor</roleTerm>
        </role>
         <description>United States Congress Member</description>
    </name>
    <name type="personal">
         <namePart>Anna Paulina Luna</namePart>
         <affiliation>United States House of Representatives</affiliation>
         <role>
              <roleTerm type="text">cosponsor</roleTerm>
        </role>
         <description>United States Congress Member</description>
    </name>
    <name type="personal">
         <namePart>Troy E. Nehls</namePart>
         <affiliation>United States House of Representatives</affiliation>
         <role>
              <roleTerm type="text">cosponsor</roleTerm>
        </role>
         <description>United States Congress Member</description>
    </name>
    <name type="personal">
         <namePart>Pete Sessions</namePart>
         <affiliation>United States House of Representatives</affiliation>
         <role>
              <roleTerm type="text">cosponsor</roleTerm>
        </role>
         <description>United States Congress Member</description>
    </name>
    <name type="personal">
         <namePart>Brian Babin</namePart>
         <affiliation>United States House of Representatives</affiliation>
         <role>
              <roleTerm type="text">cosponsor</roleTerm>
        </role>
         <description>United States Congress Member</description>
    </name>
    <name type="personal">
         <namePart>Andrew S. Clyde</namePart>
         <affiliation>United States House of Representatives</affiliation>
         <role>
              <roleTerm type="text">cosponsor</roleTerm>
        </role>
         <description>United States Congress Member</description>
    </name>
    <name type="corporate">
         <namePart>United States</namePart>
         <namePart>Congress</namePart>
         <namePart>House of Representatives</namePart>
         <namePart>Committee on Energy and Commerce</namePart>
         <role>
              <roleTerm authority="marcrelator" type="text">associated name</roleTerm>
              <roleTerm authority="marcrelator" type="code">asn</roleTerm>
        </role>
    </name>
    <name type="corporate">
         <namePart>United States</namePart>
         <namePart>Congress</namePart>
         <namePart>House of Representatives</namePart>
         <namePart>Committee on Ways and Means</namePart>
         <role>
              <roleTerm authority="marcrelator" type="text">associated name</roleTerm>
              <roleTerm authority="marcrelator" type="code">asn</roleTerm>
        </role>
    </name>
    <relatedItem type="isReferencedBy">
         <titleInfo>
              <title>United States Code</title>
              <partNumber>Title 5 Chapter 8</partNumber>
        </titleInfo>
         <identifier type="USC citation">5 U.S.C. Chapter 8</identifier>
    </relatedItem>
    <extension>
         <docClass>hjres</docClass>
         <accessId>BILLS-118hjres146ih</accessId>
         <congress>118</congress>
         <session>2</session>
         <originChamber>HOUSE</originChamber>
         <currentChamber>HOUSE</currentChamber>
         <billNumber>146</billNumber>
         <billVersion reprint="false">ih</billVersion>
         <fileSuffix>ih</fileSuffix>
         <officialTitle>Providing for congressional disapproval under chapter 8 of title 5, United States Code, of the rule submitted by the Centers for Medicare &amp; Medicaid Services relating to Clarifying the Eligibility of Deferred Action for Childhood Arrivals (DACA) Recipients and Certain Other Noncitizens for a Qualified Health Plan through an Exchange, Advance Payments of the Premium Tax Credit, Cost-Sharing Reductions, and a Basic Health Program.</officialTitle>
         <action date="2024-05-16">Ms. Mace (for herself, Mr. Biggs, Ms. Boebert, Mr. Burchett, Mr. Burlison, Mr. Rosendale, Mr. Davidson, Mr. Ogles, Mr. Gosar, Mr. Donalds, Mr. Good of Virginia, Mr. Mooney, Mr. Tiffany, Ms. Hageman, Mr. Fallon, Mr. Norman, Mr. Perry, Mr. Van Drew, Mr. Duncan, Mr. Crawford, Mr. Roy, Mr. Rose, Mr. Weber of Texas, Mr. Hunt, Mr. DesJarlais, Mr. Crane, Mr. Brecheen, Mr. Allen, Mr. Gooden of Texas, Mr. Gaetz, Mrs. Luna, Mr. Nehls, Mr. Sessions, Mr. Babin, and Mr. Clyde) submitted the following joint resolution; which was referred to the Committee on Energy and Commerce, and in addition to the Committee on Ways and Means, for a period to be subsequently determined by the Speaker, in each case for consideration of such provisions as fall within the jurisdiction of the committee concerned</action>
         <congCommittee authorityId="hsif00" chamber="H" congress="118" type="S">
                                
              <name type="authority-standard">Committee on Energy and Commerce</name>
                                
              <name type="authority-short">Energy and Commerce</name>
                            
        </congCommittee>
         <congCommittee authorityId="hswm00" chamber="H" congress="118" type="S">
                                
              <name type="authority-standard">Committee on Ways and Means</name>
                                
              <name type="authority-short">Ways and Means</name>
                            
        </congCommittee>
         <congMember bioGuideId="M000194" chamber="H" congress="118" party="R" role="SPONSOR" state="SC">
                                
              <name type="parsed">Ms. Mace</name>
                                
              <name type="authority-fnf">Nancy Mace</name>
                                
              <name type="authority-lnf">Mace, Nancy</name>
                            
        </congMember>
         <congMember bioGuideId="B001302" chamber="H" congress="118" party="R" role="COSPONSOR" state="AZ">
                                
              <name type="parsed">Mr. Biggs</name>
                                
              <name type="authority-fnf">Andy Biggs</name>
                                
              <name type="authority-lnf">Biggs, Andy</name>
                            
        </congMember>
         <congMember bioGuideId="B000825" chamber="H" congress="118" party="R" role="COSPONSOR" state="CO">
                                
              <name type="parsed">Ms. Boebert</name>
                                
              <name type="authority-fnf">Lauren Boebert</name>
                                
              <name type="authority-lnf">Boebert, Lauren</name>
                            
        </congMember>
         <congMember bioGuideId="B001309" chamber="H" congress="118" party="R" role="COSPONSOR" state="TN">
                                
              <name type="parsed">Mr. Burchett</name>
                                
              <name type="authority-fnf">Tim Burchett</name>
                                
              <name type="authority-lnf">Burchett, Tim</name>
                            
        </congMember>
         <congMember bioGuideId="B001316" chamber="H" congress="118" party="R" role="COSPONSOR" state="MO">
                                
              <name type="parsed">Mr. Burlison</name>
                                
              <name type="authority-fnf">Eric Burlison</name>
                                
              <name type="authority-lnf">Burlison, Eric</name>
                            
        </congMember>
         <congMember bioGuideId="R000103" chamber="H" congress="118" party="R" role="COSPONSOR" state="MT">
                                
              <name type="parsed">Mr. Rosendale</name>
                                
              <name type="authority-fnf">Matthew M. Rosendale, Sr.</name>
                                
              <name type="authority-lnf">Rosendale, Matthew M.</name>
                                
              <name type="authority-other">Mr. Matthew Rosendale Sr.</name>
                            
        </congMember>
         <congMember bioGuideId="D000626" chamber="H" congress="118" party="R" role="COSPONSOR" state="OH">
                                
              <name type="parsed">Mr. Davidson</name>
                                
              <name type="authority-fnf">Warren Davidson</name>
                                
              <name type="authority-lnf">Davidson, Warren</name>
                            
        </congMember>
         <congMember bioGuideId="O000175" chamber="H" congress="118" party="R" role="COSPONSOR" state="TN">
                                
              <name type="parsed">Mr. Ogles</name>
                                
              <name type="authority-fnf">Andrew Ogles</name>
                                
              <name type="authority-lnf">Ogles, Andrew</name>
                            
        </congMember>
         <congMember bioGuideId="G000565" chamber="H" congress="118" party="R" role="COSPONSOR" state="AZ">
                                
              <name type="parsed">Mr. Gosar</name>
                                
              <name type="authority-fnf">Paul A. Gosar</name>
                                
              <name type="authority-lnf">Gosar, Paul A.</name>
                                
              <name type="authority-other">Mr. Paul Gosar</name>
                            
        </congMember>
         <congMember bioGuideId="D000032" chamber="H" congress="118" party="R" role="COSPONSOR" state="FL">
                                
              <name type="parsed">Mr. Donalds</name>
                                
              <name type="authority-fnf">Byron Donalds</name>
                                
              <name type="authority-lnf">Donalds, Byron</name>
                            
        </congMember>
         <congMember bioGuideId="G000595" chamber="H" congress="118" party="R" role="COSPONSOR" state="VA">
                                
              <name type="parsed">Mr. Good of Virginia</name>
                                
              <name type="authority-fnf">Bob Good</name>
                                
              <name type="authority-lnf">Good, Bob</name>
                            
        </congMember>
         <congMember bioGuideId="M001195" chamber="H" congress="118" party="R" role="COSPONSOR" state="WV">
                                
              <name type="parsed">Mr. Mooney</name>
                                
              <name type="authority-fnf">Alexander X. Mooney</name>
                                
              <name type="authority-lnf">Mooney, Alexander X.</name>
                                
              <name type="authority-other">Mr. Alexander Mooney</name>
                            
        </congMember>
         <congMember bioGuideId="T000165" chamber="H" congress="118" party="R" role="COSPONSOR" state="WI">
                                
              <name type="parsed">Mr. Tiffany</name>
                                
              <name type="authority-fnf">Thomas P. Tiffany</name>
                                
              <name type="authority-lnf">Tiffany, Thomas P.</name>
                                
              <name type="authority-other">Mr. Thomas Tiffany</name>
                            
        </congMember>
         <congMember bioGuideId="H001096" chamber="H" congress="118" party="R" role="COSPONSOR" state="WY">
                                
              <name type="parsed">Ms. Hageman</name>
                                
              <name type="authority-fnf">Harriet M. Hageman</name>
                                
              <name type="authority-lnf">Hageman, Harriet M.</name>
                                
              <name type="authority-other">Ms. Harriet Hageman</name>
                            
        </congMember>
         <congMember bioGuideId="F000246" chamber="H" congress="118" party="R" role="COSPONSOR" state="TX">
                                
              <name type="parsed">Mr. Fallon</name>
                                
              <name type="authority-fnf">Pat Fallon</name>
                                
              <name type="authority-lnf">Fallon, Pat</name>
                            
        </congMember>
         <congMember bioGuideId="N000190" chamber="H" congress="118" party="R" role="COSPONSOR" state="SC">
                                
              <name type="parsed">Mr. Norman</name>
                                
              <name type="authority-fnf">Ralph Norman</name>
                                
              <name type="authority-lnf">Norman, Ralph</name>
                            
        </congMember>
         <congMember bioGuideId="P000605" chamber="H" congress="118" party="R" role="COSPONSOR" state="PA">
                                
              <name type="parsed">Mr. Perry</name>
                                
              <name type="authority-fnf">Scott Perry</name>
                                
              <name type="authority-lnf">Perry, Scott</name>
                            
        </congMember>
         <congMember bioGuideId="V000133" chamber="H" congress="118" party="R" role="COSPONSOR" state="NJ">
                                
              <name type="parsed">Mr. Van Drew</name>
                                
              <name type="authority-fnf">Jefferson Van Drew</name>
                                
              <name type="authority-lnf">Van Drew, Jefferson</name>
                            
        </congMember>
         <congMember bioGuideId="D000615" chamber="H" congress="118" party="R" role="COSPONSOR" state="SC">
                                
              <name type="parsed">Mr. Duncan</name>
                                
              <name type="authority-fnf">Jeff Duncan</name>
                                
              <name type="authority-lnf">Duncan, Jeff</name>
                            
        </congMember>
         <congMember bioGuideId="C001087" chamber="H" congress="118" party="R" role="COSPONSOR" state="AR">
                                
              <name type="parsed">Mr. Crawford</name>
                                
              <name type="authority-fnf">Eric A. &quot;Rick&quot; Crawford</name>
                                
              <name type="authority-lnf">Crawford, Eric A. &quot;Rick&quot;</name>
                                
              <name type="authority-other">Mr. Eric Crawford</name>
                            
        </congMember>
         <congMember bioGuideId="R000614" chamber="H" congress="118" party="R" role="COSPONSOR" state="TX">
                                
              <name type="parsed">Mr. Roy</name>
                                
              <name type="authority-fnf">Chip Roy</name>
                                
              <name type="authority-lnf">Roy, Chip</name>
                            
        </congMember>
         <congMember bioGuideId="R000612" chamber="H" congress="118" party="R" role="COSPONSOR" state="TN">
                                
              <name type="parsed">Mr. Rose</name>
                                
              <name type="authority-fnf">John W. Rose</name>
                                
              <name type="authority-lnf">Rose, John W.</name>
                                
              <name type="authority-other">Mr. John Rose</name>
                            
        </congMember>
         <congMember bioGuideId="W000814" chamber="H" congress="118" party="R" role="COSPONSOR" state="TX">
                                
              <name type="parsed">Mr. Weber of Texas</name>
                                
              <name type="authority-fnf">Randy K. Weber, Sr.</name>
                                
              <name type="authority-lnf">Weber, Randy K.</name>
                                
              <name type="authority-other">Mr. Randy Weber Sr.</name>
                            
        </congMember>
         <congMember bioGuideId="H001095" chamber="H" congress="118" party="R" role="COSPONSOR" state="TX">
                                
              <name type="parsed">Mr. Hunt</name>
                                
              <name type="authority-fnf">Wesley Hunt</name>
                                
              <name type="authority-lnf">Hunt, Wesley</name>
                            
        </congMember>
         <congMember bioGuideId="D000616" chamber="H" congress="118" party="R" role="COSPONSOR" state="TN">
                                
              <name type="parsed">Mr. DesJarlais</name>
                                
              <name type="authority-fnf">Scott DesJarlais</name>
                                
              <name type="authority-lnf">DesJarlais, Scott</name>
                            
        </congMember>
         <congMember bioGuideId="C001132" chamber="H" congress="118" party="R" role="COSPONSOR" state="AZ">
                                
              <name type="parsed">Mr. Crane</name>
                                
              <name type="authority-fnf">Elijah Crane</name>
                                
              <name type="authority-lnf">Crane, Elijah</name>
                            
        </congMember>
         <congMember bioGuideId="B001317" chamber="H" congress="118" party="R" role="COSPONSOR" state="OK">
                                
              <name type="parsed">Mr. Brecheen</name>
                                
              <name type="authority-fnf">Josh Brecheen</name>
                                
              <name type="authority-lnf">Brecheen, Josh</name>
                            
        </congMember>
         <congMember bioGuideId="A000372" chamber="H" congress="118" party="R" role="COSPONSOR" state="GA">
                                
              <name type="parsed">Mr. Allen</name>
                                
              <name type="authority-fnf">Rick W. Allen</name>
                                
              <name type="authority-lnf">Allen, Rick W.</name>
                                
              <name type="authority-other">Mr. Rick Allen</name>
                            
        </congMember>
         <congMember bioGuideId="G000589" chamber="H" congress="118" party="R" role="COSPONSOR" state="TX">
                                
              <name type="parsed">Mr. Gooden of Texas</name>
                                
              <name type="authority-fnf">Lance Gooden</name>
                                
              <name type="authority-lnf">Gooden, Lance</name>
                            
        </congMember>
         <congMember bioGuideId="G000578" chamber="H" congress="118" party="R" role="COSPONSOR" state="FL">
                                
              <name type="parsed">Mr. Gaetz</name>
                                
              <name type="authority-fnf">Matt Gaetz</name>
                                
              <name type="authority-lnf">Gaetz, Matt</name>
                            
        </congMember>
         <congMember bioGuideId="L000596" chamber="H" congress="118" party="R" role="COSPONSOR" state="FL">
                                
              <name type="parsed">Mrs. Luna</name>
                                
              <name type="authority-fnf">Anna Paulina Luna</name>
                                
              <name type="authority-lnf">Luna, Anna Paulina</name>
                            
        </congMember>
         <congMember bioGuideId="N000026" chamber="H" congress="118" party="R" role="COSPONSOR" state="TX">
                                
              <name type="parsed">Mr. Nehls</name>
                                
              <name type="authority-fnf">Troy E. Nehls</name>
                                
              <name type="authority-lnf">Nehls, Troy E.</name>
                                
              <name type="authority-other">Mr. Troy Nehls</name>
                            
        </congMember>
         <congMember bioGuideId="S000250" chamber="H" congress="118" party="R" role="COSPONSOR" state="TX">
                                
              <name type="parsed">Mr. Sessions</name>
                                
              <name type="authority-fnf">Pete Sessions</name>
                                
              <name type="authority-lnf">Sessions, Pete</name>
                            
        </congMember>
         <congMember bioGuideId="B001291" chamber="H" congress="118" party="R" role="COSPONSOR" state="TX">
                                
              <name type="parsed">Mr. Babin</name>
                                
              <name type="authority-fnf">Brian Babin</name>
                                
              <name type="authority-lnf">Babin, Brian</name>
                            
        </congMember>
         <congMember bioGuideId="C001116" chamber="H" congress="118" party="R" role="COSPONSOR" state="GA">
                                
              <name type="parsed">Mr. Clyde</name>
                                
              <name type="authority-fnf">Andrew S. Clyde</name>
                                
              <name type="authority-lnf">Clyde, Andrew S.</name>
                                
              <name type="authority-other">Mr. Andrew Clyde</name>
                            
        </congMember>
         <isPrivate>false</isPrivate>
         <isAppropriation>false</isAppropriation>
         <USCode title="5">
                                
              <chapter number="8"></chapter>
                            
        </USCode>
    </extension>
</mods>