<mods xmlns:xlink="http://www.w3.org/1999/xlink" xmlns:xsi="http://www.w3.org/2001/XMLSchema-instance" xmlns="http://www.loc.gov/mods/v3" version="3.3" xsi:schemaLocation="http://www.loc.gov/mods/v3 http://www.loc.gov/standards/mods/v3/mods-3-3.xsd" ID="P0b002ee1cb608ddb">
    <name type="corporate">
         <namePart>United States Government Publishing Office</namePart>
         <role>
              <roleTerm authority="marcrelator" type="text">publisher</roleTerm>
              <roleTerm authority="marcrelator" type="code">pbl</roleTerm>
        </role>
         <role>
              <roleTerm authority="marcrelator" type="text">distributor</roleTerm>
              <roleTerm authority="marcrelator" type="code">dst</roleTerm>
        </role>
    </name>
    <name type="corporate">
         <namePart>United States</namePart>
         <namePart>Congress</namePart>
         <role>
              <roleTerm authority="marcrelator" type="text">author</roleTerm>
              <roleTerm authority="marcrelator" type="code">aut</roleTerm>
        </role>
         <description>Government Organization</description>
    </name>
    <name type="corporate">
         <namePart>United States</namePart>
         <namePart>Congress</namePart>
         <namePart>House of Representatives</namePart>
         <role>
              <roleTerm authority="marcrelator" type="text">author</roleTerm>
              <roleTerm authority="marcrelator" type="code">aut</roleTerm>
        </role>
         <description>Government Organization</description>
    </name>
    <typeOfResource>text</typeOfResource>
    <genre authority="marcgt">government publication</genre>
    <language>
         <languageTerm type="code" authority="iso639-2b">eng</languageTerm>
    </language>
    <extension>
         <collectionCode>BILLS</collectionCode>
         <searchTitle>Authorizing the use of the rotunda of the Capitol for a ceremony to award posthumously a Congressional Gold Medal in commemoration to the servicemembers who perished in Afghanistan on August 26, 2021, during the evacuation of citizens of the United States and Afghan allies at Hamid Karzai International Airport.;H. Con. Res. 126 (ENR)
    </searchTitle>
         <category>Bills and Statutes</category>
         <waisDatabaseName>118_cong_bills</waisDatabaseName>
         <branch>legislative</branch>
         <dateIngested>2024-09-12</dateIngested>
    </extension>
    <titleInfo>
         <title>Authorizing the use of the rotunda of the Capitol for a ceremony to award posthumously a Congressional Gold Medal in commemoration to the servicemembers who perished in Afghanistan on August 26, 2021, during the evacuation of citizens of the United States and Afghan allies at Hamid Karzai International Airport.</title>
    </titleInfo>
    <titleInfo type="alternative">
         <title>H. Con. Res. 126 (ENR)
    </title>
    </titleInfo>
    <originInfo>
         <publisher>U.S. Government Publishing Office</publisher>
         <dateIssued encoding="w3cdtf">2024-09-09</dateIssued>
         <issuance>monographic</issuance>
    </originInfo>
    <physicalDescription>
         <note type="source content type">deposited</note>
         <digitalOrigin>born digital</digitalOrigin>
         <extent>1 p.</extent>
    </physicalDescription>
    <classification authority="sudocs">Y 1.6:</classification>
    <classification authority="sudocs">Y 1.4/9:</classification>
    <identifier type="local">P0b002ee1cb608ddb</identifier>
    <identifier type="uri">https://www.govinfo.gov/app/details/BILLS-118hconres126enr</identifier>
    <identifier type="preferred citation">H. Con. Res. 126</identifier>
    <identifier type="stock number">021-610-00252-9</identifier>
    <identifier type="Parent ILS system id">000501532</identifier>
    <identifier type="Child ILS system id">000325575</identifier>
    <identifier type="Parent ILS title">Congressional bills</identifier>
    <identifier type="Child ILS title">House concurrent resolutions</identifier>
    <identifier type="former package identifier">f:hc126_enr.txt</identifier>
    <location>
         <url displayLabel="Content Detail" access="object in context">https://www.govinfo.gov/app/details/BILLS-118hconres126enr</url>
         <url displayLabel="HTML rendition" access="raw object">https://www.govinfo.gov/content/pkg/BILLS-118hconres126enr/html/BILLS-118hconres126enr.htm</url>
         <url displayLabel="PDF rendition" access="raw object">https://www.govinfo.gov/content/pkg/BILLS-118hconres126enr/pdf/BILLS-118hconres126enr.pdf</url>
         <url displayLabel="XML rendition" access="raw object">https://www.govinfo.gov/content/pkg/BILLS-118hconres126enr/xml/BILLS-118hconres126enr.xml</url>
         <url displayLabel="USLM rendition" access="raw object">https://www.govinfo.gov/content/pkg/BILLS-118hconres126enr/uslm/BILLS-118hconres126enr.xml</url>
    </location>
    <accessCondition type="GPO scope determination">fdlp</accessCondition>
    <recordInfo>
         <recordContentSource authority="marcorg">DGPO</recordContentSource>
         <recordCreationDate encoding="w3cdtf">2024-09-12</recordCreationDate>
         <recordChangeDate encoding="w3cdtf">2024-09-13</recordChangeDate>
         <recordIdentifier source="DGPO">BILLS-118hconres126enr</recordIdentifier>
         <recordOrigin>machine generated</recordOrigin>
         <languageOfCataloging>
              <languageTerm type="code" authority="iso639-2b">eng</languageTerm>
        </languageOfCataloging>
    </recordInfo>
    <extension>
         <docClass>hconres</docClass>
         <accessId>BILLS-118hconres126enr</accessId>
         <congress>118</congress>
         <session>2</session>
         <originChamber>HOUSE</originChamber>
         <currentChamber>JOINT</currentChamber>
         <billNumber>126</billNumber>
         <billVersion reprint="false">enr</billVersion>
         <fileSuffix>enr</fileSuffix>
         <officialTitle>Authorizing the use of the rotunda of the Capitol for a ceremony to award posthumously a Congressional Gold Medal in commemoration to the servicemembers who perished in Afghanistan on August 26, 2021, during the evacuation of citizens of the United States and Afghan allies at Hamid Karzai International Airport.</officialTitle>
         <action date="2024-09-09">Agreed to</action>
         <isPrivate>false</isPrivate>
         <isAppropriation>false</isAppropriation>
    </extension>
</mods>