<?xml version="1.0"?>
<?xml-stylesheet type="text/xsl" href="billres.xsl"?>
<!DOCTYPE resolution PUBLIC "-//US Congress//DTDs/res.dtd//EN" "res.dtd">
<resolution resolution-stage="Introduced-in-House" dms-id="HB529162983D54EC9A4A5BB644201ADD7" public-private="public" resolution-type="house-joint" star-print="no-star-print" key="H"><metadata xmlns:dc="http://purl.org/dc/elements/1.1/">
<dublinCore>
<dc:title>118 HJ 121 IH: Providing for congressional disapproval under chapter 8 of title 5, United States Code, of the rule submitted by the Bureau of Consumer Financial Protection relating to “Credit Card Penalty Fees (Regulation Z)”.</dc:title>
<dc:publisher>U.S. House of Representatives</dc:publisher>
<dc:date>2024-03-26</dc:date>
<dc:format>text/xml</dc:format>
<dc:language>EN</dc:language>
<dc:rights>Pursuant to Title 17 Section 105 of the United States Code, this file is not subject to copyright protection and is in the public domain.</dc:rights>
</dublinCore>
</metadata>
<form>
<distribution-code display="yes">IA</distribution-code><congress display="yes">118th CONGRESS</congress><session display="yes">2d Session</session><legis-num display="yes">H. J. RES. 121</legis-num><current-chamber>IN THE HOUSE OF REPRESENTATIVES</current-chamber><action display="yes"><action-date date="20240326">March 26, 2024</action-date><action-desc><sponsor name-id="O000175">Mr. Ogles</sponsor> submitted the following joint resolution; which was referred to the <committee-name committee-id="HBA00">Committee on Financial Services</committee-name></action-desc></action><legis-type>JOINT RESOLUTION</legis-type><official-title display="yes">Providing for congressional disapproval under <external-xref legal-doc="usc-chapter" parsable-cite="usc-chapter/5/8">chapter 8</external-xref> of title 5, United States Code, of the rule submitted by the Bureau of Consumer Financial Protection relating to <quote>Credit Card Penalty Fees (Regulation Z)</quote>.</official-title></form><resolution-body style="traditional" id="H622751181C284097B9AEA58C377445D7"><section id="H8E402D809F8D42CFAE2A0D1F9D2A6C9F" display-inline="yes-display-inline" section-type="undesignated-section"><enum/><text display-inline="yes-display-inline">That Congress disapproves the rule submitted by the Bureau of Consumer Financial Protection relating to <quote>Credit Card Penalty Fees (Regulation Z)</quote> (89 Fed. Reg. 19128; published March 15, 2024), and such rule shall have no force or effect.</text></section></resolution-body></resolution> 

