<?xml version="1.0"?>
<?xml-stylesheet type="text/xsl" href="billres.xsl"?>
<!DOCTYPE resolution PUBLIC "-//US Congress//DTDs/res.dtd//EN" "res.dtd">
<resolution resolution-stage="Enrolled-Bill" dms-id="H4CBFDCE32619483DA2250B4A75957B47" public-private="public" resolution-type="house-concurrent" star-print="no-star-print" key="H" stage-count="1"> 
<metadata xmlns:dc="http://purl.org/dc/elements/1.1/">
<dublinCore>
<dc:title> HCON 85 ENR: Authorizing the use of Emancipation Hall in the Capitol Visitor Center for a ceremony to present the Congressional Gold Medal collectively to the women in the United States who joined the workforce during World War II, providing the aircraft, vehicles, weaponry, ammunition, and other material to win the war and who were referred to as “Rosie the Riveter”, in recognition of their contributions to the United States and the inspiration they have provided to ensuing generations.</dc:title>
<dc:publisher>U.S. House of Representatives</dc:publisher>
<dc:date>2024-04-10</dc:date>
<dc:format>text/xml</dc:format>
<dc:language>EN</dc:language>
<dc:rights>Pursuant to Title 17 Section 105 of the United States Code, this file is not subject to copyright protection and is in the public domain.</dc:rights>
</dublinCore>
</metadata>
<form>
<distribution-code display="no">IV</distribution-code> 
<congress display="yes">One Hundred Eighteenth Congress of the United States of America</congress> 
<session display="yes">At the Second Session</session><enrolled-dateline>Begun and held at the City of Washington on Wednesday, the third day of January, two thousand and twenty-four</enrolled-dateline> 
<legis-num display="yes">H. CON. RES. 85</legis-num> 
<current-chamber display="no"></current-chamber>
<action>
<action-date date="20240410">April 10, 2024</action-date>
<action-desc>Agreed to</action-desc>
</action> 
<legis-type>CONCURRENT RESOLUTION</legis-type> 
<official-title display="no">Authorizing the use of Emancipation Hall in the Capitol Visitor Center for a ceremony to present the Congressional Gold Medal collectively to the women in the United States who joined the workforce during World War II, providing the aircraft, vehicles, weaponry, ammunition, and other material to win the war and who were referred to as <quote>Rosie the Riveter</quote>, in recognition of their contributions to the United States and the inspiration they have provided to ensuing generations.</official-title> 
</form> 
<resolution-body style="OLC" id="HB85C57ED72AB4993B08D0E6FB587FE26"> 
<section id="H8064049282F845B59910BF53A1CCA93D" section-type="section-one"><enum>1.</enum><header>Use of Emancipation Hall for ceremony to present Congressional Gold Medal to <quote>Rosie the Riveter</quote></header> 
<subsection id="H082C2583E9814420952C078DA7F7F3FC"><enum>(a)</enum><header>Authorization</header><text>Emancipation Hall in the Capitol Visitor Center is authorized to be used on April 10, 2024, for a ceremony to present the Congressional Gold Medal collectively to the women in the United States who joined the workforce during World War II, providing the aircraft, vehicles, weaponry, ammunition, and other material to win the war and who were referred to as <quote>Rosie the Riveter</quote>, in recognition of their contributions to the United States and the inspiration they have provided to ensuing generations.</text></subsection> <subsection id="H92956F8F968F47C2BC4B1518EC6EE2BF"><enum>(b)</enum><header>Preparations</header><text>Physical preparations for the conduct of the ceremony described in subsection (a) shall be carried out in accordance with such conditions as the Architect of the Capitol may prescribe.</text></subsection></section> 
</resolution-body> 
<attestation><attestation-group><role>Clerk of the House of Representatives.</role></attestation-group><attestation-group><role>Secretary of the Senate.</role></attestation-group></attestation>
</resolution> 


