<?xml version="1.0"?>
<?xml-stylesheet type="text/xsl" href="billres.xsl"?>
<!DOCTYPE resolution PUBLIC "-//US Congress//DTDs/res.dtd//EN" "res.dtd">
<resolution resolution-stage="Engrossed-in-House" dms-id="H1DC592675EE04E9789033AE5F83F722B" public-private="public" resolution-type="house-concurrent" star-print="no-star-print" key="H" stage-count="1"> 
<metadata xmlns:dc="http://purl.org/dc/elements/1.1/">
<dublinCore>
<dc:title>118 HCON 25 EH: Authorizing the use of Emancipation Hall in the Capitol Visitor Center for a ceremony as part of the commemoration of the days of remembrance of victims of the Holocaust.</dc:title>
<dc:publisher>U.S. House of Representatives</dc:publisher>
<dc:date></dc:date>
<dc:format>text/xml</dc:format>
<dc:language>EN</dc:language>
<dc:rights>Pursuant to Title 17 Section 105 of the United States Code, this file is not subject to copyright protection and is in the public domain.</dc:rights>
</dublinCore>
</metadata>
<form>
<distribution-code display="no">IV</distribution-code> 
<congress display="yes">118th CONGRESS</congress> 
<session display="yes">1st Session</session> 
<legis-num display="yes">H. CON. RES. 25</legis-num> 
<current-chamber display="no">IN THE HOUSE OF REPRESENTATIVES</current-chamber> 
<legis-type>CONCURRENT RESOLUTION</legis-type> 
<official-title display="no">Authorizing the use of Emancipation Hall in the Capitol Visitor Center for a ceremony as part of the commemoration of the days of remembrance of victims of the Holocaust.</official-title> 
</form> 
<resolution-body style="OLC" id="H2DAFEF26AC1A48FDA98BA3935E21EED8"> 
<section display-inline="no-display-inline" section-type="section-one" id="HDF5AF43002E74D8EA2FC07A9C1A10F12"><enum>1.</enum><header>Use of Emancipation Hall for a ceremony as part of the commemoration of the days of remembrance of victims of the Holocaust</header> 
<subsection id="H6A135FA1B3F74B34820B76540D2D8B40"><enum>(a)</enum><header>Authorization</header><text display-inline="yes-display-inline">Emancipation Hall in the Capitol Visitor Center is authorized to be used on April 20, 2023, for a ceremony as part of the commemoration of the days of remembrance of victims of the Holocaust.</text></subsection> <subsection id="H91042CC6FCF24E41A4B24415E148D7F1"><enum>(b)</enum><header>Preparations</header><text>Physical preparations for the ceremony described in subsection (a) shall be carried out in accordance with such conditions as the Architect of the Capitol may prescribe.</text></subsection></section> 
</resolution-body> 
<attestation><attestation-group><attestation-date date="20230324" chamber="House">Passed the House of Representatives March 24, 2023.</attestation-date><attestor display="no">Cheryl L. Johnson,</attestor><role>Clerk.</role></attestation-group></attestation> 
<endorsement display="yes"></endorsement> 
</resolution> 


