<?xml version="1.0"?>
<?xml-stylesheet type="text/xsl" href="billres.xsl"?>
<!DOCTYPE resolution PUBLIC "-//US Congress//DTDs/res.dtd//EN" "res.dtd">
<resolution resolution-stage="Introduced-in-House" dms-id="H0351FA548AEB43948901797A40F6FC21" public-private="public" resolution-type="house-concurrent" star-print="no-star-print" key="H"><metadata xmlns:dc="http://purl.org/dc/elements/1.1/">
<dublinCore>
<dc:title>118 HCON 97 IH: Recognizing the significance of equal pay and the disparity between wages paid to men and women.</dc:title>
<dc:publisher>U.S. House of Representatives</dc:publisher>
<dc:date>2024-03-12</dc:date>
<dc:format>text/xml</dc:format>
<dc:language>EN</dc:language>
<dc:rights>Pursuant to Title 17 Section 105 of the United States Code, this file is not subject to copyright protection and is in the public domain.</dc:rights>
</dublinCore>
</metadata>
<form>
<distribution-code display="yes">IV</distribution-code><congress display="yes">118th CONGRESS</congress><session display="yes">2d Session</session><legis-num display="yes">H. CON. RES. 97</legis-num><current-chamber>IN THE HOUSE OF REPRESENTATIVES</current-chamber><action display="yes"><action-date date="20240312">March 12, 2024</action-date><action-desc><sponsor name-id="F000462">Ms. Lois Frankel of Florida</sponsor> (for herself, <cosponsor name-id="D000216">Ms. DeLauro</cosponsor>, <cosponsor name-id="W000788">Ms. Williams of Georgia</cosponsor>, <cosponsor name-id="L000273">Ms. Leger Fernandez</cosponsor>, <cosponsor name-id="A000370">Ms. Adams</cosponsor>, <cosponsor name-id="A000376">Mr. Allred</cosponsor>, <cosponsor name-id="A000380">Mr. Amo</cosponsor>, <cosponsor name-id="B001318">Ms. Balint</cosponsor>, <cosponsor name-id="B001300">Ms. Barragán</cosponsor>, <cosponsor name-id="B001281">Mrs. Beatty</cosponsor>, <cosponsor name-id="B001292">Mr. Beyer</cosponsor>, <cosponsor name-id="B000490">Mr. Bishop of Georgia</cosponsor>, <cosponsor name-id="B000574">Mr. Blumenauer</cosponsor>, <cosponsor name-id="B001303">Ms. Blunt Rochester</cosponsor>, <cosponsor name-id="B001278">Ms. Bonamici</cosponsor>, <cosponsor name-id="B001223">Mr. Bowman</cosponsor>, <cosponsor name-id="B001296">Mr. Boyle of Pennsylvania</cosponsor>, <cosponsor name-id="B001313">Ms. Brown</cosponsor>, <cosponsor name-id="B001285">Ms. Brownley</cosponsor>, <cosponsor name-id="B001315">Ms. Budzinski</cosponsor>, <cosponsor name-id="B001224">Ms. Bush</cosponsor>, <cosponsor name-id="C001134">Ms. Caraveo</cosponsor>, <cosponsor name-id="C001112">Mr. Carbajal</cosponsor>, <cosponsor name-id="C001097">Mr. Cárdenas</cosponsor>, <cosponsor name-id="C001072">Mr. Carson</cosponsor>, <cosponsor name-id="C001125">Mr. Carter of Louisiana</cosponsor>, <cosponsor name-id="C001090">Mr. Cartwright</cosponsor>, <cosponsor name-id="C001055">Mr. Case</cosponsor>, <cosponsor name-id="C001066">Ms. Castor of Florida</cosponsor>, <cosponsor name-id="C001091">Mr. Castro of Texas</cosponsor>, <cosponsor name-id="C001080">Ms. Chu</cosponsor>, <cosponsor name-id="C001067">Ms. Clarke of New York</cosponsor>, <cosponsor name-id="C001061">Mr. Cleaver</cosponsor>, <cosponsor name-id="C001059">Mr. Costa</cosponsor>, <cosponsor name-id="C001130">Ms. Crockett</cosponsor>, <cosponsor name-id="D000096">Mr. Davis of Illinois</cosponsor>, <cosponsor name-id="D000631">Ms. Dean of Pennsylvania</cosponsor>, <cosponsor name-id="D000197">Ms. DeGette</cosponsor>, <cosponsor name-id="D000617">Ms. DelBene</cosponsor>, <cosponsor name-id="D000530">Mr. Deluzio</cosponsor>, <cosponsor name-id="D000623">Mr. DeSaulnier</cosponsor>, <cosponsor name-id="D000624">Mrs. Dingell</cosponsor>, <cosponsor name-id="E000299">Ms. Escobar</cosponsor>, <cosponsor name-id="E000297">Mr. Espaillat</cosponsor>, <cosponsor name-id="E000296">Mr. Evans</cosponsor>, <cosponsor name-id="F000454">Mr. Foster</cosponsor>, <cosponsor name-id="F000476">Mr. Frost</cosponsor>, <cosponsor name-id="G000559">Mr. Garamendi</cosponsor>, <cosponsor name-id="G000586">Mr. García of Illinois</cosponsor>, <cosponsor name-id="G000587">Ms. Garcia of Texas</cosponsor>, <cosponsor name-id="G000599">Mr. Goldman of New York</cosponsor>, <cosponsor name-id="G000585">Mr. Gomez</cosponsor>, <cosponsor name-id="G000581">Mr. Vicente Gonzalez of Texas</cosponsor>, <cosponsor name-id="G000583">Mr. Gottheimer</cosponsor>, <cosponsor name-id="G000553">Mr. Green of Texas</cosponsor>, <cosponsor name-id="G000551">Mr. Grijalva</cosponsor>, <cosponsor name-id="H001081">Mrs. Hayes</cosponsor>, <cosponsor name-id="H001066">Mr. Horsford</cosponsor>, <cosponsor name-id="H001085">Ms. Houlahan</cosponsor>, <cosponsor name-id="H001094">Ms. Hoyle of Oregon</cosponsor>, <cosponsor name-id="I000058">Mr. Ivey</cosponsor>, <cosponsor name-id="J000032">Ms. Jackson Lee</cosponsor>, <cosponsor name-id="J000308">Mr. Jackson of North Carolina</cosponsor>, <cosponsor name-id="J000309">Mr. Jackson of Illinois</cosponsor>, <cosponsor name-id="J000305">Ms. Jacobs</cosponsor>, <cosponsor name-id="J000298">Ms. Jayapal</cosponsor>, <cosponsor name-id="J000288">Mr. Johnson of Georgia</cosponsor>, <cosponsor name-id="K000400">Ms. Kamlager-Dove</cosponsor>, <cosponsor name-id="K000009">Ms. Kaptur</cosponsor>, <cosponsor name-id="K000375">Mr. Keating</cosponsor>, <cosponsor name-id="K000385">Ms. Kelly of Illinois</cosponsor>, <cosponsor name-id="K000389">Mr. Khanna</cosponsor>, <cosponsor name-id="K000380">Mr. Kildee</cosponsor>, <cosponsor name-id="K000381">Mr. Kilmer</cosponsor>, <cosponsor name-id="K000394">Mr. Kim of New Jersey</cosponsor>, <cosponsor name-id="K000391">Mr. Krishnamoorthi</cosponsor>, <cosponsor name-id="K000382">Ms. Kuster</cosponsor>, <cosponsor name-id="L000557">Mr. Larson of Connecticut</cosponsor>, <cosponsor name-id="L000551">Ms. Lee of California</cosponsor>, <cosponsor name-id="L000602">Ms. Lee of Pennsylvania</cosponsor>, <cosponsor name-id="L000590">Ms. Lee of Nevada</cosponsor>, <cosponsor name-id="L000582">Mr. Lieu</cosponsor>, <cosponsor name-id="L000397">Ms. Lofgren</cosponsor>, <cosponsor name-id="L000562">Mr. Lynch</cosponsor>, <cosponsor name-id="M001223">Mr. Magaziner</cosponsor>, <cosponsor name-id="M001163">Ms. Matsui</cosponsor>, <cosponsor name-id="M001227">Ms. McClellan</cosponsor>, <cosponsor name-id="M001143">Ms. McCollum</cosponsor>, <cosponsor name-id="M000312">Mr. McGovern</cosponsor>, <cosponsor name-id="M001226">Mr. Menendez</cosponsor>, <cosponsor name-id="M001188">Ms. Meng</cosponsor>, <cosponsor name-id="M001160">Ms. Moore of Wisconsin</cosponsor>, <cosponsor name-id="M001206">Mr. Morelle</cosponsor>, <cosponsor name-id="M001217">Mr. Moskowitz</cosponsor>, <cosponsor name-id="M001196">Mr. Moulton</cosponsor>, <cosponsor name-id="M001225">Mr. Mullin</cosponsor>, <cosponsor name-id="N000002">Mr. Nadler</cosponsor>, <cosponsor name-id="N000179">Mrs. Napolitano</cosponsor>, <cosponsor name-id="N000015">Mr. Neal</cosponsor>, <cosponsor name-id="N000147">Ms. Norton</cosponsor>, <cosponsor name-id="O000172">Ms. Ocasio-Cortez</cosponsor>, <cosponsor name-id="O000173">Ms. Omar</cosponsor>, <cosponsor name-id="P000034">Mr. Pallone</cosponsor>, <cosponsor name-id="P000613">Mr. Panetta</cosponsor>, <cosponsor name-id="P000614">Mr. Pappas</cosponsor>, <cosponsor name-id="P000604">Mr. Payne</cosponsor>, <cosponsor name-id="P000197">Ms. Pelosi</cosponsor>, <cosponsor name-id="P000608">Mr. Peters</cosponsor>, <cosponsor name-id="P000620">Ms. Pettersen</cosponsor>, <cosponsor name-id="P000616">Mr. Phillips</cosponsor>, <cosponsor name-id="P000597">Ms. Pingree</cosponsor>, <cosponsor name-id="P000607">Mr. Pocan</cosponsor>, <cosponsor name-id="P000617">Ms. Pressley</cosponsor>, <cosponsor name-id="Q000023">Mr. Quigley</cosponsor>, <cosponsor name-id="R000617">Mrs. Ramirez</cosponsor>, <cosponsor name-id="R000606">Mr. Raskin</cosponsor>, <cosponsor name-id="R000305">Ms. Ross</cosponsor>, <cosponsor name-id="R000579">Mr. Ryan</cosponsor>, <cosponsor name-id="S001177">Mr. Sablan</cosponsor>, <cosponsor name-id="S001226">Ms. Salinas</cosponsor>, <cosponsor name-id="S001156">Ms. Sánchez</cosponsor>, <cosponsor name-id="S001168">Mr. Sarbanes</cosponsor>, <cosponsor name-id="S001205">Ms. Scanlon</cosponsor>, <cosponsor name-id="S001145">Ms. Schakowsky</cosponsor>, <cosponsor name-id="S001150">Mr. Schiff</cosponsor>, <cosponsor name-id="S001190">Mr. Schneider</cosponsor>, <cosponsor name-id="S000185">Mr. Scott of Virginia</cosponsor>, <cosponsor name-id="S001185">Ms. Sewell</cosponsor>, <cosponsor name-id="S001207">Ms. Sherrill</cosponsor>, <cosponsor name-id="S000510">Mr. Smith of Washington</cosponsor>, <cosponsor name-id="S001200">Mr. Soto</cosponsor>, <cosponsor name-id="S001218">Ms. Stansbury</cosponsor>, <cosponsor name-id="S001211">Mr. Stanton</cosponsor>, <cosponsor name-id="S001215">Ms. Stevens</cosponsor>, <cosponsor name-id="S001159">Ms. Strickland</cosponsor>, <cosponsor name-id="S001193">Mr. Swalwell</cosponsor>, <cosponsor name-id="S001223">Mrs. Sykes</cosponsor>, <cosponsor name-id="T000472">Mr. Takano</cosponsor>, <cosponsor name-id="T000488">Mr. Thanedar</cosponsor>, <cosponsor name-id="T000193">Mr. Thompson of Mississippi</cosponsor>, <cosponsor name-id="T000468">Ms. Titus</cosponsor>, <cosponsor name-id="T000487">Ms. Tokuda</cosponsor>, <cosponsor name-id="T000469">Mr. Tonko</cosponsor>, <cosponsor name-id="T000474">Mrs. Torres of California</cosponsor>, <cosponsor name-id="T000482">Mrs. Trahan</cosponsor>, <cosponsor name-id="T000483">Mr. Trone</cosponsor>, <cosponsor name-id="V000130">Mr. Vargas</cosponsor>, <cosponsor name-id="V000081">Ms. Velázquez</cosponsor>, <cosponsor name-id="W000797">Ms. Wasserman Schultz</cosponsor>, <cosponsor name-id="W000822">Mrs. Watson Coleman</cosponsor>, <cosponsor name-id="W000825">Ms. Wexton</cosponsor>, <cosponsor name-id="W000826">Ms. Wild</cosponsor>, <cosponsor name-id="W000808">Ms. Wilson of Florida</cosponsor>, <cosponsor name-id="D000230">Mr. Davis of North Carolina</cosponsor>, and <cosponsor name-id="C001078">Mr. Connolly</cosponsor>) submitted the following concurrent resolution; which was referred to the <committee-name committee-id="HED00">Committee on Education and the Workforce</committee-name></action-desc></action><legis-type>CONCURRENT RESOLUTION</legis-type><official-title display="yes">Recognizing the significance of equal pay and the disparity between wages paid to men and women.</official-title></form><preamble><whereas><text>Whereas section 6(d) of the Fair Labor Standards Act of 1938 (<external-xref legal-doc="usc" parsable-cite="usc/29/206">29 U.S.C. 206(d)</external-xref>) prohibits discrimination in compensation for equal work on the basis of sex;</text></whereas><whereas><text>Whereas title VII of the Civil Rights Act of 1964 (<external-xref legal-doc="usc" parsable-cite="usc/42/2000e">42 U.S.C. 2000e et seq.</external-xref>) prohibits discrimination in compensation because of race, color, religion, national origin, or sex;</text></whereas><whereas><text>Whereas, more than 6 decades after the passage of the Equal Pay Act of 1963 (<external-xref legal-doc="usc" parsable-cite="usc/29/206">29 U.S.C. 206</external-xref> note), Census Bureau data show that women working full time, year round are paid an average of 84 cents for every dollar paid to all men, while Latinas are paid 57 cents, American Indian and Alaska Native women are paid 59 cents, Native Hawaiian and Pacific Islander women are paid 66 cents, African-American women are paid 69 cents, White, non-Hispanic women are paid 80 cents, and Asian-American women are paid 99 cents, for every dollar paid to White, non-Hispanic men;</text></whereas><whereas><text>Whereas March 12, 2024, is Equal Pay Day, marking the day that symbolizes how long into 2024 women must work to make what men were paid in 2023;</text></whereas><whereas><text>Whereas April 3, 2024, is observed as Asian American, Native Hawaiian, and Pacific Islander Women’s Equal Pay Day; July 9, 2024, is observed as Black Women’s Equal Pay Day; August 28, 2024, is observed as Native Hawaiian Pacific Islander Women’s Equal Pay Day; October 3, 2024, is observed as Latinas’ Equal Pay Day; and November 21, 2024, is observed as Native Women’s Equal Pay Day;</text></whereas><whereas><text>Whereas LGBTQI+ women and women with disabilities may face further pay disparities;</text></whereas><whereas><text>Whereas, if current trends continue, Asian women are projected to close the gender pay gap for all workers, including part-time, full-time, and seasonal workers, in 23 years, White women in 43 years, Black women in 121 years, and Latinas in 187 years;</text></whereas><whereas><text>Whereas the disparity in median annual earnings for women and men working full time, year round is $9,990, which can add up to nearly $400,000 over a career;</text></whereas><whereas><text>Whereas women’s median earnings are less than men’s at every level of academic achievement, with women with less than a high school diploma earning 72 percent of men’s earnings, and women with a professional degree earning 73 percent of men’s earnings at the same level of education;</text></whereas><whereas><text>Whereas women are often paid less than men with lower levels of education, with women with associate’s degrees paid less than men with a high school diploma, and women with master’s degrees paid less than men with bachelor’s degrees;</text></whereas><whereas><text>Whereas, in the United States, mothers working full time typically are paid 75 percent of what fathers are paid;</text></whereas><whereas><text>Whereas the gender wage gap collectively costs women employed full time in the United States more than $965,000,000,000 in annual lost wages, so that families have less money to spend on goods and services that help drive economic growth;</text></whereas><whereas><text>Whereas, if the annual gender wage gap were eliminated for just 1 year, on average, a working woman in the United States would have enough money for approximately 11 months of childcare, nearly 8 additional months of rent, more than 5 additional months of mortgage and utilities payments, 2 semesters of tuition and fees for a 4-year public university or the full cost of tuition and fees for attending a 2-year college, more than 6 additional months of premiums for employer-based health insurance, more than 55 weeks of food, or enough money to pay off student loan debt in just under 5 years;</text></whereas><whereas><text>Whereas women hold nearly two-thirds of the Nation’s outstanding student loan debt, totaling over $929,000,000,000, and are less likely to be able to pay off their student loan debt promptly due to wage disparities;</text></whereas><whereas><text>Whereas the wage gap impacts women’s ability to save for retirement and women’s total Social Security and pension benefits, and older women are more likely than men to live in poverty;</text></whereas><whereas><text>Whereas sex-based wage differentials reduce family incomes and contribute to the higher poverty rates among women and their families;</text></whereas><whereas><text>Whereas a wage gap exists in nearly every occupational field, but opening traditionally male-dominated jobs to women and reducing occupational segregation by sex increases earnings for women;</text></whereas><whereas><text>Whereas nearly two-thirds of workers paid the minimum wage or less are women, and the concentration of women in low-wage jobs is a significant contributor to the wage gap;</text></whereas><whereas><text>Whereas the gender wage gap between union women and men is about two-thirds the size of the wage gap between nonunion women and men, and women union members typically earn $191 more per week than women who are not represented by unions;</text></whereas><whereas><text>Whereas two-thirds of private sector workers report that employers either prohibit or discourage them from discussing their pay, which can keep the existence of pay discrimination hidden and prevent remedying that discrimination;</text></whereas><whereas><text>Whereas the lack of family friendly policies, such as access to affordable, quality childcare, paid family and medical leave, paid sick days, and fair and predictable work schedules, forces many caregivers to choose between providing for their families financially and ensuring their loved ones receive quality care, and contributes to the wage gap;</text></whereas><whereas><text>Whereas 1 in 3 women have been on the receiving end of sexual harassment during their careers, and an estimated 87 to 94 percent of those who experience sexual harassment never file a formal complaint;</text></whereas><whereas><text>Whereas workplace harassment forces many women to leave their occupation or industry, or pass up opportunities for advancement, and this contributes to the gender wage gap;</text></whereas><whereas><text>Whereas equal pay strengthens the economic security of families and enhances retirement savings;</text></whereas><whereas><text>Whereas, when women are paid fairly, families are stronger, businesses prosper, and American values and the economy are strengthened;</text></whereas><whereas><text>Whereas, if women in the United States received equal pay comparable with men, poverty for working women would be reduced by more than 40 percent, and the economy would add $541,000,000,000 in wage and salary income annually; and</text></whereas><whereas><text>Whereas numerous national organizations have designated Tuesday, March 12, 2024, as <quote>Equal Pay Day</quote> to represent the additional time that women must work to compensate for the average 16-percent lower wages paid to women working full time, year round last year: Now, therefore, be it</text></whereas></preamble><resolution-body style="traditional" id="HB3F5F4D366E543F1912EC066A0862FED"><section id="HE76F9574CD6A4C339F41BD82A8F79A7E" section-type="undesignated-section" display-inline="yes-display-inline"><enum/><text display-inline="yes-display-inline">That Congress—</text><paragraph id="H22B7DD8D3D63491A878F831EFDDD164D"><enum>(1)</enum><text>recognizes the disparity between wages paid to women and men and its impact on women, families, and the Nation; and</text></paragraph><paragraph id="H82D8FCD4B01F4A2D814A763FC42CB406"><enum>(2)</enum><text>reaffirms its commitment to supporting equal pay and to narrowing the gender wage gap.</text></paragraph></section></resolution-body></resolution> 

