<?xml version="1.0"?>
<?xml-stylesheet type="text/xsl" href="billres.xsl"?>
<!DOCTYPE resolution PUBLIC "-//US Congress//DTDs/res.dtd//EN" "res.dtd">
<resolution resolution-stage="Introduced-in-House" dms-id="HB3CE0D5AD6CF47DF889D1F594CA9D6CD" public-private="public" resolution-type="house-joint" star-print="no-star-print" key="H"><metadata xmlns:dc="http://purl.org/dc/elements/1.1/">
<dublinCore>
<dc:title>118 HJ 28 IH: Expressing support for designation of the week of February 6, 2023, through February 10, 2023, as “National School Counseling Week”.</dc:title>
<dc:publisher>U.S. House of Representatives</dc:publisher>
<dc:date>2023-02-06</dc:date>
<dc:format>text/xml</dc:format>
<dc:language>EN</dc:language>
<dc:rights>Pursuant to Title 17 Section 105 of the United States Code, this file is not subject to copyright protection and is in the public domain.</dc:rights>
</dublinCore>
</metadata>
<form>
<distribution-code display="yes">IA</distribution-code><congress display="yes">118th CONGRESS</congress><session display="yes">1st Session</session><legis-num display="yes">H. J. RES. 28</legis-num><current-chamber>IN THE HOUSE OF REPRESENTATIVES</current-chamber><action display="yes"><action-date date="20230206">February 6, 2023</action-date><action-desc><sponsor name-id="S001156">Ms. Sánchez</sponsor> (for herself, <cosponsor name-id="B000490">Mr. Bishop of Georgia</cosponsor>, <cosponsor name-id="B001278">Ms. Bonamici</cosponsor>, <cosponsor name-id="B001223">Mr. Bowman</cosponsor>, <cosponsor name-id="B001296">Mr. Boyle of Pennsylvania</cosponsor>, <cosponsor name-id="C001061">Mr. Cleaver</cosponsor>, <cosponsor name-id="D000096">Mr. Davis of Illinois</cosponsor>, <cosponsor name-id="D000624">Mrs. Dingell</cosponsor>, <cosponsor name-id="E000296">Mr. Evans</cosponsor>, <cosponsor name-id="G000586">Mr. García of Illinois</cosponsor>, <cosponsor name-id="G000583">Mr. Gottheimer</cosponsor>, <cosponsor name-id="G000551">Mr. Grijalva</cosponsor>, <cosponsor name-id="L000590">Mrs. Lee of Nevada</cosponsor>, <cosponsor name-id="L000562">Mr. Lynch</cosponsor>, <cosponsor name-id="M001160">Ms. Moore of Wisconsin</cosponsor>, <cosponsor name-id="P000613">Mr. Panetta</cosponsor>, <cosponsor name-id="S001205">Ms. Scanlon</cosponsor>, <cosponsor name-id="S000510">Mr. Smith of Washington</cosponsor>, and <cosponsor name-id="K000394">Mr. Kim of New Jersey</cosponsor>) submitted the following joint resolution; which was referred to the <committee-name committee-id="HED00">Committee on Education and the Workforce</committee-name></action-desc></action><legis-type>JOINT RESOLUTION</legis-type><official-title display="yes">Expressing support for designation of the week of February 6, 2023, through February 10, 2023, as <quote>National School Counseling Week</quote>.</official-title></form><preamble><whereas><text>Whereas the American School Counselor Association has designated the week of February 6, 2023, through February 10, 2023, as <quote>National School Counseling Week</quote>;</text></whereas><whereas><text>Whereas school counselors have long advocated that the education system of the United States must provide equitable opportunities for all students;</text></whereas><whereas><text>Whereas school counselors have long emphasized the importance of personal and social development in contributing to academic achievement;</text></whereas><whereas><text>Whereas school counselors help develop well-rounded students by guiding them through their academic, social-emotional, and career development;</text></whereas><whereas><text>Whereas school counselors play a vital role in ensuring that students are college and career ready and aware of financial aid and college opportunities;</text></whereas><whereas><text>Whereas school counselors may encourage students to pursue challenging academic courses to prepare them for college majors and careers in the science, technology, engineering, and mathematics fields;</text></whereas><whereas><text>Whereas school counselors provide support for students whose family members have been deployed to conflicts overseas;</text></whereas><whereas><text>Whereas school counselors help students cope with serious and common challenges of growing up, including peer pressure, bullying, mental health issues, school violence, disciplinary problems, and problems in the home;</text></whereas><whereas><text>Whereas school counselors are also instrumental in helping students, teachers, and parents cope with trauma and community and national tragedies;</text></whereas><whereas><text>Whereas school counselors are among the few professionals in a school building that are trained in both education and social and emotional development;</text></whereas><whereas><text>Whereas despite the important contributions of school counselors to student success, counseling positions are not always protected when local budgets are cut, especially in tough economic times;</text></whereas><whereas><text>Whereas the average student-to-counselor ratio in the Nation’s public schools, 408-to-1, is almost double the 250-to-1 ratio recommended by the American School Counselor Association, the National Association for College Admission Counseling, and other organizations;</text></whereas><whereas><text>Whereas the celebration of <quote>National School Counseling Week</quote> would increase awareness of the important and necessary role school counselors play in the lives of students in the United States; and</text></whereas><whereas><text>Whereas the week of February 6, 2023, through February 10, 2023, would be an appropriate week to designate as <quote>National School Counseling Week</quote>: Now, therefore, be it</text></whereas></preamble><resolution-body style="traditional" id="H302869812FD547F9B4897BA74E810DF6"><section display-inline="yes-display-inline" section-type="undesignated-section" id="HC04CC393484440799992D2886BCA178E"><enum/><text>That Congress—</text><paragraph id="HC1273E9F86CD4FC6AB4704D370D9F36D"><enum>(1)</enum><text display-inline="yes-display-inline">honors and recognizes the contributions of school counselors to the success of students in the Nation’s elementary and secondary schools; and </text></paragraph><paragraph id="HB36E5195ABE34C07986DF48A79688E02"><enum>(2)</enum><text>encourages the people of the United States to observe <quote>National School Counseling Week</quote> with appropriate ceremonies and activities that promote awareness of the crucial role school counselors play in preparing students for fulfilling lives as contributing members of society. </text></paragraph></section></resolution-body></resolution> 

