<mods xmlns:xlink="http://www.w3.org/1999/xlink" xmlns:xsi="http://www.w3.org/2001/XMLSchema-instance" xmlns="http://www.loc.gov/mods/v3" version="3.3" xsi:schemaLocation="http://www.loc.gov/mods/v3 http://www.loc.gov/standards/mods/v3/mods-3-3.xsd" ID="P0b002ee1bcc46706">
    <name type="corporate">
         <namePart>United States Government Publishing Office</namePart>
         <role>
              <roleTerm authority="marcrelator" type="text">publisher</roleTerm>
              <roleTerm authority="marcrelator" type="code">pbl</roleTerm>
        </role>
         <role>
              <roleTerm authority="marcrelator" type="text">distributor</roleTerm>
              <roleTerm authority="marcrelator" type="code">dst</roleTerm>
        </role>
    </name>
    <name type="corporate">
         <namePart>United States</namePart>
         <namePart>Congress</namePart>
         <namePart>House of Representatives</namePart>
         <role>
              <roleTerm authority="marcrelator" type="text">author</roleTerm>
              <roleTerm authority="marcrelator" type="code">aut</roleTerm>
        </role>
         <description>Government Organization</description>
    </name>
    <typeOfResource>text</typeOfResource>
    <genre authority="marcgt">government publication</genre>
    <language>
         <languageTerm type="code" authority="iso639-2b">eng</languageTerm>
    </language>
    <extension>
         <collectionCode>BILLS</collectionCode>
         <searchTitle>Authorizing the use of Emancipation Hall in the Capitol Visitor Center for a ceremony as part of the commemoration of the days of remembrance of victims of the Holocaust.;H. Con. Res. 25 (EH)
    </searchTitle>
         <category>Bills and Statutes</category>
         <waisDatabaseName>118_cong_bills</waisDatabaseName>
         <branch>legislative</branch>
         <dateIngested>2023-03-28</dateIngested>
    </extension>
    <titleInfo>
         <title>Authorizing the use of Emancipation Hall in the Capitol Visitor Center for a ceremony as part of the commemoration of the days of remembrance of victims of the Holocaust.</title>
    </titleInfo>
    <titleInfo type="alternative">
         <title>H. Con. Res. 25 (EH)
    </title>
    </titleInfo>
    <originInfo>
         <publisher>U.S. Government Publishing Office</publisher>
         <dateIssued encoding="w3cdtf">2023-03-24</dateIssued>
         <issuance>monographic</issuance>
    </originInfo>
    <physicalDescription>
         <note type="source content type">deposited</note>
         <digitalOrigin>born digital</digitalOrigin>
         <extent>4 p.</extent>
    </physicalDescription>
    <classification authority="sudocs">Y 1.6:</classification>
    <classification authority="sudocs">Y 1.4/9:</classification>
    <identifier type="local">P0b002ee1bcc46706</identifier>
    <identifier type="uri">https://www.govinfo.gov/app/details/BILLS-118hconres25eh</identifier>
    <identifier type="preferred citation">H. Con. Res. 25</identifier>
    <identifier type="stock number">021-610-00252-9</identifier>
    <identifier type="Parent ILS system id">000501532</identifier>
    <identifier type="Child ILS system id">000325575</identifier>
    <identifier type="Parent ILS title">Congressional bills</identifier>
    <identifier type="Child ILS title">House concurrent resolutions</identifier>
    <identifier type="former package identifier">f:hc25_eh.txt</identifier>
    <location>
         <url displayLabel="Content Detail" access="object in context">https://www.govinfo.gov/app/details/BILLS-118hconres25eh</url>
         <url displayLabel="HTML rendition" access="raw object">https://www.govinfo.gov/content/pkg/BILLS-118hconres25eh/html/BILLS-118hconres25eh.htm</url>
         <url displayLabel="PDF rendition" access="raw object">https://www.govinfo.gov/content/pkg/BILLS-118hconres25eh/pdf/BILLS-118hconres25eh.pdf</url>
         <url displayLabel="XML rendition" access="raw object">https://www.govinfo.gov/content/pkg/BILLS-118hconres25eh/xml/BILLS-118hconres25eh.xml</url>
    </location>
    <accessCondition type="GPO scope determination">fdlp</accessCondition>
    <recordInfo>
         <recordContentSource authority="marcorg">DGPO</recordContentSource>
         <recordCreationDate encoding="w3cdtf">2023-03-28</recordCreationDate>
         <recordChangeDate encoding="w3cdtf">2023-03-28</recordChangeDate>
         <recordIdentifier source="DGPO">BILLS-118hconres25eh</recordIdentifier>
         <recordOrigin>machine generated</recordOrigin>
         <languageOfCataloging>
              <languageTerm type="code" authority="iso639-2b">eng</languageTerm>
        </languageOfCataloging>
    </recordInfo>
    <extension>
         <docClass>hconres</docClass>
         <accessId>BILLS-118hconres25eh</accessId>
         <congress>118</congress>
         <session>1</session>
         <originChamber>HOUSE</originChamber>
         <currentChamber>HOUSE</currentChamber>
         <billNumber>25</billNumber>
         <billVersion reprint="false">eh</billVersion>
         <fileSuffix>eh</fileSuffix>
         <officialTitle>Authorizing the use of Emancipation Hall in the Capitol Visitor Center for a ceremony as part of the commemoration of the days of remembrance of victims of the Holocaust.</officialTitle>
         <isPrivate>false</isPrivate>
         <isAppropriation>false</isAppropriation>
    </extension>
</mods>