<mods xmlns:xlink="http://www.w3.org/1999/xlink" xmlns:xsi="http://www.w3.org/2001/XMLSchema-instance" xmlns="http://www.loc.gov/mods/v3" version="3.3" xsi:schemaLocation="http://www.loc.gov/mods/v3 http://www.loc.gov/standards/mods/v3/mods-3-3.xsd" ID="P0b002ee1c10ed26c">
    <name type="corporate">
         <namePart>United States Government Publishing Office</namePart>
         <role>
              <roleTerm authority="marcrelator" type="text">publisher</roleTerm>
              <roleTerm authority="marcrelator" type="code">pbl</roleTerm>
        </role>
         <role>
              <roleTerm authority="marcrelator" type="text">distributor</roleTerm>
              <roleTerm authority="marcrelator" type="code">dst</roleTerm>
        </role>
    </name>
    <name type="corporate">
         <namePart>United States</namePart>
         <namePart>Congress</namePart>
         <namePart>House of Representatives</namePart>
         <role>
              <roleTerm authority="marcrelator" type="text">author</roleTerm>
              <roleTerm authority="marcrelator" type="code">aut</roleTerm>
        </role>
         <description>Government Organization</description>
    </name>
    <typeOfResource>text</typeOfResource>
    <genre authority="marcgt">government publication</genre>
    <language>
         <languageTerm type="code" authority="iso639-2b">eng</languageTerm>
    </language>
    <extension>
         <collectionCode>BILLS</collectionCode>
         <searchTitle>Recognizing the 10th anniversary of the USA Rice-Ducks Unlimited Rice Stewardship Partnership.;H. Con. Res. 69 (IH)
    </searchTitle>
         <category>Bills and Statutes</category>
         <waisDatabaseName>118_cong_bills</waisDatabaseName>
         <branch>legislative</branch>
         <dateIngested>2023-09-28</dateIngested>
    </extension>
    <titleInfo>
         <title>Recognizing the 10th anniversary of the USA Rice-Ducks Unlimited Rice Stewardship Partnership.</title>
    </titleInfo>
    <titleInfo type="alternative">
         <title>H. Con. Res. 69 (IH)
    </title>
    </titleInfo>
    <originInfo>
         <publisher>U.S. Government Publishing Office</publisher>
         <dateIssued encoding="w3cdtf">2023-09-27</dateIssued>
         <issuance>monographic</issuance>
    </originInfo>
    <physicalDescription>
         <note type="source content type">deposited</note>
         <digitalOrigin>born digital</digitalOrigin>
         <extent>2 p.</extent>
    </physicalDescription>
    <classification authority="sudocs">Y 1.6:</classification>
    <classification authority="sudocs">Y 1.4/9:</classification>
    <identifier type="local">P0b002ee1c10ed26c</identifier>
    <identifier type="uri">https://www.govinfo.gov/app/details/BILLS-118hconres69ih</identifier>
    <identifier type="preferred citation">H. Con. Res. 69</identifier>
    <identifier type="stock number">021-610-00252-9</identifier>
    <identifier type="Parent ILS system id">000501532</identifier>
    <identifier type="Child ILS system id">000325575</identifier>
    <identifier type="Parent ILS title">Congressional bills</identifier>
    <identifier type="Child ILS title">House concurrent resolutions</identifier>
    <identifier type="former package identifier">f:hc69_ih.txt</identifier>
    <location>
         <url displayLabel="Content Detail" access="object in context">https://www.govinfo.gov/app/details/BILLS-118hconres69ih</url>
         <url displayLabel="HTML rendition" access="raw object">https://www.govinfo.gov/content/pkg/BILLS-118hconres69ih/html/BILLS-118hconres69ih.htm</url>
         <url displayLabel="PDF rendition" access="raw object">https://www.govinfo.gov/content/pkg/BILLS-118hconres69ih/pdf/BILLS-118hconres69ih.pdf</url>
         <url displayLabel="XML rendition" access="raw object">https://www.govinfo.gov/content/pkg/BILLS-118hconres69ih/xml/BILLS-118hconres69ih.xml</url>
    </location>
    <accessCondition type="GPO scope determination">fdlp</accessCondition>
    <recordInfo>
         <recordContentSource authority="marcorg">DGPO</recordContentSource>
         <recordCreationDate encoding="w3cdtf">2023-09-28</recordCreationDate>
         <recordChangeDate encoding="w3cdtf">2023-09-28</recordChangeDate>
         <recordIdentifier source="DGPO">BILLS-118hconres69ih</recordIdentifier>
         <recordOrigin>machine generated</recordOrigin>
         <languageOfCataloging>
              <languageTerm type="code" authority="iso639-2b">eng</languageTerm>
        </languageOfCataloging>
    </recordInfo>
    <name type="personal">
         <namePart>Eric A. &quot;Rick&quot; Crawford</namePart>
         <affiliation>United States House of Representatives</affiliation>
         <role>
              <roleTerm authority="marcrelator" type="text">sponsor</roleTerm>
              <roleTerm authority="marcrelator" type="code">spn</roleTerm>
        </role>
         <description>United States Congress Member</description>
    </name>
    <name type="personal">
         <namePart>Mike Thompson</namePart>
         <affiliation>United States House of Representatives</affiliation>
         <role>
              <roleTerm type="text">cosponsor</roleTerm>
        </role>
         <description>United States Congress Member</description>
    </name>
    <name type="corporate">
         <namePart>United States</namePart>
         <namePart>Congress</namePart>
         <namePart>House of Representatives</namePart>
         <namePart>Committee on Natural Resources</namePart>
         <role>
              <roleTerm authority="marcrelator" type="text">associated name</roleTerm>
              <roleTerm authority="marcrelator" type="code">asn</roleTerm>
        </role>
    </name>
    <extension>
         <docClass>hconres</docClass>
         <accessId>BILLS-118hconres69ih</accessId>
         <congress>118</congress>
         <session>1</session>
         <originChamber>HOUSE</originChamber>
         <currentChamber>HOUSE</currentChamber>
         <billNumber>69</billNumber>
         <billVersion reprint="false">ih</billVersion>
         <fileSuffix>ih</fileSuffix>
         <officialTitle>Recognizing the 10th anniversary of the USA Rice-Ducks Unlimited Rice Stewardship Partnership.</officialTitle>
         <action date="2023-09-27">Mr. Crawford (for himself and Mr. Thompson of California) submitted the following concurrent resolution; which was referred to the Committee on Natural Resources</action>
         <congCommittee authorityId="hsii00" chamber="H" congress="118" type="S">
                                
              <name type="authority-standard">Committee on Natural Resources</name>
                                
              <name type="authority-short">Natural Resources</name>
                            
        </congCommittee>
         <congMember bioGuideId="C001087" chamber="H" congress="118" party="R" role="SPONSOR" state="AR">
                                
              <name type="parsed">Mr. Crawford</name>
                                
              <name type="authority-fnf">Eric A. &quot;Rick&quot; Crawford</name>
                                
              <name type="authority-lnf">Crawford, Eric A. &quot;Rick&quot;</name>
                                
              <name type="authority-other">Mr. Eric Crawford</name>
                            
        </congMember>
         <congMember bioGuideId="T000460" chamber="H" congress="118" party="D" role="COSPONSOR" state="CA">
                                
              <name type="parsed">Mr. Thompson of California</name>
                                
              <name type="authority-fnf">Mike Thompson</name>
                                
              <name type="authority-lnf">Thompson, Mike</name>
                            
        </congMember>
         <isPrivate>false</isPrivate>
         <isAppropriation>false</isAppropriation>
    </extension>
</mods>