<?xml version="1.0"?>
<?xml-stylesheet type="text/xsl" href="billres.xsl"?>
<!DOCTYPE resolution PUBLIC "-//US Congress//DTDs/res.dtd//EN" "res.dtd">
<resolution resolution-stage="Introduced-in-House" dms-id="H3275D75C0DDC4202918A094A805AF617" public-private="public" resolution-type="house-joint" star-print="no-star-print" key="H"><metadata xmlns:dc="http://purl.org/dc/elements/1.1/">
<dublinCore>
<dc:title>118 HJ 59 IH: Providing for congressional disapproval under chapter 8 of title 5, United States Code, of the rule submitted by the Department of Labor relating to “Adverse Effect Wage Rate Methodology for the Temporary Employment of H–2A Nonimmigrants in Non-Range Occupations in the United States”.</dc:title>
<dc:publisher>U.S. House of Representatives</dc:publisher>
<dc:date>2023-04-25</dc:date>
<dc:format>text/xml</dc:format>
<dc:language>EN</dc:language>
<dc:rights>Pursuant to Title 17 Section 105 of the United States Code, this file is not subject to copyright protection and is in the public domain.</dc:rights>
</dublinCore>
</metadata>
<form>
<distribution-code display="yes">IA</distribution-code><congress display="yes">118th CONGRESS</congress><session display="yes">1st Session</session><legis-num display="yes">H. J. RES. 59</legis-num><current-chamber>IN THE HOUSE OF REPRESENTATIVES</current-chamber><action display="yes"><action-date date="20230425">April 25, 2023</action-date><action-desc><sponsor name-id="N000190">Mr. Norman</sponsor> (for himself, <cosponsor name-id="T000467">Mr. Thompson of Pennsylvania</cosponsor>, <cosponsor name-id="F000469">Mr. Fulcher</cosponsor>, <cosponsor name-id="W000795">Mr. Wilson of South Carolina</cosponsor>, <cosponsor name-id="D000615">Mr. Duncan</cosponsor>, <cosponsor name-id="D000032">Mr. Donalds</cosponsor>, <cosponsor name-id="L000595">Ms. Letlow</cosponsor>, <cosponsor name-id="N000189">Mr. Newhouse</cosponsor>, <cosponsor name-id="C001087">Mr. Crawford</cosponsor>, <cosponsor name-id="S001148">Mr. Simpson</cosponsor>, <cosponsor name-id="M001212">Mr. Moore of Alabama</cosponsor>, <cosponsor name-id="L000578">Mr. LaMalfa</cosponsor>, <cosponsor name-id="K000388">Mr. Kelly of Mississippi</cosponsor>, <cosponsor name-id="E000235">Mr. Ezell</cosponsor>, <cosponsor name-id="R000603">Mr. Rouzer</cosponsor>, <cosponsor name-id="H001077">Mr. Higgins of Louisiana</cosponsor>, <cosponsor name-id="G000577">Mr. Graves of Louisiana</cosponsor>, <cosponsor name-id="J000304">Mr. Jackson of Texas</cosponsor>, <cosponsor name-id="C001114">Mr. Curtis</cosponsor>, <cosponsor name-id="S001196">Ms. Stefanik</cosponsor>, <cosponsor name-id="G000591">Mr. Guest</cosponsor>, <cosponsor name-id="H001086">Mrs. Harshbarger</cosponsor>, <cosponsor name-id="G000595">Mr. Good of Virginia</cosponsor>, <cosponsor name-id="L000491">Mr. Lucas</cosponsor>, <cosponsor name-id="A000379">Mr. Alford</cosponsor>, <cosponsor name-id="J000301">Mr. Johnson of South Dakota</cosponsor>, <cosponsor name-id="B001275">Mr. Bucshon</cosponsor>, <cosponsor name-id="D000633">Mr. Duarte</cosponsor>, <cosponsor name-id="M001194">Mr. Moolenaar</cosponsor>, <cosponsor name-id="P000615">Mr. Pence</cosponsor>, <cosponsor name-id="W000821">Mr. Westerman</cosponsor>, <cosponsor name-id="S001195">Mr. Smith of Missouri</cosponsor>, <cosponsor name-id="V000129">Mr. Valadao</cosponsor>, <cosponsor name-id="B001307">Mr. Baird</cosponsor>, <cosponsor name-id="B001295">Mr. Bost</cosponsor>, <cosponsor name-id="Y000067">Mr. Yakym</cosponsor>, <cosponsor name-id="A000377">Mr. Armstrong</cosponsor>, <cosponsor name-id="R000612">Mr. Rose</cosponsor>, <cosponsor name-id="S001189">Mr. Austin Scott of Georgia</cosponsor>, <cosponsor name-id="T000480">Mr. Timmons</cosponsor>, <cosponsor name-id="M000871">Mr. Mann</cosponsor>, <cosponsor name-id="C001039">Mrs. Cammack</cosponsor>, <cosponsor name-id="A000372">Mr. Allen</cosponsor>, <cosponsor name-id="D000594">Ms. De La Cruz</cosponsor>, <cosponsor name-id="F000446">Mr. Feenstra</cosponsor>, <cosponsor name-id="F000478">Mr. Fry</cosponsor>, <cosponsor name-id="S001220">Mr. Strong</cosponsor>, <cosponsor name-id="G000579">Mr. Gallagher</cosponsor>, <cosponsor name-id="O000086">Mr. Owens</cosponsor>, <cosponsor name-id="S000168">Ms. Salazar</cosponsor>, <cosponsor name-id="C001118">Mr. Cline</cosponsor>, <cosponsor name-id="F000472">Mr. C. Scott Franklin of Florida</cosponsor>, <cosponsor name-id="C001116">Mr. Clyde</cosponsor>, <cosponsor name-id="M000194">Ms. Mace</cosponsor>, and <cosponsor name-id="G000594">Mr. Tony Gonzales of Texas</cosponsor>) submitted the following joint resolution; which was referred to the <committee-name committee-id="HJU00">Committee on the Judiciary</committee-name></action-desc></action><legis-type>JOINT RESOLUTION</legis-type><official-title display="yes">Providing for congressional disapproval under <external-xref legal-doc="usc-chapter" parsable-cite="usc-chapter/5/8">chapter 8</external-xref> of title 5, United States Code, of the rule submitted by the Department of Labor relating to <quote>Adverse Effect Wage Rate Methodology for the Temporary Employment of H–2A Nonimmigrants in Non-Range Occupations in the United States</quote>.</official-title></form><resolution-body style="traditional" id="HD335F4D1AA804EBEB946F7E5DAE11B09"><section display-inline="yes-display-inline" section-type="undesignated-section" id="HFC085724C6CD490F92B10C0926C40E28"><enum/><text display-inline="yes-display-inline">That Congress disapproves the rule submitted by the Department of Labor relating to <quote>Adverse Effect Wage Rate Methodology for the Temporary Employment of H–2A Nonimmigrants in Non-Range Occupations in the United States</quote> (88 Fed. Reg. 12760 (February 28, 2023)), and such rule shall have no force or effect.</text></section></resolution-body></resolution> 

