<mods xmlns:xlink="http://www.w3.org/1999/xlink" xmlns:xsi="http://www.w3.org/2001/XMLSchema-instance" xmlns="http://www.loc.gov/mods/v3" version="3.3" xsi:schemaLocation="http://www.loc.gov/mods/v3 http://www.loc.gov/standards/mods/v3/mods-3-3.xsd" ID="P0b002ee1c1d68590">
    <name type="corporate">
         <namePart>United States Government Publishing Office</namePart>
         <role>
              <roleTerm authority="marcrelator" type="text">publisher</roleTerm>
              <roleTerm authority="marcrelator" type="code">pbl</roleTerm>
        </role>
         <role>
              <roleTerm authority="marcrelator" type="text">distributor</roleTerm>
              <roleTerm authority="marcrelator" type="code">dst</roleTerm>
        </role>
    </name>
    <name type="corporate">
         <namePart>United States</namePart>
         <namePart>Congress</namePart>
         <namePart>House of Representatives</namePart>
         <role>
              <roleTerm authority="marcrelator" type="text">author</roleTerm>
              <roleTerm authority="marcrelator" type="code">aut</roleTerm>
        </role>
         <description>Government Organization</description>
    </name>
    <typeOfResource>text</typeOfResource>
    <genre authority="marcgt">government publication</genre>
    <language>
         <languageTerm type="code" authority="iso639-2b">eng</languageTerm>
    </language>
    <extension>
         <collectionCode>BILLS</collectionCode>
         <searchTitle>Expressing the sense of Congress to encourage full participation of Taiwan in the Asia-Pacific Economic Cooperation forum.;H. Con. Res. 71 (IH)
    </searchTitle>
         <category>Bills and Statutes</category>
         <waisDatabaseName>118_cong_bills</waisDatabaseName>
         <branch>legislative</branch>
         <dateIngested>2023-10-31</dateIngested>
    </extension>
    <titleInfo>
         <title>Expressing the sense of Congress to encourage full participation of Taiwan in the Asia-Pacific Economic Cooperation forum.</title>
    </titleInfo>
    <titleInfo type="alternative">
         <title>H. Con. Res. 71 (IH)
    </title>
    </titleInfo>
    <originInfo>
         <publisher>U.S. Government Publishing Office</publisher>
         <dateIssued encoding="w3cdtf">2023-10-25</dateIssued>
         <issuance>monographic</issuance>
    </originInfo>
    <physicalDescription>
         <note type="source content type">deposited</note>
         <digitalOrigin>born digital</digitalOrigin>
         <extent>3 p.</extent>
    </physicalDescription>
    <classification authority="sudocs">Y 1.6:</classification>
    <classification authority="sudocs">Y 1.4/9:</classification>
    <identifier type="local">P0b002ee1c1d68590</identifier>
    <identifier type="uri">https://www.govinfo.gov/app/details/BILLS-118hconres71ih</identifier>
    <identifier type="preferred citation">H. Con. Res. 71</identifier>
    <identifier type="stock number">021-610-00252-9</identifier>
    <identifier type="Parent ILS system id">000501532</identifier>
    <identifier type="Child ILS system id">000325575</identifier>
    <identifier type="Parent ILS title">Congressional bills</identifier>
    <identifier type="Child ILS title">House concurrent resolutions</identifier>
    <identifier type="former package identifier">f:hc71_ih.txt</identifier>
    <location>
         <url displayLabel="Content Detail" access="object in context">https://www.govinfo.gov/app/details/BILLS-118hconres71ih</url>
         <url displayLabel="HTML rendition" access="raw object">https://www.govinfo.gov/content/pkg/BILLS-118hconres71ih/html/BILLS-118hconres71ih.htm</url>
         <url displayLabel="PDF rendition" access="raw object">https://www.govinfo.gov/content/pkg/BILLS-118hconres71ih/pdf/BILLS-118hconres71ih.pdf</url>
         <url displayLabel="XML rendition" access="raw object">https://www.govinfo.gov/content/pkg/BILLS-118hconres71ih/xml/BILLS-118hconres71ih.xml</url>
    </location>
    <accessCondition type="GPO scope determination">fdlp</accessCondition>
    <recordInfo>
         <recordContentSource authority="marcorg">DGPO</recordContentSource>
         <recordCreationDate encoding="w3cdtf">2023-10-31</recordCreationDate>
         <recordChangeDate encoding="w3cdtf">2023-10-31</recordChangeDate>
         <recordIdentifier source="DGPO">BILLS-118hconres71ih</recordIdentifier>
         <recordOrigin>machine generated</recordOrigin>
         <languageOfCataloging>
              <languageTerm type="code" authority="iso639-2b">eng</languageTerm>
        </languageOfCataloging>
    </recordInfo>
    <name type="personal">
         <namePart>Lance Gooden</namePart>
         <affiliation>United States House of Representatives</affiliation>
         <role>
              <roleTerm authority="marcrelator" type="text">sponsor</roleTerm>
              <roleTerm authority="marcrelator" type="code">spn</roleTerm>
        </role>
         <description>United States Congress Member</description>
    </name>
    <name type="personal">
         <namePart>Bill Johnson</namePart>
         <affiliation>United States House of Representatives</affiliation>
         <role>
              <roleTerm type="text">cosponsor</roleTerm>
        </role>
         <description>United States Congress Member</description>
    </name>
    <name type="personal">
         <namePart>Thomas P. Tiffany</namePart>
         <affiliation>United States House of Representatives</affiliation>
         <role>
              <roleTerm type="text">cosponsor</roleTerm>
        </role>
         <description>United States Congress Member</description>
    </name>
    <name type="personal">
         <namePart>George Santos</namePart>
         <affiliation>United States House of Representatives</affiliation>
         <role>
              <roleTerm type="text">cosponsor</roleTerm>
        </role>
         <description>United States Congress Member</description>
    </name>
    <name type="personal">
         <namePart>Burgess Owens</namePart>
         <affiliation>United States House of Representatives</affiliation>
         <role>
              <roleTerm type="text">cosponsor</roleTerm>
        </role>
         <description>United States Congress Member</description>
    </name>
    <name type="personal">
         <namePart>Rudy Yakym III</namePart>
         <affiliation>United States House of Representatives</affiliation>
         <role>
              <roleTerm type="text">cosponsor</roleTerm>
        </role>
         <description>United States Congress Member</description>
    </name>
    <name type="personal">
         <namePart>Andrew Ogles</namePart>
         <affiliation>United States House of Representatives</affiliation>
         <role>
              <roleTerm type="text">cosponsor</roleTerm>
        </role>
         <description>United States Congress Member</description>
    </name>
    <name type="personal">
         <namePart>Randy K. Weber, Sr.</namePart>
         <affiliation>United States House of Representatives</affiliation>
         <role>
              <roleTerm type="text">cosponsor</roleTerm>
        </role>
         <description>United States Congress Member</description>
    </name>
    <name type="personal">
         <namePart>Carlos A. Gimenez</namePart>
         <affiliation>United States House of Representatives</affiliation>
         <role>
              <roleTerm type="text">cosponsor</roleTerm>
        </role>
         <description>United States Congress Member</description>
    </name>
    <name type="personal">
         <namePart>Keith Self</namePart>
         <affiliation>United States House of Representatives</affiliation>
         <role>
              <roleTerm type="text">cosponsor</roleTerm>
        </role>
         <description>United States Congress Member</description>
    </name>
    <name type="personal">
         <namePart>Russell Fry</namePart>
         <affiliation>United States House of Representatives</affiliation>
         <role>
              <roleTerm type="text">cosponsor</roleTerm>
        </role>
         <description>United States Congress Member</description>
    </name>
    <name type="personal">
         <namePart>Pat Fallon</namePart>
         <affiliation>United States House of Representatives</affiliation>
         <role>
              <roleTerm type="text">cosponsor</roleTerm>
        </role>
         <description>United States Congress Member</description>
    </name>
    <name type="personal">
         <namePart>Ronny Jackson</namePart>
         <affiliation>United States House of Representatives</affiliation>
         <role>
              <roleTerm type="text">cosponsor</roleTerm>
        </role>
         <description>United States Congress Member</description>
    </name>
    <name type="personal">
         <namePart>Maria Elvira Salazar</namePart>
         <affiliation>United States House of Representatives</affiliation>
         <role>
              <roleTerm type="text">cosponsor</roleTerm>
        </role>
         <description>United States Congress Member</description>
    </name>
    <name type="personal">
         <namePart>Andy Biggs</namePart>
         <affiliation>United States House of Representatives</affiliation>
         <role>
              <roleTerm type="text">cosponsor</roleTerm>
        </role>
         <description>United States Congress Member</description>
    </name>
    <name type="corporate">
         <namePart>United States</namePart>
         <namePart>Congress</namePart>
         <namePart>House of Representatives</namePart>
         <namePart>Committee on Foreign Affairs</namePart>
         <role>
              <roleTerm authority="marcrelator" type="text">associated name</roleTerm>
              <roleTerm authority="marcrelator" type="code">asn</roleTerm>
        </role>
    </name>
    <extension>
         <docClass>hconres</docClass>
         <accessId>BILLS-118hconres71ih</accessId>
         <congress>118</congress>
         <session>1</session>
         <originChamber>HOUSE</originChamber>
         <currentChamber>HOUSE</currentChamber>
         <billNumber>71</billNumber>
         <billVersion reprint="false">ih</billVersion>
         <fileSuffix>ih</fileSuffix>
         <officialTitle>Expressing the sense of Congress to encourage full participation of Taiwan in the Asia-Pacific Economic Cooperation forum.</officialTitle>
         <action date="2023-10-25">Referred to the Committee on Foreign Affairs</action>
         <action date="2023-10-03">Mr. Gooden of Texas (for himself, Mr. Johnson of Ohio, Mr. Tiffany, Mr. Santos, Mr. Owens, Mr. Yakym, Mr. Ogles, Mr. Weber of Texas, Mr. Gimenez, Mr. Self, Mr. Fry, Mr. Fallon, Mr. Jackson of Texas, Ms. Salazar, and Mr. Biggs) submitted the following concurrent resolution</action>
         <congCommittee authorityId="hsfa00" chamber="H" congress="118" type="S">
                                
              <name type="authority-standard">Committee on Foreign Affairs</name>
                                
              <name type="authority-short">Foreign Affairs</name>
                            
        </congCommittee>
         <congMember bioGuideId="G000589" chamber="H" congress="118" party="R" role="SPONSOR" state="TX">
                                
              <name type="parsed">Mr. Gooden of Texas</name>
                                
              <name type="authority-fnf">Lance Gooden</name>
                                
              <name type="authority-lnf">Gooden, Lance</name>
                            
        </congMember>
         <congMember bioGuideId="J000292" chamber="H" congress="118" party="R" role="COSPONSOR" state="OH">
                                
              <name type="parsed">Mr. Johnson of Ohio</name>
                                
              <name type="authority-fnf">Bill Johnson</name>
                                
              <name type="authority-lnf">Johnson, Bill</name>
                            
        </congMember>
         <congMember bioGuideId="T000165" chamber="H" congress="118" party="R" role="COSPONSOR" state="WI">
                                
              <name type="parsed">Mr. Tiffany</name>
                                
              <name type="authority-fnf">Thomas P. Tiffany</name>
                                
              <name type="authority-lnf">Tiffany, Thomas P.</name>
                                
              <name type="authority-other">Thomas Tiffany</name>
                            
        </congMember>
         <congMember bioGuideId="S001222" chamber="H" congress="118" party="R" role="COSPONSOR" state="NY">
                                
              <name type="parsed">Mr. Santos</name>
                                
              <name type="authority-fnf">George Santos</name>
                                
              <name type="authority-lnf">Santos, George</name>
                            
        </congMember>
         <congMember bioGuideId="O000086" chamber="H" congress="118" party="R" role="COSPONSOR" state="UT">
                                
              <name type="parsed">Mr. Owens</name>
                                
              <name type="authority-fnf">Burgess Owens</name>
                                
              <name type="authority-lnf">Owens, Burgess</name>
                            
        </congMember>
         <congMember bioGuideId="Y000067" chamber="H" congress="118" party="R" role="COSPONSOR" state="IN">
                                
              <name type="parsed">Mr. Yakym</name>
                                
              <name type="authority-fnf">Rudy Yakym III</name>
                                
              <name type="authority-lnf">Yakym, Rudy</name>
                                
              <name type="authority-other">Rudy Yakym III</name>
                            
        </congMember>
         <congMember bioGuideId="O000175" chamber="H" congress="118" party="R" role="COSPONSOR" state="TN">
                                
              <name type="parsed">Mr. Ogles</name>
                                
              <name type="authority-fnf">Andrew Ogles</name>
                                
              <name type="authority-lnf">Ogles, Andrew</name>
                            
        </congMember>
         <congMember bioGuideId="W000814" chamber="H" congress="118" party="R" role="COSPONSOR" state="TX">
                                
              <name type="parsed">Mr. Weber of Texas</name>
                                
              <name type="authority-fnf">Randy K. Weber, Sr.</name>
                                
              <name type="authority-lnf">Weber, Randy K., Sr.</name>
                                
              <name type="authority-other">Mr. Randy Weber</name>
                            
        </congMember>
         <congMember bioGuideId="G000593" chamber="H" congress="118" party="R" role="COSPONSOR" state="FL">
                                
              <name type="parsed">Mr. Gimenez</name>
                                
              <name type="authority-fnf">Carlos A. Gimenez</name>
                                
              <name type="authority-lnf">Gimenez, Carlos A.</name>
                                
              <name type="authority-other">Mr. Carlos Gimenez</name>
                            
        </congMember>
         <congMember bioGuideId="S001224" chamber="H" congress="118" party="R" role="COSPONSOR" state="TX">
                                
              <name type="parsed">Mr. Self</name>
                                
              <name type="authority-fnf">Keith Self</name>
                                
              <name type="authority-lnf">Self, Keith</name>
                            
        </congMember>
         <congMember bioGuideId="F000478" chamber="H" congress="118" party="R" role="COSPONSOR" state="SC">
                                
              <name type="parsed">Mr. Fry</name>
                                
              <name type="authority-fnf">Russell Fry</name>
                                
              <name type="authority-lnf">Fry, Russell</name>
                            
        </congMember>
         <congMember bioGuideId="F000246" chamber="H" congress="118" party="R" role="COSPONSOR" state="TX">
                                
              <name type="parsed">Mr. Fallon</name>
                                
              <name type="authority-fnf">Pat Fallon</name>
                                
              <name type="authority-lnf">Fallon, Pat</name>
                            
        </congMember>
         <congMember bioGuideId="J000304" chamber="H" congress="118" party="R" role="COSPONSOR" state="TX">
                                
              <name type="parsed">Mr. Jackson of Texas</name>
                                
              <name type="authority-fnf">Ronny Jackson</name>
                                
              <name type="authority-lnf">Jackson, Ronny</name>
                            
        </congMember>
         <congMember bioGuideId="S000168" chamber="H" congress="118" party="R" role="COSPONSOR" state="FL">
                                
              <name type="parsed">Ms. Salazar</name>
                                
              <name type="authority-fnf">Maria Elvira Salazar</name>
                                
              <name type="authority-lnf">Salazar, Maria Elvira</name>
                                
              <name type="authority-other">Ms. Maria Salazar</name>
                            
        </congMember>
         <congMember bioGuideId="B001302" chamber="H" congress="118" party="R" role="COSPONSOR" state="AZ">
                                
              <name type="parsed">Mr. Biggs</name>
                                
              <name type="authority-fnf">Andy Biggs</name>
                                
              <name type="authority-lnf">Biggs, Andy</name>
                            
        </congMember>
         <isPrivate>false</isPrivate>
         <isAppropriation>false</isAppropriation>
    </extension>
</mods>