<?xml version="1.0"?>
<?xml-stylesheet type="text/xsl" href="billres.xsl"?>
<!DOCTYPE resolution PUBLIC "-//US Congress//DTDs/res.dtd//EN" "res.dtd">
<resolution resolution-stage="Introduced-in-House" dms-id="H569B78E23204462B908C86F66BFA7FDC" public-private="public" resolution-type="house-joint" star-print="no-star-print" key="H"><metadata xmlns:dc="http://purl.org/dc/elements/1.1/">
<dublinCore>
<dc:title>118 HJ 131 IH: Providing for congressional disapproval under chapter 8 of title 5, United States Code, of the rule submitted by the Environmental Protection Agency relating to “Multi-Pollutant Emissions Standards for Model Years 2027 and Later Light-Duty and Medium-Duty Vehicles”.</dc:title>
<dc:publisher>U.S. House of Representatives</dc:publisher>
<dc:date>2024-04-26</dc:date>
<dc:format>text/xml</dc:format>
<dc:language>EN</dc:language>
<dc:rights>Pursuant to Title 17 Section 105 of the United States Code, this file is not subject to copyright protection and is in the public domain.</dc:rights>
</dublinCore>
</metadata>
<form>
<distribution-code display="yes">IA</distribution-code><congress display="yes">118th CONGRESS</congress><session display="yes">2d Session</session><legis-num display="yes">H. J. RES. 131</legis-num><current-chamber>IN THE HOUSE OF REPRESENTATIVES</current-chamber><action display="yes"><action-date date="20240426">April 26, 2024</action-date><action-desc><sponsor name-id="C001116">Mr. Clyde</sponsor> (for himself, <cosponsor name-id="M001195">Mr. Mooney</cosponsor>, <cosponsor name-id="H001095">Mr. Hunt</cosponsor>, <cosponsor name-id="O000175">Mr. Ogles</cosponsor>, <cosponsor name-id="J000304">Mr. Jackson of Texas</cosponsor>, <cosponsor name-id="L000564">Mr. Lamborn</cosponsor>, <cosponsor name-id="R000609">Mr. Rutherford</cosponsor>, <cosponsor name-id="W000823">Mr. Waltz</cosponsor>, <cosponsor name-id="D000032">Mr. Donalds</cosponsor>, <cosponsor name-id="T000478">Ms. Tenney</cosponsor>, <cosponsor name-id="D000616">Mr. DesJarlais</cosponsor>, <cosponsor name-id="G000595">Mr. Good of Virginia</cosponsor>, <cosponsor name-id="G000591">Mr. Guest</cosponsor>, <cosponsor name-id="M000871">Mr. Mann</cosponsor>, <cosponsor name-id="M001211">Mrs. Miller of Illinois</cosponsor>, <cosponsor name-id="O000019">Mr. Obernolte</cosponsor>, <cosponsor name-id="R000103">Mr. Rosendale</cosponsor>, <cosponsor name-id="G000576">Mr. Grothman</cosponsor>, <cosponsor name-id="G000589">Mr. Gooden of Texas</cosponsor>, <cosponsor name-id="B000825">Ms. Boebert</cosponsor>, <cosponsor name-id="B001316">Mr. Burlison</cosponsor>, <cosponsor name-id="L000578">Mr. LaMalfa</cosponsor>, <cosponsor name-id="E000298">Mr. Estes</cosponsor>, <cosponsor name-id="N000190">Mr. Norman</cosponsor>, <cosponsor name-id="H001052">Mr. Harris</cosponsor>, <cosponsor name-id="M001224">Mr. Moran</cosponsor>, <cosponsor name-id="S000250">Mr. Sessions</cosponsor>, <cosponsor name-id="M001218">Mr. McCormick</cosponsor>, <cosponsor name-id="R000614">Mr. Roy</cosponsor>, <cosponsor name-id="C001132">Mr. Crane</cosponsor>, and <cosponsor name-id="L000583">Mr. Loudermilk</cosponsor>) submitted the following joint resolution; which was referred to the <committee-name committee-id="HIF00">Committee on Energy and Commerce</committee-name></action-desc></action><legis-type>JOINT RESOLUTION</legis-type><official-title display="yes">Providing for congressional disapproval under <external-xref legal-doc="usc-chapter" parsable-cite="usc-chapter/5/8">chapter 8</external-xref> of title 5, United States Code, of the rule submitted by the Environmental Protection Agency relating to <quote>Multi-Pollutant Emissions Standards for Model Years 2027 and Later Light-Duty and Medium-Duty Vehicles</quote>.</official-title></form><resolution-body style="traditional" id="H314A93BE8E994F9DAA07FE3D7894E051"> 
<section display-inline="yes-display-inline" section-type="undesignated-section" id="HB31AFD9604F9452F96EC98817E1627BB"><text display-inline="yes-display-inline">That Congress disapproves the rule submitted by the Environmental Protection Agency relating to <quote>Multi-Pollutant Emissions Standards for Model Years 2027 and Later Light-Duty and Medium-Duty Vehicles</quote> (89 Fed. Reg. 27842 (April 18, 2024)), and such rule shall have no force or effect.</text></section> </resolution-body></resolution>

