<?xml version="1.0" encoding="UTF-8" standalone="no"?><?xml-stylesheet type="text/css" href="uslm.css"?><resolution xmlns="http://schemas.gpo.gov/xml/uslm" xmlns:dc="http://purl.org/dc/elements/1.1/" xmlns:xsi="http://www.w3.org/2001/XMLSchema-instance" xml:lang="en" xsi:schemaLocation="http://schemas.gpo.gov/xml/uslm https://www.govinfo.gov/schemas/xml/uslm/uslm-2.0.12.xsd">
<!--Disclaimer: Legislative measures that include compacts or other non-standard data structures will require additional modeling and may contain inconsistencies in the converted USLM XML.-->
<meta><dc:title>118 HCONRES 35 ENR: Concurrent Resolution</dc:title>
<dc:type>House Concurrent Resolution</dc:type><docNumber>35</docNumber><citableAs>118 HCONRES 35 ENR</citableAs>
<citableAs>118hconres35enr</citableAs>
<citableAs>118 H. Con. Res. 35 ENR</citableAs>
<dc:creator>United States House of Representatives</dc:creator><dc:publisher>United States Government Publishing Office</dc:publisher><dc:format>text/xml</dc:format><dc:language>EN</dc:language><dc:rights>Pursuant to Title 17 Section 105 of the United States Code, this file is not subject to copyright protection and is in the public domain.</dc:rights><docStage>ENR</docStage>
<processedBy>GPO Locator to USLM Converter 3.11.8;Stage2.20230403</processedBy><processedDate>2023-05-16</processedDate>
<congress>118</congress><session>1</session><publicPrivate>public</publicPrivate>
</meta>
<preface><dc:type>H. CON. RES.</dc:type><docNumber>35</docNumber>
<action>
<actionDescription>Agreed to</actionDescription>
<date date="2023-05-11">May 11, 2023</date>
</action>
<congress style="-uslm-lc:I665502" value="118">One Hundred Eighteenth Congress of the United States of America</congress><session style="-uslm-lc:I665503" value="1">A T T  H  E F  I  R  S  T S  E  S  S  I  O  N</session>
<enrolledDateline style="-uslm-lc:I665504">Begun and held at the City of Washington on Tuesday, the third day of January, two thousand and twenty-three</enrolledDateline>
</preface>
<main>
<longTitle>
<docTitle class="centered fontsize18" style="-uslm-lc:I665505">Concurrent Resolution</docTitle>
</longTitle>
<resolvingClause class="indentUp0 firstIndent1 fontsize10" style="-uslm-lc:I650120">  Resolved by the House of Representatives (the Senate concurring),</resolvingClause>
<section id="d52e66" identifier="/us/resolution/118/hconres/35/s1" style="-uslm-lc:I650172"><num value="1">SECTION 1. </num><heading>USE OF EMANCIPATION HALL FOR EVENT TO CELEBRATE A KING KAMEHAMEHA DAY LEI DRAPING CEREMONY.</heading><subsection class="indentUp0 firstIndent1 fontsize10" id="d52e70" identifier="/us/resolution/118/hconres/35/s1/a" style="-uslm-lc:I650120"><num style="-uslm-lc:emspace2" value="a">(a) </num><heading><inline class="smallCaps">Authorization</inline>.—</heading><content>Emancipation Hall in the Capitol Visitor Center is authorized to be used on June 11, 2023, for an event to celebrate a King Kamehameha Day Lei Draping Ceremony.</content></subsection><subsection class="indentUp0 firstIndent1 fontsize10" id="d52e78" identifier="/us/resolution/118/hconres/35/s1/b" style="-uslm-lc:I650120"><num style="-uslm-lc:emspace2" value="b">(b) </num><heading><inline class="smallCaps">Preparations</inline>.—</heading><content>Physical preparations for the conduct of the event described in subsection (a) shall be carried out in accordance with such conditions as may be prescribed by the Architect of the Capitol.</content></subsection></section>
</main>
<signatures>
<signature><notation style="-uslm-lc:I650113" type="attestation">Attest:</notation><role style="-uslm-lc:I650114">Clerk of the House of Representatives.<?GPOvSpace 12?></role></signature>
<signature><notation style="-uslm-lc:I650113" type="attestation">Attest:</notation><role style="-uslm-lc:I650114">Secretary of the Senate.</role></signature>
</signatures>
</resolution>