<?xml version="1.0"?>
<?xml-stylesheet type="text/xsl" href="billres.xsl"?>
<!DOCTYPE resolution PUBLIC "-//US Congress//DTDs/res.dtd//EN" "res.dtd">
<resolution resolution-stage="Introduced-in-House" dms-id="HE92D8D7980CF4A7A813AEA1AE17921C2" public-private="public" resolution-type="house-joint" star-print="no-star-print" key="H"><metadata xmlns:dc="http://purl.org/dc/elements/1.1/">
<dublinCore>
<dc:title>118 HJ 124 IH: Providing for congressional disapproval under chapter 8 of title 5, United States Code, of the rule submitted by the Office of the Comptroller of the Currency relating to “Principles for Climate-Related Financial Risk Management for Large Financial Institutions”.</dc:title>
<dc:publisher>U.S. House of Representatives</dc:publisher>
<dc:date>2024-04-05</dc:date>
<dc:format>text/xml</dc:format>
<dc:language>EN</dc:language>
<dc:rights>Pursuant to Title 17 Section 105 of the United States Code, this file is not subject to copyright protection and is in the public domain.</dc:rights>
</dublinCore>
</metadata>
<form>
<distribution-code display="yes">IA</distribution-code><congress display="yes">118th CONGRESS</congress><session display="yes">2d Session</session><legis-num display="yes">H. J. RES. 124</legis-num><current-chamber>IN THE HOUSE OF REPRESENTATIVES</current-chamber><action display="yes"><action-date date="20240405">April 5, 2024</action-date><action-desc><sponsor name-id="D000032">Mr. Donalds</sponsor> (for himself, <cosponsor name-id="N000026">Mr. Nehls</cosponsor>, <cosponsor name-id="P000605">Mr. Perry</cosponsor>, <cosponsor name-id="O000175">Mr. Ogles</cosponsor>, <cosponsor name-id="W000814">Mr. Weber of Texas</cosponsor>, <cosponsor name-id="B001302">Mr. Biggs</cosponsor>, <cosponsor name-id="M001204">Mr. Meuser</cosponsor>, and <cosponsor name-id="H001058">Mr. Huizenga</cosponsor>) submitted the following joint resolution; which was referred to the <committee-name committee-id="HBA00">Committee on Financial Services</committee-name></action-desc></action><legis-type>JOINT RESOLUTION</legis-type><official-title display="yes">Providing for congressional disapproval under <external-xref legal-doc="usc-chapter" parsable-cite="usc-chapter/5/8">chapter 8</external-xref> of title 5, United States Code, of the rule submitted by the Office of the Comptroller of the Currency relating to <quote>Principles for Climate-Related Financial Risk Management for Large Financial Institutions</quote>.</official-title></form><resolution-body style="traditional" id="H380699564399425386424E24C5D6CC4B"> 
<section display-inline="yes-display-inline" section-type="undesignated-section" id="H3E28E4363968483EBE8AA2A2B48C52EE"><text display-inline="yes-display-inline">That Congress disapproves the rule submitted by the Office of the Comptroller of the Currency relating to <quote>Principles for Climate-Related Financial Risk Management for Large Financial Institutions</quote> (88 Fed. Reg. 74183; published October 30, 2023), and such rule shall have no force or effect.</text></section> </resolution-body></resolution>

