<?xml version="1.0"?>
<?xml-stylesheet type="text/xsl" href="billres.xsl"?>
<!DOCTYPE resolution PUBLIC "-//US Congress//DTDs/res.dtd//EN" "res.dtd">
<resolution resolution-stage="Introduced-in-House" dms-id="H17276C0D2B354A768B5B2283F871990C" public-private="public" resolution-type="house-concurrent" star-print="no-star-print" key="H"><metadata xmlns:dc="http://purl.org/dc/elements/1.1/">
<dublinCore>
<dc:title>118 HCON 50 IH: Expressing congressional disapproval of the actions taken by Dictator President Guillermo Lasso of Ecuador for dissolving the National Assembly and silencing the voice of his opposition in an effort to evade impeachment.</dc:title>
<dc:publisher>U.S. House of Representatives</dc:publisher>
<dc:date>2023-05-25</dc:date>
<dc:format>text/xml</dc:format>
<dc:language>EN</dc:language>
<dc:rights>Pursuant to Title 17 Section 105 of the United States Code, this file is not subject to copyright protection and is in the public domain.</dc:rights>
</dublinCore>
</metadata>
<form>
<distribution-code display="yes">IV</distribution-code><congress display="yes">118th CONGRESS</congress><session display="yes">1st Session</session><legis-num display="yes">H. CON. RES. 50</legis-num><current-chamber>IN THE HOUSE OF REPRESENTATIVES</current-chamber><action display="yes"><action-date date="20230525">May 25, 2023</action-date><action-desc><sponsor name-id="S001222">Mr. Santos</sponsor> submitted the following concurrent resolution; which was referred to the <committee-name committee-id="HFA00">Committee on Foreign Affairs</committee-name></action-desc></action><legis-type>CONCURRENT RESOLUTION</legis-type><official-title display="yes">Expressing congressional disapproval of the actions taken by Dictator President Guillermo Lasso of Ecuador for dissolving the National Assembly and silencing the voice of his opposition in an effort to evade impeachment.</official-title></form><preamble><whereas><text>Whereas Congress disapproves of the actions taken by Dictator President Guillermo Lasso of Ecuador for dissolving the National Assembly, silencing the voice of his opposition in an effort to evade impeachment;</text></whereas><whereas><text>Whereas it is the opinion of Congress that this action to silence the will of the most populous branch of the Government of Ecuador should be disapproved and condemned; and</text></whereas><whereas><text>Whereas Congress condemns the horrors of socialism, totalitarianism, and dictatorships everywhere: Now, therefore, be it</text></whereas></preamble><resolution-body style="OLC" id="HCC202562859848298121C43B99B0D4B1"><section id="H8234C3E858D841AB828A68AAD449135E" display-inline="yes-display-inline" section-type="undesignated-section"><text display-inline="yes-display-inline">That Congress disapproves of the actions taken by Dictator President Guillermo Lasso of Ecuador for dissolving the National Assembly and silencing the voice of his opposition in an effort to evade impeachment. </text></section></resolution-body></resolution> 

