<mods xmlns:xlink="http://www.w3.org/1999/xlink" xmlns:xsi="http://www.w3.org/2001/XMLSchema-instance" xmlns="http://www.loc.gov/mods/v3" version="3.3" xsi:schemaLocation="http://www.loc.gov/mods/v3 http://www.loc.gov/standards/mods/v3/mods-3-3.xsd" ID="P0b002ee1bd22a909">
    <name type="corporate">
         <namePart>United States Government Publishing Office</namePart>
         <role>
              <roleTerm authority="marcrelator" type="text">publisher</roleTerm>
              <roleTerm authority="marcrelator" type="code">pbl</roleTerm>
        </role>
         <role>
              <roleTerm authority="marcrelator" type="text">distributor</roleTerm>
              <roleTerm authority="marcrelator" type="code">dst</roleTerm>
        </role>
    </name>
    <name type="corporate">
         <namePart>United States</namePart>
         <namePart>Congress</namePart>
         <namePart>House of Representatives</namePart>
         <role>
              <roleTerm authority="marcrelator" type="text">author</roleTerm>
              <roleTerm authority="marcrelator" type="code">aut</roleTerm>
        </role>
         <description>Government Organization</description>
    </name>
    <typeOfResource>text</typeOfResource>
    <genre authority="marcgt">government publication</genre>
    <language>
         <languageTerm type="code" authority="iso639-2b">eng</languageTerm>
    </language>
    <extension>
         <collectionCode>BILLS</collectionCode>
         <searchTitle>To repeal and replace the Authorization for Use of Military Force.;Authorization for Use of Military Force Resolution of 2023;H.J. Res. 52 (IH)
    </searchTitle>
         <category>Bills and Statutes</category>
         <waisDatabaseName>118_cong_bills</waisDatabaseName>
         <branch>legislative</branch>
         <dateIngested>2023-04-07</dateIngested>
    </extension>
    <titleInfo>
         <title>To repeal and replace the Authorization for Use of Military Force.</title>
    </titleInfo>
    <titleInfo type="alternative">
         <title>Authorization for Use of Military Force Resolution of 2023</title>
    </titleInfo>
    <titleInfo type="alternative">
         <title>H.J. Res. 52 (IH)
    </title>
    </titleInfo>
    <originInfo>
         <publisher>U.S. Government Publishing Office</publisher>
         <dateIssued encoding="w3cdtf">2023-04-06</dateIssued>
         <issuance>monographic</issuance>
    </originInfo>
    <physicalDescription>
         <note type="source content type">deposited</note>
         <digitalOrigin>born digital</digitalOrigin>
         <extent>17 p.</extent>
    </physicalDescription>
    <classification authority="sudocs">Y 1.6:</classification>
    <classification authority="sudocs">Y 1.4/8:</classification>
    <identifier type="local">P0b002ee1bd22a909</identifier>
    <identifier type="uri">https://www.govinfo.gov/app/details/BILLS-118hjres52ih</identifier>
    <identifier type="preferred citation">H.J. Res. 52</identifier>
    <identifier type="stock number">021-610-00252-9</identifier>
    <identifier type="Parent ILS system id">000501532</identifier>
    <identifier type="Child ILS system id">000325570</identifier>
    <identifier type="Parent ILS title">Congressional bills</identifier>
    <identifier type="Child ILS title">House joint resolutions</identifier>
    <identifier type="former package identifier">f:hj52_ih.txt</identifier>
    <location>
         <url displayLabel="Content Detail" access="object in context">https://www.govinfo.gov/app/details/BILLS-118hjres52ih</url>
         <url displayLabel="HTML rendition" access="raw object">https://www.govinfo.gov/content/pkg/BILLS-118hjres52ih/html/BILLS-118hjres52ih.htm</url>
         <url displayLabel="PDF rendition" access="raw object">https://www.govinfo.gov/content/pkg/BILLS-118hjres52ih/pdf/BILLS-118hjres52ih.pdf</url>
         <url displayLabel="XML rendition" access="raw object">https://www.govinfo.gov/content/pkg/BILLS-118hjres52ih/xml/BILLS-118hjres52ih.xml</url>
    </location>
    <accessCondition type="GPO scope determination">fdlp</accessCondition>
    <recordInfo>
         <recordContentSource authority="marcorg">DGPO</recordContentSource>
         <recordCreationDate encoding="w3cdtf">2023-04-07</recordCreationDate>
         <recordChangeDate encoding="w3cdtf">2024-05-16</recordChangeDate>
         <recordIdentifier source="DGPO">BILLS-118hjres52ih</recordIdentifier>
         <recordOrigin>machine generated</recordOrigin>
         <languageOfCataloging>
              <languageTerm type="code" authority="iso639-2b">eng</languageTerm>
        </languageOfCataloging>
    </recordInfo>
    <name type="personal">
         <namePart>Gregory W. Meeks</namePart>
         <affiliation>United States House of Representatives</affiliation>
         <role>
              <roleTerm authority="marcrelator" type="text">sponsor</roleTerm>
              <roleTerm authority="marcrelator" type="code">spn</roleTerm>
        </role>
         <description>United States Congress Member</description>
    </name>
    <name type="personal">
         <namePart>Andy Kim</namePart>
         <affiliation>United States House of Representatives</affiliation>
         <role>
              <roleTerm type="text">cosponsor</roleTerm>
        </role>
         <description>United States Congress Member</description>
    </name>
    <name type="personal">
         <namePart>Ann M. Kuster</namePart>
         <affiliation>United States House of Representatives</affiliation>
         <role>
              <roleTerm type="text">cosponsor</roleTerm>
        </role>
         <description>United States Congress Member</description>
    </name>
    <name type="personal">
         <namePart>Madeleine Dean</namePart>
         <affiliation>United States House of Representatives</affiliation>
         <role>
              <roleTerm type="text">cosponsor</roleTerm>
        </role>
         <description>United States Congress Member</description>
    </name>
    <name type="personal">
         <namePart>Colin Z. Allred</namePart>
         <affiliation>United States House of Representatives</affiliation>
         <role>
              <roleTerm type="text">cosponsor</roleTerm>
        </role>
         <description>United States Congress Member</description>
    </name>
    <name type="personal">
         <namePart>Dean Phillips</namePart>
         <affiliation>United States House of Representatives</affiliation>
         <role>
              <roleTerm type="text">cosponsor</roleTerm>
        </role>
         <description>United States Congress Member</description>
    </name>
    <name type="personal">
         <namePart>Jason Crow</namePart>
         <affiliation>United States House of Representatives</affiliation>
         <role>
              <roleTerm type="text">cosponsor</roleTerm>
        </role>
         <description>United States Congress Member</description>
    </name>
    <name type="personal">
         <namePart>Andre Carson</namePart>
         <affiliation>United States House of Representatives</affiliation>
         <role>
              <roleTerm type="text">cosponsor</roleTerm>
        </role>
         <description>United States Congress Member</description>
    </name>
    <name type="corporate">
         <namePart>United States</namePart>
         <namePart>Congress</namePart>
         <namePart>House of Representatives</namePart>
         <namePart>Permanent Select Committee on Intelligence</namePart>
         <role>
              <roleTerm authority="marcrelator" type="text">associated name</roleTerm>
              <roleTerm authority="marcrelator" type="code">asn</roleTerm>
        </role>
    </name>
    <name type="corporate">
         <namePart>United States</namePart>
         <namePart>Congress</namePart>
         <namePart>House of Representatives</namePart>
         <namePart>Committee on Armed Services</namePart>
         <role>
              <roleTerm authority="marcrelator" type="text">associated name</roleTerm>
              <roleTerm authority="marcrelator" type="code">asn</roleTerm>
        </role>
    </name>
    <name type="corporate">
         <namePart>United States</namePart>
         <namePart>Congress</namePart>
         <namePart>House of Representatives</namePart>
         <namePart>Committee on Foreign Affairs</namePart>
         <role>
              <roleTerm authority="marcrelator" type="text">associated name</roleTerm>
              <roleTerm authority="marcrelator" type="code">asn</roleTerm>
        </role>
    </name>
    <relatedItem type="isReferencedBy">
         <titleInfo>
              <title>United States Code</title>
              <partNumber>Title 10 Section 130f</partNumber>
              <partNumber>Title 10 Section 395</partNumber>
        </titleInfo>
         <identifier type="USC citation">10 U.S.C. 130f</identifier>
         <identifier type="USC citation">10 U.S.C. 395</identifier>
    </relatedItem>
    <relatedItem type="isReferencedBy">
         <titleInfo>
              <title>United States Code</title>
              <partNumber>Title 50 Section 1541et seq.</partNumber>
              <partNumber>Title 50 Section 1541note</partNumber>
              <partNumber>Title 50 Section 1544(b)</partNumber>
              <partNumber>Title 50 Section 1547(a)(1)</partNumber>
        </titleInfo>
         <identifier type="USC citation">50 U.S.C. 1541et seq.</identifier>
         <identifier type="USC citation">50 U.S.C. 1541note</identifier>
         <identifier type="USC citation">50 U.S.C. 1544(b)</identifier>
         <identifier type="USC citation">50 U.S.C. 1547(a)(1)</identifier>
    </relatedItem>
    <relatedItem type="isReferencedBy">
         <titleInfo>
              <title>United States Statutes at Large</title>
              <partNumber>Volume 115 Page 224</partNumber>
        </titleInfo>
         <identifier type="Statute citation">115 Stat. 224</identifier>
    </relatedItem>
    <relatedItem type="isReferencedBy">
         <titleInfo>
              <title>United States Public Law 40 (107th Congress)</title>
        </titleInfo>
         <identifier type="public law citation">Public Law 107-40</identifier>
         <identifier type="public law citation">Public Law No 107-40</identifier>
    </relatedItem>
    <extension>
         <docClass>hjres</docClass>
         <accessId>BILLS-118hjres52ih</accessId>
         <congress>118</congress>
         <session>1</session>
         <originChamber>HOUSE</originChamber>
         <currentChamber>HOUSE</currentChamber>
         <billNumber>52</billNumber>
         <billVersion reprint="false">ih</billVersion>
         <fileSuffix>ih</fileSuffix>
         <shortTitle type="measure">Authorization for Use of Military Force Resolution of 2023</shortTitle>
         <officialTitle>To repeal and replace the Authorization for Use of Military Force.</officialTitle>
         <action date="2023-04-06">Mr. Meeks (for himself, Mr. Kim of New Jersey, Ms. Kuster, Ms. Dean of Pennsylvania, Mr. Allred, Mr. Phillips, Mr. Crow, and Mr. Carson) submitted the following joint resolution; which was referred to the Committee on Foreign Affairs, and in addition to the Committees on Armed Services, and Intelligence (Permanent Select), for a period to be subsequently determined by the Speaker, in each case for consideration of such provisions as fall within the jurisdiction of the committee concerned</action>
         <congCommittee authorityId="hlig00" chamber="H" congress="118" type="L">
                                
              <name type="authority-standard">Permanent Select Committee on Intelligence</name>
                                
              <name type="authority-short">Intelligence (Permanent Select)</name>
                            
        </congCommittee>
         <congCommittee authorityId="hsas00" chamber="H" congress="118" type="S">
                                
              <name type="authority-standard">Committee on Armed Services</name>
                                
              <name type="authority-short">Armed Services</name>
                            
        </congCommittee>
         <congCommittee authorityId="hsfa00" chamber="H" congress="118" type="S">
                                
              <name type="authority-standard">Committee on Foreign Affairs</name>
                                
              <name type="authority-short">Foreign Affairs</name>
                            
        </congCommittee>
         <congMember bioGuideId="M001137" chamber="H" congress="118" party="D" role="SPONSOR" state="NY">
                                
              <name type="parsed">Mr. Meeks</name>
                                
              <name type="authority-fnf">Gregory W. Meeks</name>
                                
              <name type="authority-lnf">Meeks, Gregory W.</name>
                                
              <name type="authority-other">Mr. Gregory Meeks</name>
                            
        </congMember>
         <congMember bioGuideId="K000394" chamber="H" congress="118" party="D" role="COSPONSOR" state="NJ">
                                
              <name type="parsed">Mr. Kim of New Jersey</name>
                                
              <name type="authority-fnf">Andy Kim</name>
                                
              <name type="authority-lnf">Kim, Andy</name>
                            
        </congMember>
         <congMember bioGuideId="K000382" chamber="H" congress="118" party="D" role="COSPONSOR" state="NH">
                                
              <name type="parsed">Ms. Kuster</name>
                                
              <name type="authority-fnf">Ann M. Kuster</name>
                                
              <name type="authority-lnf">Kuster, Ann M.</name>
                                
              <name type="authority-other">Ms. Ann Kuster</name>
                            
        </congMember>
         <congMember bioGuideId="D000631" chamber="H" congress="118" party="D" role="COSPONSOR" state="PA">
                                
              <name type="parsed">Ms. Dean of Pennsylvania</name>
                                
              <name type="authority-fnf">Madeleine Dean</name>
                                
              <name type="authority-lnf">Dean, Madeleine</name>
                            
        </congMember>
         <congMember bioGuideId="A000376" chamber="H" congress="118" party="D" role="COSPONSOR" state="TX">
                                
              <name type="parsed">Mr. Allred</name>
                                
              <name type="authority-fnf">Colin Z. Allred</name>
                                
              <name type="authority-lnf">Allred, Colin Z.</name>
                                
              <name type="authority-other">Mr. Colin Allred</name>
                            
        </congMember>
         <congMember bioGuideId="P000616" chamber="H" congress="118" party="D" role="COSPONSOR" state="MN">
                                
              <name type="parsed">Mr. Phillips</name>
                                
              <name type="authority-fnf">Dean Phillips</name>
                                
              <name type="authority-lnf">Phillips, Dean</name>
                            
        </congMember>
         <congMember bioGuideId="C001121" chamber="H" congress="118" party="D" role="COSPONSOR" state="CO">
                                
              <name type="parsed">Mr. Crow</name>
                                
              <name type="authority-fnf">Jason Crow</name>
                                
              <name type="authority-lnf">Crow, Jason</name>
                            
        </congMember>
         <congMember bioGuideId="C001072" chamber="H" congress="118" party="D" role="COSPONSOR" state="IN">
                                
              <name type="parsed">Mr. Carson</name>
                                
              <name type="authority-fnf">Andre Carson</name>
                                
              <name type="authority-lnf">Carson, Andre</name>
                            
        </congMember>
         <law congress="107" isPrivate="false" number="40"></law>
         <isPrivate>false</isPrivate>
         <isAppropriation>false</isAppropriation>
         <USCode title="10">
                                
              <section number="130f"></section>
                                
              <section number="395"></section>
                            
        </USCode>
         <USCode title="50">
                                
              <section detail="et seq." number="1541"></section>
                                
              <section detail="note" number="1541"></section>
                                
              <section detail="(b)" number="1544"></section>
                                
              <section detail="(a)(1)" number="1547"></section>
                            
        </USCode>
         <statuteAtLarge volume="115">
                                
              <pages pages="224"></pages>
                            
        </statuteAtLarge>
    </extension>
</mods>